NOTICE: file </mnt/user/appdata/wow-server/Zeppelin-Core/conf/config.sh> not found, we use default configuration only.
+ docker compose build
#1 [internal] load local bake definitions
#1 reading from stdin 2.70kB done
#1 DONE 0.0s

#2 [ac-authserver internal] load build definition from Dockerfile
#2 transferring dockerfile: 8.37kB 0.0s done
#2 transferring dockerfile: 8.37kB 0.0s done
#2 DONE 0.2s

#3 [ac-db-import internal] load metadata for docker.io/library/ubuntu:22.04
#3 DONE 12.1s

#4 [ac-client-data-init internal] load .dockerignore
#4 transferring context: 261B 0.0s done
#4 DONE 0.1s

#5 [ac-db-import skeleton 1/4] FROM docker.io/library/ubuntu:22.04@sha256:3ba65aa20f86a0fad9df2b2c259c613df006b2e6d0bfcc8a146afb8c525a9751
#5 DONE 0.0s

#6 [ac-authserver internal] load build context
#6 ...

#7 [ac-client-data-init internal] load build context
#7 transferring context: 584.40kB 0.1s done
#7 DONE 0.3s

#6 [ac-authserver internal] load build context
#6 ...

#8 [ac-client-data-init skeleton 4/4] WORKDIR /azerothcore
#8 CACHED

#9 [ac-client-data-init client-data 1/2] RUN apt-get update &&     apt-get install -y curl unzip &&     rm -rf /var/lib/apt/lists/*
#9 CACHED

#10 [ac-client-data-init skeleton 2/4] RUN mkdir -pv         /azerothcore/bin                           /azerothcore/data                          /azerothcore/deps                          /azerothcore/env/dist/bin                  /azerothcore/env/dist/data/Cameras         /azerothcore/env/dist/data/dbc             /azerothcore/env/dist/data/maps            /azerothcore/env/dist/data/mmaps           /azerothcore/env/dist/data/vmaps           /azerothcore/env/dist/logs                 /azerothcore/env/dist/temp                 /azerothcore/env/dist/etc                  /azerothcore/modules                       /azerothcore/src                           /azerothcore/build
#10 CACHED

#11 [ac-client-data-init skeleton 3/4] RUN apt-get update                                                           && apt-get install -y --no-install-recommends tzdata ca-certificates     && ln -snf "/usr/share/zoneinfo/Australia/Perth" /etc/localtime                      && echo "Australia/Perth" > /etc/timezone                                              && dpkg-reconfigure --frontend noninteractive tzdata                     && rm -rf /var/lib/apt/lists/*
#11 CACHED

#12 [ac-client-data-init client-data 2/2] COPY --chown=: apps apps
#12 CACHED

#13 [ac-client-data-init] exporting to image
#13 exporting layers done
#13 writing image sha256:44f386663f4418bbf3d741ad385fec81d87664d072ab313a45618669bb220f68 done
#13 naming to docker.io/acore/ac-wotlk-client-data:master done
#13 DONE 0.0s

#6 [ac-authserver internal] load build context
#6 ...

#14 [ac-client-data-init] resolving provenance for metadata file
#14 DONE 0.0s

#6 [ac-authserver internal] load build context
#6 transferring context: 216.40MB 5.2s
#6 ...

#15 [ac-db-import internal] load build context
#15 ...

#6 [ac-authserver internal] load build context
#6 transferring context: 677.22MB 10.2s
#6 transferring context: 1.31GB 15.2s
#6 ...

#15 [ac-db-import internal] load build context
#15 transferring context: 2.16GB 20.3s
#15 ...

#6 [ac-authserver internal] load build context
#6 transferring context: 2.87GB 25.2s
#6 transferring context: 3.33GB 30.3s
#6 ...

#15 [ac-db-import internal] load build context
#15 ...

#6 [ac-authserver internal] load build context
#6 transferring context: 3.39GB 35.3s
#6 transferring context: 3.41GB 38.0s done
#6 DONE 38.6s

#15 [ac-db-import internal] load build context
#15 ...

#16 [ac-authserver build 3/8] COPY conf /azerothcore/conf
#16 CACHED

#10 [ac-authserver skeleton 2/4] RUN mkdir -pv         /azerothcore/bin                           /azerothcore/data                          /azerothcore/deps                          /azerothcore/env/dist/bin                  /azerothcore/env/dist/data/Cameras         /azerothcore/env/dist/data/dbc             /azerothcore/env/dist/data/maps            /azerothcore/env/dist/data/mmaps           /azerothcore/env/dist/data/vmaps           /azerothcore/env/dist/logs                 /azerothcore/env/dist/temp                 /azerothcore/env/dist/etc                  /azerothcore/modules                       /azerothcore/src                           /azerothcore/build
#10 CACHED

#8 [ac-authserver skeleton 4/4] WORKDIR /azerothcore
#8 CACHED

#17 [ac-authserver build 2/8] COPY CMakeLists.txt /azerothcore/CMakeLists.txt
#17 CACHED

#11 [ac-authserver skeleton 3/4] RUN apt-get update                                                           && apt-get install -y --no-install-recommends tzdata ca-certificates     && ln -snf "/usr/share/zoneinfo/Australia/Perth" /etc/localtime                      && echo "Australia/Perth" > /etc/timezone                                              && dpkg-reconfigure --frontend noninteractive tzdata                     && rm -rf /var/lib/apt/lists/*
#11 CACHED

#18 [ac-authserver build 1/8] RUN apt-get update                                                         && apt-get install -y --no-install-recommends                                 build-essential ccache libtool cmake-data make cmake clang            git lsb-base curl unzip default-mysql-client openssl                          default-libmysqlclient-dev libboost-all-dev libssl-dev libmysql++-dev         libreadline-dev zlib1g-dev libbz2-dev libncurses5-dev             && rm -rf /var/lib/apt/lists/*
#18 CACHED

#15 [ac-db-import internal] load build context
#15 ...

#19 [ac-worldserver build 5/8] COPY src /azerothcore/src
#19 ...

#20 [ac-authserver build 4/8] COPY deps /azerothcore/deps
#20 CACHED

#19 [ac-authserver build 5/8] COPY src /azerothcore/src
#19 DONE 1.3s

#21 [ac-authserver build 6/8] COPY modules /azerothcore/modules
#21 DONE 1.1s

#22 [ac-worldserver build 7/8] WORKDIR /azerothcore/build
#22 DONE 0.2s

#23 [ac-worldserver build 8/8] RUN --mount=type=cache,target=/ccache,sharing=locked     --mount=type=bind,target=/azerothcore/.git,source=.git     git config --global --add safe.directory /azerothcore     && cmake /azerothcore        -DCMAKE_INSTALL_PREFIX="/azerothcore/env/dist"         -DAPPS_BUILD="all"                                     -DTOOLS_BUILD="all"                          -DSCRIPTS="static"                                  -DMODULES="static"                                  -DWITH_WARNINGS="ON"                      -DCMAKE_BUILD_TYPE="RelWithDebInfo"                            -DCMAKE_CXX_COMPILER="clang++"                         -DCMAKE_C_COMPILER="clang"                             -DCMAKE_CXX_COMPILER_LAUNCHER="ccache"                 -DCMAKE_C_COMPILER_LAUNCHER="ccache"                   -DBoost_USE_STATIC_LIBS="ON"                        && cmake --build . --config "RelWithDebInfo" -j $(($(nproc) + 1))     && cmake --install . --config "RelWithDebInfo"
#23 1.430 -- CMake version: 3.22.1
#23 2.070 -- The CXX compiler identification is Clang 14.0.0
#23 2.144 -- The C compiler identification is Clang 14.0.0
#23 2.164 -- Detecting CXX compiler ABI info
#23 2.400 -- Detecting CXX compiler ABI info - done
#23 2.405 -- Check for working CXX compiler: /usr/bin/clang++ - skipped
#23 2.405 -- Detecting CXX compile features
#23 2.408 -- Detecting CXX compile features - done
#23 2.413 -- Detecting C compiler ABI info
#23 2.535 -- Detecting C compiler ABI info - done
#23 2.539 -- Check for working C compiler: /usr/bin/clang - skipped
#23 2.539 -- Detecting C compile features
#23 2.539 -- Detecting C compile features - done
#23 2.548 -- Lua version: lua52
#23 2.548 -- Lua linking: static
#23 ...

#15 [ac-db-import internal] load build context
#15 transferring context: 4.24GB 44.9s done
#15 DONE 52.6s

#23 [ac-worldserver build 8/8] RUN --mount=type=cache,target=/ccache,sharing=locked     --mount=type=bind,target=/azerothcore/.git,source=.git     git config --global --add safe.directory /azerothcore     && cmake /azerothcore        -DCMAKE_INSTALL_PREFIX="/azerothcore/env/dist"         -DAPPS_BUILD="all"                                     -DTOOLS_BUILD="all"                          -DSCRIPTS="static"                                  -DMODULES="static"                                  -DWITH_WARNINGS="ON"                      -DCMAKE_BUILD_TYPE="RelWithDebInfo"                            -DCMAKE_CXX_COMPILER="clang++"                         -DCMAKE_C_COMPILER="clang"                             -DCMAKE_CXX_COMPILER_LAUNCHER="ccache"                 -DCMAKE_C_COMPILER_LAUNCHER="ccache"                   -DBoost_USE_STATIC_LIBS="ON"                        && cmake --build . --config "RelWithDebInfo" -j $(($(nproc) + 1))     && cmake --install . --config "RelWithDebInfo"
#23 ...

#20 [ac-db-import build 4/8] COPY deps /azerothcore/deps
#20 CACHED

#19 [ac-db-import build 5/8] COPY src /azerothcore/src
#19 DONE 1.3s

#21 [ac-db-import build 6/8] COPY modules /azerothcore/modules
#21 DONE 1.1s

#22 [ac-db-import build 7/8] WORKDIR /azerothcore/build
#22 DONE 0.2s

#23 [ac-db-import build 8/8] RUN --mount=type=cache,target=/ccache,sharing=locked     --mount=type=bind,target=/azerothcore/.git,source=.git     git config --global --add safe.directory /azerothcore     && cmake /azerothcore        -DCMAKE_INSTALL_PREFIX="/azerothcore/env/dist"         -DAPPS_BUILD="all"                                     -DTOOLS_BUILD="all"                          -DSCRIPTS="static"                                  -DMODULES="static"                                  -DWITH_WARNINGS="ON"                      -DCMAKE_BUILD_TYPE="RelWithDebInfo"                            -DCMAKE_CXX_COMPILER="clang++"                         -DCMAKE_C_COMPILER="clang"                             -DCMAKE_CXX_COMPILER_LAUNCHER="ccache"                 -DCMAKE_C_COMPILER_LAUNCHER="ccache"                   -DBoost_USE_STATIC_LIBS="ON"                        && cmake --build . --config "RelWithDebInfo" -j $(($(nproc) + 1))     && cmake --install . --config "RelWithDebInfo"
#23 31.26 -- Running cmake hook: AFTER_LOAD_CONF
#23 31.26 -- No hooks registered for AFTER_LOAD_CONF
#23 31.26 -- Enabled С++20 standard
#23 31.26 -- Detected 64-bit platform
#23 31.26 -- Detected amd64 processor architecture
#23 31.26 -- UNIX: Using jemalloc
#23 31.26 -- UNIX: Using default configuration directory
#23 31.26 -- UNIX: Using default library directory
#23 31.26 -- UNIX: Configuring uninstall target
#23 31.26 -- UNIX: Created uninstall target
#23 31.26 -- UNIX: Detected compiler: /usr/bin/clang
#23 31.26 -- Clang: disable pch timestamp when ccache and pch enabled
#23 31.26 -- Clang: Minimum version required is 10.0.0, found 14.0.0 - ok!
#23 31.26 -- Performing Test CLANG_HAVE_PROPER_CHARCONV
#23 31.45 -- Performing Test CLANG_HAVE_PROPER_CHARCONV - Success
#23 31.45 -- Clang: All warnings enabled
#23 31.45 -- Running cmake hook: AFTER_LOAD_CMAKE_MODULES
#23 31.45 -- No hooks registered for AFTER_LOAD_CMAKE_MODULES
#23 31.45 -- Using mysql-config: /usr/bin/mysql_config
#23 31.47 -- Found MySQL:    
#23 31.47 -- Found MySQL version: 8.0.45
#23 31.47 -- Found git binary : /usr/bin/git
#23 32.00 
#23 32.00 * AzerothCore revision            : 822dd10e661d+ 2026-02-24 23:48:23 +0000 (master branch)
#23 32.00 * AzerothCore buildtype           : RelWithDebInfo
#23 32.00 
#23 32.00 * Install core to                 : /azerothcore/env/dist
#23 32.00 * Install libraries to            : /azerothcore/env/dist/lib
#23 32.00 * Install configs to              : /azerothcore/env/dist/etc
#23 32.00 
#23 32.00 * Build applications              : Yes (all)
#23 32.00 * Build tools                     : Yes (all)
#23 32.00 * Build with scripts              : Yes (static)
#23 32.00 * Build with modules              : Yes (static)
#23 32.00 * Build unit tests                : No  (default)
#23 32.00 * Build core w/PCH                : Yes (default)
#23 32.00 * Build scripts w/PCH             : Yes (default)
#23 32.00 * Show all warnings               : Yes
#23 32.00 * Use coreside debug              : No  (default)
#23 32.00 * Use unix gperftools             : No  (default)
#23 32.00 * Use GIT revision hash           : Yes (default)
#23 32.00 * Enable vmap DisableMgr checks   : Yes (default)
#23 32.00 * Show source tree                : No (For UNIX default)
#23 32.00 
#23 32.01 -- Found Boost: /usr/lib/x86_64-linux-gnu/cmake/Boost-1.74.0/BoostConfig.cmake (found suitable version "1.74.0", minimum required is "1.74") found components: filesystem program_options iostreams regex 
#23 32.02 -- Looking for strtod_l
#23 32.06 -- Looking for strtod_l - not found
#23 32.06 -- Looking for MADV_FREE
#23 32.16 -- Looking for MADV_FREE - found
#23 32.16 -- Found OpenSSL: /usr/lib/x86_64-linux-gnu/libcrypto.so (found version "3.0.2") found components: Crypto SSL 
#23 32.16 -- Looking for C++ include filesystem
#23 32.76 -- Looking for C++ include filesystem - found
#23 32.76 -- Performing Test CXX_FILESYSTEM_NO_LINK_NEEDED
#23 33.24 -- Performing Test CXX_FILESYSTEM_NO_LINK_NEEDED - Success
#23 33.25 -- Looking for pthread.h
#23 33.34 -- Looking for pthread.h - found
#23 33.34 -- Performing Test CMAKE_HAVE_LIBC_PTHREAD
#23 33.43 -- Performing Test CMAKE_HAVE_LIBC_PTHREAD - Success
#23 33.43 -- Found Threads: TRUE  
#23 33.43 -- Found ZLIB: /usr/lib/x86_64-linux-gnu/libz.so (found version "1.2.11") 
#23 33.44 -- Found Readline library: /usr/lib/x86_64-linux-gnu/libreadline.so
#23 33.44 -- Include dir is: /usr/include
#23 33.44 -- Found BZip2: /usr/lib/x86_64-linux-gnu/libbz2.so (found version "1.0.8") 
#23 33.44 -- Looking for BZ2_bzCompressInit
#23 33.53 -- Looking for BZ2_bzCompressInit - found
#23 33.55 -- Running cmake hook: BEFORE_SRC_LOAD
#23 33.55 -- No hooks registered for BEFORE_SRC_LOAD
#23 33.55 
#23 33.55 * Apps build list (all):
#23 33.55   |
#23 33.55   +- apps
#23 33.55   |   +- authserver
#23 33.55   |   +- worldserver
#23 33.55   |
#23 33.55 
#23 33.56 -- Running cmake hook: BEFORE_GAME_LIBRARY
#23 33.56 -- No hooks registered for BEFORE_GAME_LIBRARY
#23 33.60 -- Running cmake hook: AFTER_GAME_LIBRARY
#23 33.60 -- No hooks registered for AFTER_GAME_LIBRARY
#23 33.60 -- Running cmake hook: BEFORE_SCRIPTS_LIBRARY
#23 33.60 -- No hooks registered for BEFORE_SCRIPTS_LIBRARY
#23 33.60 * Script configuration (static):
#23 33.60   |
#23 33.60   +- worldserver
#23 33.60   |   +- Commands
#23 33.60   |   +- Custom
#23 33.60   |   +- EasternKingdoms
#23 33.60   |   +- Events
#23 33.60   |   +- Kalimdor
#23 33.60   |   +- Northrend
#23 33.60   |   +- OutdoorPvP
#23 33.60   |   +- Outland
#23 33.60   |   +- Pet
#23 33.60   |   +- Spells
#23 33.60   |   +- World
#23 33.60   |
#23 33.64 
#23 33.64 
#23 33.64 * Tools build list (all):
#23 33.64   |
#23 33.64   +- tools
#23 33.64   |   +- dbimport
#23 33.64   |   +- map_extractor
#23 33.64   |   +- mmaps_generator
#23 33.64   |   +- vmap4_assembler
#23 33.64   |   +- vmap4_extractor
#23 33.64   |
#23 33.64 
#23 33.65 * Modules configuration (static):
#23 33.65   |
#23 33.65   +- worldserver
#23 33.65   |   +- DungeonRespawn
#23 33.65   |   +- RaidTeleporter
#23 33.65   |   +- ReusablePotion
#23 33.65   |   +- mod-accountbound
#23 33.65   |   +- mod-ah-bot-plus
#23 33.65   |   +- mod-ale
#23 33.65   |   +- mod-aoe-loot
#23 33.65   |   +- mod-autobalance
#23 33.65   |   +- mod-autofish
#23 33.65   |   +- mod-individual-progression
#23 33.65   |   +- mod-junk-to-gold
#23 33.65   |   +- mod-profession-experience
#23 33.65   |   +- mod-racial-trait-swap
#23 33.65   |   +- mod-reagent-bank-account
#23 33.65   |   +- mod-solo-lfg
#23 33.65   |   +- mod-starter-guild
#23 33.65   |   +- mod-worgoblin
#23 33.65   |   +- multiple_specializations
#23 33.65   |
#23 33.65 
#23 33.98 -- * Modules config list:
#23 33.98   |
#23 33.98 --   +- DungeonRespawn
#23 33.98 --   |  * dungeonrespawn.conf
#23 33.98 --   +- RaidTeleporter
#23 33.98 --   |  * RaidTeleporter.conf
#23 33.98 --   +- ReusablePotion
#23 33.98 --   |  * reusablepotion.conf
#23 33.98 --   +- mod-accountbound
#23 33.98 --   |  * mod_accountbound.conf
#23 33.98 --   +- mod-ah-bot-plus
#23 33.98 --   |  * mod_ahbot.conf
#23 33.98 --   +- mod-ale
#23 33.98 --   |  * mod_ale.conf
#23 33.98 --   +- mod-aoe-loot
#23 33.98 --   |  * mod_aoe_loot.conf
#23 33.98 --   +- mod-autobalance
#23 33.98 --   |  * AutoBalance.conf
#23 33.98 --   +- mod-autofish
#23 33.98 --   |  * mod_autofish.conf
#23 33.98 --   +- mod-individual-progression
#23 33.98 --   |  * individualProgression.conf
#23 33.98 --   +- mod-junk-to-gold
#23 33.98 --   +- mod-profession-experience
#23 33.98 --   |  * mod-profession-experience.conf
#23 33.98 --   +- mod-racial-trait-swap
#23 33.98 --   |  * RacialTraitSwap.conf
#23 33.98 --   +- mod-reagent-bank-account
#23 33.98 --   |  * reagent_bank_account.conf
#23 33.98 --   +- mod-solo-lfg
#23 33.98 --   |  * SoloLfg.conf
#23 33.98 --   +- mod-starter-guild
#23 33.98 --   |  * mod_starterguild.conf
#23 33.98 --   +- mod-worgoblin
#23 33.98 --   |  * mod_worgoblin.conf
#23 33.98 --   +- multiple_specializations
#23 33.98 
#23 33.98 -- Running cmake hook: AFTER_SRC_LOAD
#23 33.98 -- No hooks registered for AFTER_SRC_LOAD
#23 33.98 -- Configuring done
#23 34.17 -- Generating done
#23 34.18 -- Build files have been written to: /azerothcore/build
#23 34.23 [  0%] Building C object modules/mod-ale/src/lualib/lua/CMakeFiles/lualib.dir/__/__/__/__/__/_deps/lua52-src/src/lauxlib.c.o
#23 34.23 [  0%] Building CXX object deps/fmt/CMakeFiles/fmt.dir/src/format.cc.o
#23 34.23 [  0%] Building C object modules/mod-ale/src/lualib/lua/CMakeFiles/lualib.dir/__/__/__/__/__/_deps/lua52-src/src/lapi.c.o
#23 34.23 [  0%] Building C object modules/mod-ale/src/lualib/lua/CMakeFiles/lualib.dir/__/__/__/__/__/_deps/lua52-src/src/lbaselib.c.o
#23 34.24 [  0%] Building C object deps/jemalloc/CMakeFiles/jemalloc.dir/src/arena.c.o
#23 34.24 [  0%] Building C object modules/mod-ale/src/lualib/lua/CMakeFiles/lualib.dir/__/__/__/__/__/_deps/lua52-src/src/lcode.c.o
#23 34.24 [  0%] Building C object modules/mod-ale/src/lualib/lua/CMakeFiles/lualib.dir/__/__/__/__/__/_deps/lua52-src/src/lbitlib.c.o
#23 34.24 [  0%] Building CXX object deps/fmt/CMakeFiles/fmt.dir/src/os.cc.o
#23 34.24 [  0%] Building CXX object deps/recastnavigation/Detour/CMakeFiles/Detour.dir/Source/DetourAlloc.cpp.o
#23 34.24 [  0%] Building C object modules/mod-ale/src/lualib/lua/CMakeFiles/lualib.dir/__/__/__/__/__/_deps/lua52-src/src/lcorolib.c.o
#23 34.24 [  0%] Building CXX object deps/recastnavigation/Detour/CMakeFiles/Detour.dir/Source/DetourAssert.cpp.o
#23 34.24 [  0%] Building CXX object deps/gsoap/CMakeFiles/gsoap.dir/soapC.cpp.o
#23 34.24 [  0%] Building C object deps/SFMT/CMakeFiles/sfmt.dir/SFMT.c.o
#23 34.24 [  0%] Building C object modules/mod-ale/src/lualib/lua/CMakeFiles/lualib.dir/__/__/__/__/__/_deps/lua52-src/src/ldebug.c.o
#23 34.24 [  0%] Building CXX object deps/gsoap/CMakeFiles/gsoap.dir/soapServer.cpp.o
#23 34.24 [  0%] Building C object deps/argon2/CMakeFiles/argon2.dir/argon2/argon2.c.o
#23 34.24 [  0%] Building CXX object deps/recastnavigation/Detour/CMakeFiles/Detour.dir/Source/DetourCommon.cpp.o
#23 34.24 [  0%] Building C object deps/argon2/CMakeFiles/argon2.dir/argon2/blake2/blake2b.c.o
#23 34.24 [  0%] Building C object modules/mod-ale/src/lualib/lua/CMakeFiles/lualib.dir/__/__/__/__/__/_deps/lua52-src/src/lctype.c.o
#23 34.24 [  0%] Building C object modules/mod-ale/src/lualib/lua/CMakeFiles/lualib.dir/__/__/__/__/__/_deps/lua52-src/src/ldblib.c.o
#23 34.24 [  0%] Building CXX object deps/g3dlite/CMakeFiles/g3dlib.dir/source/AABox.cpp.o
#23 34.25 [  1%] Building CXX object deps/gsoap/CMakeFiles/gsoap.dir/stdsoap2.cpp.o
#23 34.25 [  1%] Building CXX object deps/recastnavigation/Recast/CMakeFiles/Recast.dir/Source/Recast.cpp.o
#23 34.25 [  1%] Building C object deps/libmpq/CMakeFiles/mpq.dir/libmpq/common.c.o
#23 34.43 [  1%] Building C object deps/jemalloc/CMakeFiles/jemalloc.dir/src/background_thread.c.o
#23 34.43 [  1%] Building CXX object deps/g3dlite/CMakeFiles/g3dlib.dir/source/BinaryFormat.cpp.o
#23 34.43 [  1%] Building CXX object deps/g3dlite/CMakeFiles/g3dlib.dir/source/AnyTableReader.cpp.o
#23 34.43 [  1%] Building CXX object deps/g3dlite/CMakeFiles/g3dlib.dir/source/Any.cpp.o
#23 34.45 [  1%] Building C object deps/argon2/CMakeFiles/argon2.dir/argon2/core.c.o
#23 34.48 [  2%] Building CXX object deps/g3dlite/CMakeFiles/g3dlib.dir/source/BinaryInput.cpp.o
#23 34.51 [  2%] Building C object deps/libmpq/CMakeFiles/mpq.dir/libmpq/explode.c.o
#23 34.51 [  2%] Building C object modules/mod-ale/src/lualib/lua/CMakeFiles/lualib.dir/__/__/__/__/__/_deps/lua52-src/src/ldo.c.o
#23 34.53 [  2%] Building C object deps/libmpq/CMakeFiles/mpq.dir/libmpq/extract.c.o
#23 34.54 [  2%] Building C object deps/jemalloc/CMakeFiles/jemalloc.dir/src/base.c.o
#23 34.56 [  2%] Building CXX object deps/recastnavigation/Recast/CMakeFiles/Recast.dir/Source/RecastAlloc.cpp.o
#23 34.56 [  3%] Linking CXX static library libsfmt.a
#23 34.61 [  3%] Building C object deps/jemalloc/CMakeFiles/jemalloc.dir/src/bin.c.o
#23 34.70 [  3%] Building CXX object deps/recastnavigation/Detour/CMakeFiles/Detour.dir/Source/DetourNavMesh.cpp.o
#23 34.73 [  3%] Building C object deps/argon2/CMakeFiles/argon2.dir/argon2/encoding.c.o
#23 34.73 [  3%] Built target sfmt
#23 34.75 [  3%] Building C object deps/argon2/CMakeFiles/argon2.dir/argon2/opt.c.o
#23 34.75 [  3%] Built target revision.h
#23 34.76 [  3%] Building C object deps/argon2/CMakeFiles/argon2.dir/argon2/thread.c.o
#23 34.76 [  3%] Building CXX object deps/recastnavigation/Recast/CMakeFiles/Recast.dir/Source/RecastAssert.cpp.o
#23 34.78 [  3%] Building C object deps/libmpq/CMakeFiles/mpq.dir/libmpq/huffman.c.o
#23 34.78 [  3%] Building CXX object deps/recastnavigation/Recast/CMakeFiles/Recast.dir/Source/RecastArea.cpp.o
#23 34.78 [  3%] Building CXX object deps/g3dlite/CMakeFiles/g3dlib.dir/source/BinaryOutput.cpp.o
#23 34.85 [  3%] Building C object deps/jemalloc/CMakeFiles/jemalloc.dir/src/bitmap.c.o
#23 34.93 [  3%] Building CXX object deps/g3dlite/CMakeFiles/g3dlib.dir/source/Box.cpp.o
#23 34.94 [  3%] Building C object modules/mod-ale/src/lualib/lua/CMakeFiles/lualib.dir/__/__/__/__/__/_deps/lua52-src/src/ldump.c.o
#23 34.94 [  3%] Building CXX object deps/recastnavigation/Detour/CMakeFiles/Detour.dir/Source/DetourNavMeshBuilder.cpp.o
#23 35.02 [  3%] Building C object deps/libmpq/CMakeFiles/mpq.dir/libmpq/mpq.c.o
#23 35.08 [  3%] Building C object deps/jemalloc/CMakeFiles/jemalloc.dir/src/ckh.c.o
#23 35.15 [  3%] Building CXX object deps/g3dlite/CMakeFiles/g3dlib.dir/source/Capsule.cpp.o
#23 35.17 [  4%] Linking CXX static library libargon2.a
#23 35.18 [  4%] Building C object modules/mod-ale/src/lualib/lua/CMakeFiles/lualib.dir/__/__/__/__/__/_deps/lua52-src/src/lfunc.c.o
#23 35.33 [  4%] Building CXX object deps/recastnavigation/Detour/CMakeFiles/Detour.dir/Source/DetourNavMeshQuery.cpp.o
#23 35.35 [  5%] Building C object modules/mod-ale/src/lualib/lua/CMakeFiles/lualib.dir/__/__/__/__/__/_deps/lua52-src/src/lgc.c.o
#23 35.36 [  5%] Building CXX object deps/recastnavigation/Recast/CMakeFiles/Recast.dir/Source/RecastContour.cpp.o
#23 35.40 [  5%] Built target argon2
#23 35.42 [  5%] Building C object deps/libmpq/CMakeFiles/mpq.dir/libmpq/wave.c.o
#23 35.43 [  5%] Building CXX object deps/g3dlite/CMakeFiles/g3dlib.dir/source/CoordinateFrame.cpp.o
#23 35.43 [  5%] Building CXX object deps/g3dlite/CMakeFiles/g3dlib.dir/source/CollisionDetection.cpp.o
#23 35.45 [  5%] Building C object modules/mod-ale/src/lualib/lua/CMakeFiles/lualib.dir/__/__/__/__/__/_deps/lua52-src/src/linit.c.o
#23 35.53 [  6%] Building CXX object deps/recastnavigation/Recast/CMakeFiles/Recast.dir/Source/RecastFilter.cpp.o
#23 35.57 [  6%] Building C object deps/jemalloc/CMakeFiles/jemalloc.dir/src/ctl.c.o
#23 35.61 [  6%] Building CXX object deps/g3dlite/CMakeFiles/g3dlib.dir/source/Crypto.cpp.o
#23 35.63 [  6%] Building C object modules/mod-ale/src/lualib/lua/CMakeFiles/lualib.dir/__/__/__/__/__/_deps/lua52-src/src/liolib.c.o
#23 35.67 [  6%] Building CXX object deps/recastnavigation/Detour/CMakeFiles/Detour.dir/Source/DetourNode.cpp.o
#23 35.70 [  6%] Building C object deps/jemalloc/CMakeFiles/jemalloc.dir/src/div.c.o
#23 35.70 [  6%] Building C object modules/mod-ale/src/lualib/lua/CMakeFiles/lualib.dir/__/__/__/__/__/_deps/lua52-src/src/llex.c.o
#23 35.72 [  6%] Building CXX object deps/recastnavigation/Recast/CMakeFiles/Recast.dir/Source/RecastLayers.cpp.o
#23 35.81 [  6%] Linking CXX static library libmpq.a
#23 35.99 [  6%] Building CXX object deps/recastnavigation/Recast/CMakeFiles/Recast.dir/Source/RecastMesh.cpp.o
#23 35.99 [  6%] Building CXX object deps/g3dlite/CMakeFiles/g3dlib.dir/source/Cylinder.cpp.o
#23 36.00 [  6%] Built target mpq
#23 36.00 [  6%] Building C object modules/mod-ale/src/lualib/lua/CMakeFiles/lualib.dir/__/__/__/__/__/_deps/lua52-src/src/lmathlib.c.o
#23 36.02 [  6%] Building C object modules/mod-ale/src/lualib/lua/CMakeFiles/lualib.dir/__/__/__/__/__/_deps/lua52-src/src/lmem.c.o
#23 36.03 [  6%] Building C object deps/jemalloc/CMakeFiles/jemalloc.dir/src/extent.c.o
#23 36.13 [  6%] Building CXX object deps/recastnavigation/Recast/CMakeFiles/Recast.dir/Source/RecastMeshDetail.cpp.o
#23 36.16 [  6%] Building CXX object deps/g3dlite/CMakeFiles/g3dlib.dir/source/debugAssert.cpp.o
#23 36.16 [  6%] Building CXX object deps/recastnavigation/Recast/CMakeFiles/Recast.dir/Source/RecastRasterization.cpp.o
#23 36.27 [  6%] Building CXX object deps/recastnavigation/Recast/CMakeFiles/Recast.dir/Source/RecastRegion.cpp.o
#23 36.30 [  6%] Building C object modules/mod-ale/src/lualib/lua/CMakeFiles/lualib.dir/__/__/__/__/__/_deps/lua52-src/src/loadlib.c.o
#23 36.45 [  6%] Building C object modules/mod-ale/src/lualib/lua/CMakeFiles/lualib.dir/__/__/__/__/__/_deps/lua52-src/src/lobject.c.o
#23 36.45 [  6%] Building CXX object deps/g3dlite/CMakeFiles/g3dlib.dir/source/FileSystem.cpp.o
#23 36.46 [  6%] Building C object deps/jemalloc/CMakeFiles/jemalloc.dir/src/extent_dss.c.o
#23 36.47 [  6%] Building C object deps/jemalloc/CMakeFiles/jemalloc.dir/src/extent_mmap.c.o
#23 36.49 [  7%] Building C object deps/jemalloc/CMakeFiles/jemalloc.dir/src/hash.c.o
#23 36.60 [  7%] Building C object modules/mod-ale/src/lualib/lua/CMakeFiles/lualib.dir/__/__/__/__/__/_deps/lua52-src/src/lopcodes.c.o
#23 36.62 [  7%] Building C object deps/jemalloc/CMakeFiles/jemalloc.dir/src/hook.c.o
#23 36.62 [  7%] Building C object deps/jemalloc/CMakeFiles/jemalloc.dir/src/jemalloc.c.o
#23 36.69 [  7%] Building C object modules/mod-ale/src/lualib/lua/CMakeFiles/lualib.dir/__/__/__/__/__/_deps/lua52-src/src/loslib.c.o
#23 36.75 [  7%] Building CXX object deps/g3dlite/CMakeFiles/g3dlib.dir/source/fileutils.cpp.o
#23 36.86 [  7%] Building CXX object deps/g3dlite/CMakeFiles/g3dlib.dir/source/format.cpp.o
#23 36.92 [  7%] Building CXX object deps/g3dlite/CMakeFiles/g3dlib.dir/source/g3dfnmatch.cpp.o
#23 36.93 [  7%] Building CXX object deps/jemalloc/CMakeFiles/jemalloc.dir/src/jemalloc_cpp.cpp.o
#23 36.95 [  7%] Building C object modules/mod-ale/src/lualib/lua/CMakeFiles/lualib.dir/__/__/__/__/__/_deps/lua52-src/src/lparser.c.o
#23 36.97 [  7%] Building C object modules/mod-ale/src/lualib/lua/CMakeFiles/lualib.dir/__/__/__/__/__/_deps/lua52-src/src/lstate.c.o
#23 37.10 [  7%] Linking CXX static library libDetour.a
#23 37.10 [  7%] Building C object modules/mod-ale/src/lualib/lua/CMakeFiles/lualib.dir/__/__/__/__/__/_deps/lua52-src/src/lstring.c.o
#23 37.12 [  7%] Building C object deps/jemalloc/CMakeFiles/jemalloc.dir/src/large.c.o
#23 37.16 [  8%] Building CXX object deps/g3dlite/CMakeFiles/g3dlib.dir/source/g3dmath.cpp.o
#23 37.16 [  9%] Building C object modules/mod-ale/src/lualib/lua/CMakeFiles/lualib.dir/__/__/__/__/__/_deps/lua52-src/src/lstrlib.c.o
#23 37.19 [  9%] Building CXX object deps/g3dlite/CMakeFiles/g3dlib.dir/source/GThread.cpp.o
#23 37.27 [  9%] Built target Detour
#23 37.29 [  9%] Building C object deps/jemalloc/CMakeFiles/jemalloc.dir/src/log.c.o
#23 37.37 [  9%] Building CXX object deps/g3dlite/CMakeFiles/g3dlib.dir/source/Line.cpp.o
#23 37.46 [  9%] Building C object deps/jemalloc/CMakeFiles/jemalloc.dir/src/malloc_io.c.o
#23 37.47 [  9%] Building C object modules/mod-ale/src/lualib/lua/CMakeFiles/lualib.dir/__/__/__/__/__/_deps/lua52-src/src/ltable.c.o
#23 37.49 [  9%] Building C object deps/jemalloc/CMakeFiles/jemalloc.dir/src/mutex.c.o
#23 37.54 [  9%] Building C object deps/jemalloc/CMakeFiles/jemalloc.dir/src/mutex_pool.c.o
#23 37.60 [  9%] Building C object modules/mod-ale/src/lualib/lua/CMakeFiles/lualib.dir/__/__/__/__/__/_deps/lua52-src/src/ltablib.c.o
#23 37.61 [  9%] Building C object modules/mod-ale/src/lualib/lua/CMakeFiles/lualib.dir/__/__/__/__/__/_deps/lua52-src/src/ltm.c.o
#23 37.76 [  9%] Building C object deps/jemalloc/CMakeFiles/jemalloc.dir/src/nstime.c.o
#23 37.80 [  9%] Building C object modules/mod-ale/src/lualib/lua/CMakeFiles/lualib.dir/__/__/__/__/__/_deps/lua52-src/src/lundump.c.o
#23 37.82 [  9%] Building CXX object deps/g3dlite/CMakeFiles/g3dlib.dir/source/LineSegment.cpp.o
#23 37.84 [  9%] Building CXX object deps/g3dlite/CMakeFiles/g3dlib.dir/source/Log.cpp.o
#23 37.88 [  9%] Building C object modules/mod-ale/src/lualib/lua/CMakeFiles/lualib.dir/__/__/__/__/__/_deps/lua52-src/src/lvm.c.o
#23 37.89 [  9%] Building CXX object deps/g3dlite/CMakeFiles/g3dlib.dir/source/Matrix3.cpp.o
#23 37.92 [  9%] Building C object deps/jemalloc/CMakeFiles/jemalloc.dir/src/pages.c.o
#23 37.95 [  9%] Building C object deps/jemalloc/CMakeFiles/jemalloc.dir/src/prng.c.o
#23 38.04 [  9%] Building C object modules/mod-ale/src/lualib/lua/CMakeFiles/lualib.dir/__/__/__/__/__/_deps/lua52-src/src/lzio.c.o
#23 38.16 [  9%] Building C object deps/jemalloc/CMakeFiles/jemalloc.dir/src/prof.c.o
#23 38.19 [  9%] Building CXX object deps/g3dlite/CMakeFiles/g3dlib.dir/source/Matrix4.cpp.o
#23 38.20 [  9%] Building C object deps/jemalloc/CMakeFiles/jemalloc.dir/src/rtree.c.o
#23 38.23 [  9%] Building CXX object deps/g3dlite/CMakeFiles/g3dlib.dir/source/MemoryManager.cpp.o
#23 38.24 [  9%] Building CXX object deps/g3dlite/CMakeFiles/g3dlib.dir/source/PhysicsFrame.cpp.o
#23 38.33 [  9%] Linking C static library liblua52.a
#23 38.38 [  9%] Building CXX object deps/g3dlite/CMakeFiles/g3dlib.dir/source/Plane.cpp.o
#23 38.43 [  9%] Building CXX object deps/g3dlite/CMakeFiles/g3dlib.dir/source/prompt.cpp.o
#23 38.47 [  9%] Building CXX object deps/g3dlite/CMakeFiles/g3dlib.dir/source/Quat.cpp.o
#23 38.51 [  9%] Building CXX object deps/g3dlite/CMakeFiles/g3dlib.dir/source/Random.cpp.o
#23 38.54 [ 10%] Building C object deps/jemalloc/CMakeFiles/jemalloc.dir/src/safety_check.c.o
#23 38.59 [ 10%] Building C object deps/jemalloc/CMakeFiles/jemalloc.dir/src/stats.c.o
#23 38.59 [ 10%] Built target lualib
#23 38.63 [ 10%] Building C object deps/jemalloc/CMakeFiles/jemalloc.dir/src/sc.c.o
#23 38.68 [ 10%] Building C object modules/mod-ale/src/lualib/lua/CMakeFiles/lua_interpreter.dir/__/__/__/__/__/_deps/lua52-src/src/lua.c.o
#23 38.76 [ 10%] Building C object deps/jemalloc/CMakeFiles/jemalloc.dir/src/sz.c.o
#23 38.92 [ 11%] Building CXX object deps/g3dlite/CMakeFiles/g3dlib.dir/source/Ray.cpp.o
#23 38.95 [ 11%] Building C object modules/mod-ale/src/lualib/lua/CMakeFiles/lua_compiler.dir/__/__/__/__/__/_deps/lua52-src/src/luac.c.o
#23 38.96 [ 11%] Linking CXX static library libRecast.a
#23 39.02 [ 11%] Building C object deps/jemalloc/CMakeFiles/jemalloc.dir/src/tcache.c.o
#23 39.04 [ 11%] Building C object deps/jemalloc/CMakeFiles/jemalloc.dir/src/test_hooks.c.o
#23 39.06 [ 11%] Building C object deps/jemalloc/CMakeFiles/jemalloc.dir/src/ticker.c.o
#23 39.09 [ 12%] Linking C executable lua52_interpreter
#23 39.10 [ 12%] Building CXX object deps/g3dlite/CMakeFiles/g3dlib.dir/source/RegistryUtil.cpp.o
#23 39.14 [ 12%] Building CXX object deps/g3dlite/CMakeFiles/g3dlib.dir/source/Sphere.cpp.o
#23 39.18 [ 12%] Built target Recast
#23 39.20 [ 12%] Building CXX object deps/g3dlite/CMakeFiles/g3dlib.dir/source/System.cpp.o
#23 39.21 [ 12%] Building CXX object deps/g3dlite/CMakeFiles/g3dlib.dir/source/stringutils.cpp.o
#23 39.26 [ 12%] Built target lua_interpreter
#23 39.29 [ 12%] Building C object deps/jemalloc/CMakeFiles/jemalloc.dir/src/tsd.c.o
#23 39.30 [ 12%] Building C object deps/jemalloc/CMakeFiles/jemalloc.dir/src/witness.c.o
#23 39.34 [ 12%] Linking C executable lua52_compiler
#23 39.35 [ 12%] Building CXX object deps/g3dlite/CMakeFiles/g3dlib.dir/source/TextInput.cpp.o
#23 39.36 [ 12%] Building CXX object deps/g3dlite/CMakeFiles/g3dlib.dir/source/TextOutput.cpp.o
#23 39.45 [ 12%] Built target lua_compiler
#23 39.46 [ 12%] Building CXX object deps/g3dlite/CMakeFiles/g3dlib.dir/source/Triangle.cpp.o
#23 39.49 [ 12%] Building CXX object deps/g3dlite/CMakeFiles/g3dlib.dir/source/uint128.cpp.o
#23 39.54 [ 12%] Building CXX object deps/g3dlite/CMakeFiles/g3dlib.dir/source/UprightFrame.cpp.o
#23 39.57 [ 12%] Building CXX object deps/g3dlite/CMakeFiles/g3dlib.dir/source/Vector2.cpp.o
#23 39.60 [ 12%] Linking CXX static library libgsoap.a
#23 39.64 [ 12%] Building CXX object deps/g3dlite/CMakeFiles/g3dlib.dir/source/Vector3.cpp.o
#23 39.70 [ 12%] Building CXX object deps/g3dlite/CMakeFiles/g3dlib.dir/source/Vector4.cpp.o
#23 39.82 [ 12%] Built target gsoap
#23 40.01 [ 12%] Linking CXX static library libjemalloc.a
#23 40.18 [ 12%] Built target jemalloc
#23 40.52 [ 12%] Linking CXX static library libfmt.a
#23 40.62 [ 12%] Built target fmt
#23 41.20 [ 13%] Linking CXX static library libg3dlib.a
#23 41.53 [ 13%] Built target g3dlib
#23 41.55 [ 13%] Building CXX object src/common/CMakeFiles/common.dir/cmake_pch.hxx.pch
#23 43.97 [ 13%] Building CXX object src/common/CMakeFiles/common.dir/Common.cpp.o
#23 43.97 [ 13%] Building CXX object src/common/CMakeFiles/common.dir/Collision/DynamicTree.cpp.o
#23 43.97 [ 13%] Building CXX object src/common/CMakeFiles/common.dir/Banner.cpp.o
#23 43.97 [ 14%] Building CXX object src/common/CMakeFiles/common.dir/Collision/Management/MMapMgr.cpp.o
#23 43.97 [ 13%] Building CXX object src/common/CMakeFiles/common.dir/Collision/BoundingIntervalHierarchy.cpp.o
#23 43.97 [ 14%] Building CXX object src/common/CMakeFiles/common.dir/GitRevision.cpp.o
#23 43.97 [ 14%] Building CXX object src/common/CMakeFiles/common.dir/Collision/Management/VMapMgr2.cpp.o
#23 43.97 [ 14%] Building CXX object src/common/CMakeFiles/common.dir/Collision/Management/MMapFactory.cpp.o
#23 43.97 [ 14%] Building CXX object src/common/CMakeFiles/common.dir/Collision/Management/VMapFactory.cpp.o
#23 43.97 [ 14%] Building CXX object src/common/CMakeFiles/common.dir/Configuration/Config.cpp.o
#23 43.97 [ 14%] Building CXX object src/common/CMakeFiles/common.dir/Configuration/BuiltInConfig.cpp.o
#23 43.97 [ 14%] Building CXX object src/common/CMakeFiles/common.dir/Collision/Maps/MapTree.cpp.o
#23 43.97 [ 14%] Building CXX object src/common/CMakeFiles/common.dir/Collision/Models/WorldModel.cpp.o
#23 43.97 [ 14%] Building CXX object src/common/CMakeFiles/common.dir/Collision/Models/GameObjectModel.cpp.o
#23 43.97 [ 14%] Building CXX object src/common/CMakeFiles/common.dir/Collision/Models/ModelInstance.cpp.o
#23 43.97 [ 14%] Building CXX object src/common/CMakeFiles/common.dir/Collision/Maps/TileAssembler.cpp.o
#23 43.97 [ 14%] Building CXX object src/common/CMakeFiles/common.dir/Cryptography/Argon2.cpp.o
#23 43.97 [ 14%] Building CXX object src/common/CMakeFiles/common.dir/Cryptography/AES.cpp.o
#23 43.98 [ 14%] Building CXX object src/common/CMakeFiles/common.dir/Cryptography/ARC4.cpp.o
#23 43.98 [ 15%] Building CXX object src/common/CMakeFiles/common.dir/Cryptography/BigNumber.cpp.o
#23 43.98 [ 15%] Building CXX object src/common/CMakeFiles/common.dir/Cryptography/CryptoRandom.cpp.o
#23 43.98 [ 15%] Building CXX object src/common/CMakeFiles/common.dir/Cryptography/OpenSSLCrypto.cpp.o
#23 43.98 [ 15%] Building CXX object src/common/CMakeFiles/common.dir/Cryptography/TOTP.cpp.o
#23 44.00 [ 15%] Building CXX object src/common/CMakeFiles/common.dir/Cryptography/Authentication/AuthCrypt.cpp.o
#23 44.01 [ 15%] Building CXX object src/common/CMakeFiles/common.dir/Cryptography/Authentication/SRP6.cpp.o
#23 44.62 [ 15%] Building CXX object src/common/CMakeFiles/common.dir/DataStores/DBCFileLoader.cpp.o
#23 44.67 [ 15%] Building CXX object src/common/CMakeFiles/common.dir/Encoding/Base32.cpp.o
#23 44.72 [ 15%] Building CXX object src/common/CMakeFiles/common.dir/Encoding/Base64.cpp.o
#23 44.82 [ 15%] Building CXX object src/common/CMakeFiles/common.dir/IPLocation/IPLocation.cpp.o
#23 44.84 [ 15%] Building CXX object src/common/CMakeFiles/common.dir/Logging/Appender.cpp.o
#23 44.86 [ 15%] Building CXX object src/common/CMakeFiles/common.dir/Logging/AppenderConsole.cpp.o
#23 44.86 [ 15%] Building CXX object src/common/CMakeFiles/common.dir/Logging/AppenderFile.cpp.o
#23 44.89 [ 15%] Building CXX object src/common/CMakeFiles/common.dir/Logging/Log.cpp.o
#23 44.90 [ 15%] Building CXX object src/common/CMakeFiles/common.dir/Logging/LogOperation.cpp.o
#23 44.90 [ 16%] Building CXX object src/common/CMakeFiles/common.dir/Logging/LogMessage.cpp.o
#23 44.90 [ 16%] Building CXX object src/common/CMakeFiles/common.dir/Logging/Logger.cpp.o
#23 44.96 [ 16%] Building CXX object src/common/CMakeFiles/common.dir/Logging/enuminfo_AppenderConsole.cpp.o
#23 45.00 [ 16%] Building CXX object src/common/CMakeFiles/common.dir/Logging/enuminfo_LogCommon.cpp.o
#23 45.09 [ 16%] Building CXX object src/common/CMakeFiles/common.dir/Metric/Metric.cpp.o
#23 45.23 [ 16%] Building CXX object src/common/CMakeFiles/common.dir/Navigation/DetourExtended.cpp.o
#23 45.27 [ 16%] Building CXX object src/common/CMakeFiles/common.dir/Threading/ProcessPriority.cpp.o
#23 45.40 [ 16%] Building CXX object src/common/CMakeFiles/common.dir/Threading/Threading.cpp.o
#23 45.43 [ 16%] Building CXX object src/common/CMakeFiles/common.dir/Utilities/EventMap.cpp.o
#23 45.47 [ 16%] Building CXX object src/common/CMakeFiles/common.dir/Utilities/EventProcessor.cpp.o
#23 45.65 [ 16%] Building CXX object src/common/CMakeFiles/common.dir/Utilities/Random.cpp.o
#23 45.75 [ 16%] Building CXX object src/common/CMakeFiles/common.dir/Utilities/SFMTRand.cpp.o
#23 45.78 [ 17%] Building CXX object src/common/CMakeFiles/common.dir/Utilities/StartProcess.cpp.o
#23 45.80 [ 17%] Building CXX object src/common/CMakeFiles/common.dir/Utilities/StringFormat.cpp.o
#23 45.87 [ 17%] Building CXX object src/common/CMakeFiles/common.dir/Utilities/Systemd.cpp.o
#23 45.88 [ 17%] Building CXX object src/common/CMakeFiles/common.dir/Utilities/TaskScheduler.cpp.o
#23 45.91 [ 17%] Building CXX object src/common/CMakeFiles/common.dir/Utilities/Timer.cpp.o
#23 45.97 [ 17%] Building CXX object src/common/CMakeFiles/common.dir/Utilities/Tokenize.cpp.o
#23 46.05 [ 17%] Building CXX object src/common/CMakeFiles/common.dir/Utilities/Util.cpp.o
#23 46.12 [ 17%] Building CXX object src/common/CMakeFiles/common.dir/Debugging/Errors.cpp.o
#23 51.27 [ 17%] Linking CXX static library libcommon.a
#23 51.58 [ 17%] Built target common
#23 51.60 [ 17%] Building CXX object src/tools/CMakeFiles/map_extractor.dir/map_extractor/System.cpp.o
#23 51.60 [ 17%] Building CXX object src/tools/CMakeFiles/vmap4_extractor.dir/vmap4_extractor/wdtfile.cpp.o
#23 51.60 [ 17%] Building CXX object src/tools/CMakeFiles/mmaps_generator.dir/mmaps_generator/Config.cpp.o
#23 51.60 [ 17%] Building CXX object src/server/database/CMakeFiles/database.dir/cmake_pch.hxx.pch
#23 51.60 [ 17%] Building CXX object src/tools/CMakeFiles/vmap4_extractor.dir/vmap4_extractor/mpq_libmpq.cpp.o
#23 51.60 [ 17%] Building CXX object src/tools/CMakeFiles/vmap4_extractor.dir/vmap4_extractor/model.cpp.o
#23 51.60 [ 17%] Building CXX object src/tools/CMakeFiles/vmap4_extractor.dir/vmap4_extractor/wmo.cpp.o
#23 51.60 [ 17%] Building CXX object src/tools/CMakeFiles/vmap4_extractor.dir/vmap4_extractor/adtfile.cpp.o
#23 51.60 [ 18%] Building CXX object src/tools/CMakeFiles/vmap4_extractor.dir/vmap4_extractor/dbcfile.cpp.o
#23 51.60 [ 17%] Building CXX object src/tools/CMakeFiles/vmap4_extractor.dir/vmap4_extractor/gameobject_extract.cpp.o
#23 51.60 [ 18%] Building CXX object src/tools/CMakeFiles/map_extractor.dir/map_extractor/adt.cpp.o
#23 51.60 [ 18%] Building CXX object src/tools/CMakeFiles/vmap4_assembler.dir/vmap4_assembler/VMapAssembler.cpp.o
#23 51.60 [ 18%] Building CXX object src/tools/CMakeFiles/mmaps_generator.dir/mmaps_generator/IntermediateValues.cpp.o
#23 51.60 [ 18%] Building CXX object src/tools/CMakeFiles/map_extractor.dir/map_extractor/dbcfile.cpp.o
#23 51.60 [ 18%] Building CXX object src/tools/CMakeFiles/map_extractor.dir/map_extractor/loadlib.cpp.o
#23 51.60 [ 18%] Building CXX object src/tools/CMakeFiles/vmap4_extractor.dir/vmap4_extractor/vmapexport.cpp.o
#23 51.60 [ 18%] Building CXX object src/tools/CMakeFiles/map_extractor.dir/map_extractor/mpq_libmpq.cpp.o
#23 51.60 [ 18%] Building CXX object src/tools/CMakeFiles/map_extractor.dir/map_extractor/wdt.cpp.o
#23 51.60 [ 18%] Building CXX object src/tools/CMakeFiles/mmaps_generator.dir/mmaps_generator/MapBuilder.cpp.o
#23 51.61 [ 18%] Building CXX object src/tools/CMakeFiles/mmaps_generator.dir/mmaps_generator/PathGenerator.cpp.o
#23 51.61 [ 18%] Building CXX object src/tools/CMakeFiles/mmaps_generator.dir/mmaps_generator/TerrainBuilder.cpp.o
#23 52.71 [ 18%] Linking CXX executable vmap4_assembler
#23 53.00 [ 18%] Built target vmap4_assembler
#23 53.53 [ 18%] Linking CXX executable vmap4_extractor
#23 53.72 [ 18%] Built target vmap4_extractor
#23 53.88 [ 19%] Linking CXX executable map_extractor
#23 54.02 [ 19%] Built target map_extractor
#23 54.24 [ 19%] Building CXX object src/server/database/CMakeFiles/database.dir/Database/DatabaseEnv.cpp.o
#23 54.24 [ 19%] Building CXX object src/server/database/CMakeFiles/database.dir/Database/AdhocStatement.cpp.o
#23 54.24 [ 20%] Building CXX object src/server/database/CMakeFiles/database.dir/Database/MySQLConnection.cpp.o
#23 54.24 [ 20%] Building CXX object src/server/database/CMakeFiles/database.dir/Database/DatabaseWorker.cpp.o
#23 54.24 [ 20%] Building CXX object src/server/database/CMakeFiles/database.dir/Database/MySQLPreparedStatement.cpp.o
#23 54.24 [ 20%] Building CXX object src/server/database/CMakeFiles/database.dir/Database/Field.cpp.o
#23 54.24 [ 20%] Building CXX object src/server/database/CMakeFiles/database.dir/Database/PreparedStatement.cpp.o
#23 54.24 [ 20%] Building CXX object src/server/database/CMakeFiles/database.dir/Database/DatabaseWorkerPool.cpp.o
#23 54.24 [ 20%] Building CXX object src/server/database/CMakeFiles/database.dir/Database/MySQLThreading.cpp.o
#23 54.24 [ 20%] Building CXX object src/server/database/CMakeFiles/database.dir/Database/QueryCallback.cpp.o
#23 54.24 [ 20%] Building CXX object src/server/database/CMakeFiles/database.dir/Database/DatabaseLoader.cpp.o
#23 54.24 [ 20%] Building CXX object src/server/database/CMakeFiles/database.dir/Database/Transaction.cpp.o
#23 54.25 [ 21%] Building CXX object src/server/database/CMakeFiles/database.dir/Database/Implementation/WorldDatabase.cpp.o
#23 54.25 [ 21%] Building CXX object src/server/database/CMakeFiles/database.dir/Database/QueryResult.cpp.o
#23 54.25 [ 21%] Building CXX object src/server/database/CMakeFiles/database.dir/Database/Implementation/CharacterDatabase.cpp.o
#23 54.25 [ 21%] Building CXX object src/server/database/CMakeFiles/database.dir/Updater/DBUpdater.cpp.o
#23 54.25 [ 21%] Building CXX object src/server/database/CMakeFiles/database.dir/Logging/AppenderDB.cpp.o
#23 54.25 [ 21%] Building CXX object src/server/database/CMakeFiles/database.dir/Database/Implementation/LoginDatabase.cpp.o
#23 54.26 [ 21%] Building CXX object src/server/database/CMakeFiles/database.dir/Database/QueryHolder.cpp.o
#23 54.27 [ 21%] Building CXX object src/server/database/CMakeFiles/database.dir/Updater/UpdateFetcher.cpp.o
#23 57.62 [ 21%] Linking CXX static library libdatabase.a
#23 57.81 [ 21%] Linking CXX executable mmaps_generator
#23 57.82 [ 21%] Built target database
#23 57.84 [ 21%] Building CXX object src/server/shared/CMakeFiles/shared.dir/DataStores/DBCStore.cpp.o
#23 57.84 [ 21%] Building CXX object src/server/shared/CMakeFiles/shared.dir/Realms/Realm.cpp.o
#23 57.84 [ 21%] Building CXX object src/server/shared/CMakeFiles/shared.dir/enuminfo_SharedDefines.cpp.o
#23 57.84 [ 21%] Building CXX object src/server/shared/CMakeFiles/shared.dir/Packets/ByteBuffer.cpp.o
#23 57.84 [ 21%] Building CXX object src/server/shared/CMakeFiles/shared.dir/Secrets/SecretMgr.cpp.o
#23 57.84 [ 21%] Building CXX object src/server/shared/CMakeFiles/shared.dir/Realms/RealmList.cpp.o
#23 57.84 [ 21%] Building CXX object src/server/shared/CMakeFiles/shared.dir/SharedDefines.cpp.o
#23 57.84 [ 21%] Building CXX object src/server/shared/CMakeFiles/shared.dir/DataStores/DBCDatabaseLoader.cpp.o
#23 58.17 [ 21%] Built target mmaps_generator
#23 60.91 [ 21%] Linking CXX static library libshared.a
#23 61.01 [ 21%] Built target shared
#23 61.02 [ 21%] Building CXX object src/server/apps/CMakeFiles/authserver.dir/cmake_pch.hxx.pch
#23 61.03 [ 21%] Building CXX object modules/CMakeFiles/modules.dir/DungeonRespawn/src/DungeonRespawn.cpp.o
#23 61.03 [ 21%] Building CXX object modules/CMakeFiles/modules.dir/gen_scriptloader/static/ModulesLoader.cpp.o
#23 61.03 [ 21%] Building CXX object modules/CMakeFiles/modules.dir/RaidTeleporter/src/MP_loader.cpp.o
#23 61.03 [ 21%] Building CXX object modules/CMakeFiles/modules.dir/DungeonRespawn/src/MP_loader.cpp.o
#23 61.03 [ 21%] Building CXX object modules/CMakeFiles/modules.dir/ReusablePotion/src/MP_loader.cpp.o
#23 61.03 [ 22%] Building CXX object modules/CMakeFiles/modules.dir/mod-accountbound/src/mod_accountbound_config.cpp.o
#23 61.03 [ 22%] Building CXX object modules/CMakeFiles/modules.dir/mod-accountbound/src/mod_accountbound.cpp.o
#23 61.03 [ 22%] Building CXX object modules/CMakeFiles/modules.dir/mod-accountbound/src/mod_accountbound_heirlooms.cpp.o
#23 61.03 [ 22%] Building CXX object modules/CMakeFiles/modules.dir/mod-accountbound/src/mod_accountbound_hoarder.cpp.o
#23 61.03 [ 22%] Building CXX object modules/CMakeFiles/modules.dir/ReusablePotion/src/ReusablePotion.cpp.o
#23 61.03 [ 22%] Building CXX object modules/CMakeFiles/modules.dir/mod-accountbound/src/mod_accountbound_mounts.cpp.o
#23 61.03 [ 22%] Building CXX object modules/CMakeFiles/modules.dir/mod-accountbound/src/mod_accountbound_companions.cpp.o
#23 61.03 [ 22%] Building CXX object modules/CMakeFiles/modules.dir/RaidTeleporter/src/RaidTeleporter.cpp.o
#23 61.04 [ 22%] Building CXX object modules/CMakeFiles/modules.dir/mod-accountbound/src/mod_accountbound_player.cpp.o
#23 61.04 [ 22%] Building CXX object modules/CMakeFiles/modules.dir/mod-ah-bot-plus/src/AuctionHouseBot.cpp.o
#23 61.04 [ 22%] Building CXX object modules/CMakeFiles/modules.dir/mod-ah-bot-plus/src/AuctionHouseBotScript.cpp.o
#23 61.04 [ 22%] Building CXX object modules/CMakeFiles/modules.dir/mod-ah-bot-plus/src/ah_bot_loader.cpp.o
#23 61.05 [ 23%] Building CXX object modules/CMakeFiles/modules.dir/mod-ale/src/LuaEngine/ALECompat.cpp.o
#23 61.06 [ 23%] Building CXX object modules/CMakeFiles/modules.dir/mod-ale/src/ALE_SC.cpp.o
#23 61.06 [ 23%] Building CXX object modules/CMakeFiles/modules.dir/mod-ale/src/ALE_loader.cpp.o
#23 61.06 [ 23%] Building CXX object src/server/game/CMakeFiles/game.dir/cmake_pch.hxx.pch
#23 61.07 [ 23%] Building CXX object modules/CMakeFiles/modules.dir/mod-ale/src/LuaEngine/ALEConfig.cpp.o
#23 61.07 [ 23%] Building CXX object modules/CMakeFiles/modules.dir/mod-ale/src/LuaEngine/ALEDBCRegistry.cpp.o
#23 61.10 [ 23%] Building CXX object src/server/scripts/CMakeFiles/scripts.dir/cmake_pch.hxx.pch
#23 61.14 [ 23%] Building CXX object modules/CMakeFiles/modules.dir/mod-ale/src/LuaEngine/ALEEventMgr.cpp.o
#23 61.16 [ 23%] Building CXX object modules/CMakeFiles/modules.dir/mod-ale/src/LuaEngine/ALEFileWatcher.cpp.o
#23 61.21 [ 23%] Building CXX object modules/CMakeFiles/modules.dir/mod-ale/src/LuaEngine/ALEInstanceAI.cpp.o
#23 61.22 [ 23%] Building CXX object modules/CMakeFiles/modules.dir/mod-ale/src/LuaEngine/ALEUtility.cpp.o
#23 61.25 [ 23%] Building CXX object modules/CMakeFiles/modules.dir/mod-ale/src/LuaEngine/HttpManager.cpp.o
#23 61.32 [ 23%] Building CXX object modules/CMakeFiles/modules.dir/mod-ale/src/LuaEngine/LuaEngine.cpp.o
#23 61.95 [ 23%] Building CXX object modules/CMakeFiles/modules.dir/mod-ale/src/LuaEngine/LuaFunctions.cpp.o
#23 65.20 [ 23%] Building CXX object modules/CMakeFiles/modules.dir/mod-ale/src/LuaEngine/lmarshal.cpp.o
#23 65.67 [ 23%] Building CXX object modules/CMakeFiles/modules.dir/mod-ale/src/LuaEngine/hooks/AllCreatureHooks.cpp.o
#23 66.73 [ 23%] Building CXX object modules/CMakeFiles/modules.dir/mod-ale/src/LuaEngine/hooks/BattleGroundHooks.cpp.o
#23 68.08 [ 24%] Building CXX object modules/CMakeFiles/modules.dir/mod-ale/src/LuaEngine/hooks/CreatureHooks.cpp.o
#23 68.11 [ 24%] Building CXX object modules/CMakeFiles/modules.dir/mod-ale/src/LuaEngine/hooks/GameObjectHooks.cpp.o
#23 68.32 /azerothcore/modules/RaidTeleporter/src/RaidTeleporter.cpp:56:39: warning: comparison of integers of different signs: 'int' and 'unsigned long' [-Wsign-compare]
#23 68.32                     for (int i = 0; i < teleLocations.size() + ToSkip.size(); i++) { // offset is needed as some boss lists don't start at 0
#23 68.32                                     ~ ^ ~~~~~~~~~~~~~~~~~~~~~~~~~~~~~~~~~~~~
#23 68.32 /azerothcore/modules/RaidTeleporter/src/RaidTeleporter.cpp:74:39: warning: comparison of integers of different signs: 'int' and 'unsigned long' [-Wsign-compare]
#23 68.32                     for (int i = 0; i < teleLocations.size() + ToSkip.size()+1+skipper; i++) { // offset is needed as some boss lists don't start at 
#23 68.32                                     ~ ^ ~~~~~~~~~~~~~~~~~~~~~~~~~~~~~~~~~~~~~~~~~~~~~~
#23 68.32 /azerothcore/modules/RaidTeleporter/src/RaidTeleporter.cpp:98:39: warning: comparison of integers of different signs: 'int' and 'unsigned long' [-Wsign-compare]
#23 68.32                     for (int i = 0; i < teleLocations.size() + ToSkip.size(); i++) { // offset is needed as some boss lists don't start at 0
#23 68.32                                     ~ ^ ~~~~~~~~~~~~~~~~~~~~~~~~~~~~~~~~~~~~
#23 68.32 /azerothcore/modules/RaidTeleporter/src/RaidTeleporter.cpp:117:71: warning: unused parameter 'go' [-Wunused-parameter]
#23 68.32 bool RaidTeleporterScript::OnGossipSelect(Player* player, GameObject* go, uint32 sender, uint32 action) // sender provides the index of the bosss
#23 68.32                                                                       ^
#23 68.32 /azerothcore/modules/RaidTeleporter/src/RaidTeleporter.cpp:117:97: warning: unused parameter 'action' [-Wunused-parameter]
#23 68.32 bool RaidTeleporterScript::OnGossipSelect(Player* player, GameObject* go, uint32 sender, uint32 action) // sender provides the index of the bosss
#23 68.32                                                                                                 ^
#23 68.32 /azerothcore/modules/RaidTeleporter/src/RaidTeleporter.cpp:200:22: warning: comparison of integers of different signs: 'int' and 'std::vector::size_type' (aka 'unsigned long') [-Wsign-compare]
#23 68.32     for(int i = 0; i < ToSkip.size(); i++){
#23 68.32                    ~ ^ ~~~~~~~~~~~~~
#23 68.32 In file included from /azerothcore/modules/RaidTeleporter/src/RaidTeleporter.cpp:1:
#23 68.32 /azerothcore/modules/RaidTeleporter/src/RaidTeleporter.h:15:9: warning: private field 'offset' is not used [-Wunused-private-field]
#23 68.32     int offset = 0;
#23 68.32         ^
#23 68.32 /azerothcore/modules/RaidTeleporter/src/RaidTeleporter.h:16:9: warning: private field 'totalBosses' is not used [-Wunused-private-field]
#23 68.32     int totalBosses = 0;
#23 68.32         ^
#23 68.32 8 warnings generated.
#23 68.35 [ 24%] Building CXX object modules/CMakeFiles/modules.dir/mod-ale/src/LuaEngine/hooks/GossipHooks.cpp.o
#23 68.51 [ 24%] Building CXX object modules/CMakeFiles/modules.dir/mod-ale/src/LuaEngine/hooks/GroupHooks.cpp.o
#23 69.24 [ 24%] Building CXX object modules/CMakeFiles/modules.dir/mod-ale/src/LuaEngine/hooks/GuildHooks.cpp.o
#23 69.47 [ 24%] Building CXX object modules/CMakeFiles/modules.dir/mod-ale/src/LuaEngine/hooks/InstanceHooks.cpp.o
#23 69.92 [ 24%] Building CXX object modules/CMakeFiles/modules.dir/mod-ale/src/LuaEngine/hooks/ItemHooks.cpp.o
#23 69.96 [ 24%] Building CXX object src/server/apps/CMakeFiles/authserver.dir/authserver/Main.cpp.o
#23 70.37 [ 24%] Building CXX object src/server/apps/CMakeFiles/authserver.dir/authserver/Authentication/AuthCodes.cpp.o
#23 71.59 /azerothcore/modules/DungeonRespawn/src/DungeonRespawn.cpp:266:89: warning: comparison of integers of different signs: 'int32' (aka 'int') and 'uint32' (aka 'unsigned int') [-Wsign-compare]
#23 71.59     if (prData->isTeleportingNewMap || prData->dungeon.map == -1 || prData->dungeon.map != player->GetMapId())
#23 71.59                                                                     ~~~~~~~~~~~~~~~~~~~ ^  ~~~~~~~~~~~~~~~~~~
#23 71.59 1 warning generated.
#23 71.66 [ 24%] Building CXX object modules/CMakeFiles/modules.dir/mod-ale/src/LuaEngine/hooks/PacketHooks.cpp.o
#23 71.89 [ 24%] Building CXX object src/server/apps/CMakeFiles/authserver.dir/authserver/Server/AuthSession.cpp.o
#23 71.93 [ 24%] Building CXX object modules/CMakeFiles/modules.dir/mod-ale/src/LuaEngine/hooks/PlayerHooks.cpp.o
#23 72.94 [ 24%] Building CXX object src/server/game/CMakeFiles/game.dir/AI/CreatureAI.cpp.o
#23 73.21 [ 24%] Building CXX object src/server/game/CMakeFiles/game.dir/AI/CreatureAIRegistry.cpp.o
#23 79.04 [ 24%] Building CXX object src/server/game/CMakeFiles/game.dir/AI/CreatureAISelector.cpp.o
#23 79.06 [ 24%] Building CXX object src/server/game/CMakeFiles/game.dir/AI/enuminfo_CreatureAI.cpp.o
#23 79.37 [ 24%] Building CXX object modules/CMakeFiles/modules.dir/mod-ale/src/LuaEngine/hooks/ServerHooks.cpp.o
#23 79.87 [ 24%] Building CXX object modules/CMakeFiles/modules.dir/mod-ale/src/LuaEngine/hooks/SpellHooks.cpp.o
#23 80.03 [ 24%] Building CXX object src/server/game/CMakeFiles/game.dir/AI/CoreAI/CombatAI.cpp.o
#23 80.30 [ 24%] Linking CXX executable authserver
#23 80.55 [ 24%] Building CXX object modules/CMakeFiles/modules.dir/mod-ale/src/LuaEngine/hooks/TicketHooks.cpp.o
#23 80.66 [ 24%] Building CXX object modules/CMakeFiles/modules.dir/mod-ale/src/LuaEngine/hooks/VehicleHooks.cpp.o
#23 81.41 [ 24%] Building CXX object src/server/game/CMakeFiles/game.dir/AI/CoreAI/GameObjectAI.cpp.o
#23 81.61 [ 24%] Built target authserver
#23 81.63 [ 24%] Building CXX object src/server/game/CMakeFiles/game.dir/AI/CoreAI/GuardAI.cpp.o
#23 81.73 [ 24%] Building CXX object src/server/game/CMakeFiles/game.dir/AI/CoreAI/PassiveAI.cpp.o
#23 83.48 [ 24%] Building CXX object src/server/scripts/CMakeFiles/scripts.dir/gen_scriptloader/static/ScriptLoader.cpp.o
#23 83.51 [ 24%] Building CXX object src/server/scripts/CMakeFiles/scripts.dir/Commands/PlayerCommand.cpp.o
#23 83.62 [ 25%] Building CXX object src/server/scripts/CMakeFiles/scripts.dir/Commands/cs_account.cpp.o
#23 83.95 [ 25%] Building CXX object modules/CMakeFiles/modules.dir/mod-aoe-loot/src/aoe_loot.cpp.o
#23 84.13 [ 26%] Building CXX object modules/CMakeFiles/modules.dir/mod-aoe-loot/src/aoe_loot_loader.cpp.o
#23 84.20 [ 26%] Building CXX object modules/CMakeFiles/modules.dir/mod-autobalance/src/ABAllCreatureScript.cpp.o
#23 84.36 [ 26%] Building CXX object src/server/game/CMakeFiles/game.dir/AI/CoreAI/PetAI.cpp.o
#23 84.42 [ 26%] Building CXX object modules/CMakeFiles/modules.dir/mod-autobalance/src/ABAllMapScript.cpp.o
#23 84.66 [ 26%] Building CXX object modules/CMakeFiles/modules.dir/mod-autobalance/src/ABCommandScript.cpp.o
#23 84.66 [ 26%] Building CXX object src/server/scripts/CMakeFiles/scripts.dir/Commands/cs_achievement.cpp.o
#23 84.74 [ 26%] Building CXX object modules/CMakeFiles/modules.dir/mod-autobalance/src/ABConfig.cpp.o
#23 84.78 [ 26%] Building CXX object modules/CMakeFiles/modules.dir/mod-autobalance/src/ABGameObjectScript.cpp.o
#23 85.26 [ 26%] Building CXX object src/server/game/CMakeFiles/game.dir/AI/CoreAI/ReactorAI.cpp.o
#23 85.41 [ 26%] Building CXX object src/server/scripts/CMakeFiles/scripts.dir/Commands/cs_arena.cpp.o
#23 86.02 [ 26%] Building CXX object src/server/scripts/CMakeFiles/scripts.dir/Commands/cs_bag.cpp.o
#23 86.45 [ 26%] Building CXX object modules/CMakeFiles/modules.dir/mod-autobalance/src/ABGlobalScript.cpp.o
#23 86.56 [ 26%] Building CXX object src/server/scripts/CMakeFiles/scripts.dir/Commands/cs_ban.cpp.o
#23 87.27 [ 26%] Building CXX object src/server/scripts/CMakeFiles/scripts.dir/Commands/cs_bf.cpp.o
#23 87.96 [ 26%] Building CXX object src/server/scripts/CMakeFiles/scripts.dir/Commands/cs_cache.cpp.o
#23 88.21 [ 26%] Building CXX object src/server/game/CMakeFiles/game.dir/AI/CoreAI/TotemAI.cpp.o
#23 88.82 [ 26%] Building CXX object modules/CMakeFiles/modules.dir/mod-autobalance/src/ABModuleScript.cpp.o
#23 89.89 [ 26%] Building CXX object src/server/scripts/CMakeFiles/scripts.dir/Commands/cs_cast.cpp.o
#23 90.02 [ 26%] Building CXX object src/server/game/CMakeFiles/game.dir/AI/CoreAI/UnitAI.cpp.o
#23 90.05 [ 26%] Building CXX object modules/CMakeFiles/modules.dir/mod-autobalance/src/ABPlayerScript.cpp.o
#23 90.16 [ 27%] Building CXX object src/server/game/CMakeFiles/game.dir/AI/ScriptedAI/ScriptedCreature.cpp.o
#23 90.26 [ 27%] Building CXX object src/server/game/CMakeFiles/game.dir/AI/ScriptedAI/ScriptedEscortAI.cpp.o
#23 90.41 [ 27%] Building CXX object modules/CMakeFiles/modules.dir/mod-autobalance/src/ABScriptMgr.cpp.o
#23 91.06 [ 27%] Building CXX object modules/CMakeFiles/modules.dir/mod-autobalance/src/ABUnitScript.cpp.o
#23 92.00 [ 27%] Building CXX object src/server/game/CMakeFiles/game.dir/AI/ScriptedAI/ScriptedFollowerAI.cpp.o
#23 92.39 [ 27%] Building CXX object modules/CMakeFiles/modules.dir/mod-autobalance/src/ABUtils.cpp.o
#23 92.52 [ 27%] Building CXX object src/server/scripts/CMakeFiles/scripts.dir/Commands/cs_character.cpp.o
#23 92.54 [ 27%] Building CXX object src/server/game/CMakeFiles/game.dir/AI/ScriptedAI/ScriptedGossip.cpp.o
#23 92.77 [ 27%] Building CXX object src/server/game/CMakeFiles/game.dir/AI/SmartScripts/SmartAI.cpp.o
#23 92.79 [ 27%] Building CXX object modules/CMakeFiles/modules.dir/mod-autobalance/src/ABWorldScript.cpp.o
#23 92.88 [ 27%] Building CXX object src/server/scripts/CMakeFiles/scripts.dir/Commands/cs_cheat.cpp.o
#23 93.82 [ 27%] Building CXX object src/server/scripts/CMakeFiles/scripts.dir/Commands/cs_debug.cpp.o
#23 93.94 [ 27%] Building CXX object src/server/game/CMakeFiles/game.dir/AI/SmartScripts/SmartScript.cpp.o
#23 94.57 [ 27%] Building CXX object src/server/game/CMakeFiles/game.dir/AI/SmartScripts/SmartScriptMgr.cpp.o
#23 94.74 [ 27%] Building CXX object src/server/scripts/CMakeFiles/scripts.dir/Commands/cs_deserter.cpp.o
#23 95.40 [ 28%] Building CXX object modules/CMakeFiles/modules.dir/mod-autobalance/src/AB_loader.cpp.o
#23 95.41 [ 28%] Building CXX object src/server/scripts/CMakeFiles/scripts.dir/Commands/cs_disable.cpp.o
#23 95.55 [ 28%] Building CXX object src/server/game/CMakeFiles/game.dir/Accounts/AccountMgr.cpp.o
#23 95.78 [ 28%] Building CXX object modules/CMakeFiles/modules.dir/mod-autobalance/src/AutoBalance.cpp.o
#23 96.38 [ 29%] Building CXX object src/server/scripts/CMakeFiles/scripts.dir/Commands/cs_event.cpp.o
#23 96.40 [ 29%] Building CXX object src/server/scripts/CMakeFiles/scripts.dir/Commands/cs_gear.cpp.o
#23 96.45 [ 29%] Building CXX object src/server/game/CMakeFiles/game.dir/Achievements/AchievementMgr.cpp.o
#23 96.67 [ 29%] Building CXX object modules/CMakeFiles/modules.dir/mod-autobalance/src/Message.cpp.o
#23 97.05 [ 29%] Building CXX object src/server/game/CMakeFiles/game.dir/Addons/AddonMgr.cpp.o
#23 97.30 [ 29%] Building CXX object src/server/game/CMakeFiles/game.dir/ArenaSpectator/ArenaSpectator.cpp.o
#23 98.08 [ 29%] Building CXX object modules/CMakeFiles/modules.dir/mod-autofish/src/loader.cpp.o
#23 98.25 [ 29%] Building CXX object modules/CMakeFiles/modules.dir/mod-autofish/src/mod_autofish.cpp.o
#23 98.36 [ 29%] Building CXX object modules/CMakeFiles/modules.dir/mod-individual-progression/src/IndividualProgression.cpp.o
#23 98.53 [ 29%] Building CXX object modules/CMakeFiles/modules.dir/mod-individual-progression/src/IndividualProgressionAwareness.cpp.o
#23 98.90 [ 29%] Building CXX object modules/CMakeFiles/modules.dir/mod-individual-progression/src/IndividualProgressionBG.cpp.o
#23 98.92 [ 29%] Building CXX object src/server/game/CMakeFiles/game.dir/AuctionHouse/AuctionHouseMgr.cpp.o
#23 99.27 [ 29%] Building CXX object src/server/game/CMakeFiles/game.dir/AuctionHouse/AuctionHouseSearcher.cpp.o
#23 99.32 [ 30%] Building CXX object src/server/game/CMakeFiles/game.dir/Autobroadcast/AutobroadcastMgr.cpp.o
#23 99.33 [ 30%] Building CXX object src/server/scripts/CMakeFiles/scripts.dir/Commands/cs_gm.cpp.o
#23 100.4 [ 30%] Building CXX object modules/CMakeFiles/modules.dir/mod-individual-progression/src/IndividualProgressionPlayer.cpp.o
#23 100.5 [ 30%] Building CXX object modules/CMakeFiles/modules.dir/mod-individual-progression/src/IndividualProgressionPvP.cpp.o
#23 100.7 [ 30%] Building CXX object src/server/scripts/CMakeFiles/scripts.dir/Commands/cs_go.cpp.o
#23 101.0 [ 30%] Building CXX object src/server/scripts/CMakeFiles/scripts.dir/Commands/cs_gobject.cpp.o
#23 101.0 [ 30%] Building CXX object src/server/scripts/CMakeFiles/scripts.dir/Commands/cs_group.cpp.o
#23 101.2 [ 30%] Building CXX object src/server/scripts/CMakeFiles/scripts.dir/Commands/cs_guild.cpp.o
#23 101.4 [ 30%] Building CXX object src/server/scripts/CMakeFiles/scripts.dir/Commands/cs_honor.cpp.o
#23 102.9 [ 30%] Building CXX object src/server/game/CMakeFiles/game.dir/Battlefield/Battlefield.cpp.o
#23 103.2 [ 30%] Building CXX object src/server/game/CMakeFiles/game.dir/Battlefield/BattlefieldHandler.cpp.o
#23 103.5 [ 30%] Building CXX object src/server/scripts/CMakeFiles/scripts.dir/Commands/cs_instance.cpp.o
#23 104.0 [ 30%] Building CXX object src/server/scripts/CMakeFiles/scripts.dir/Commands/cs_inventory.cpp.o
#23 104.4 [ 30%] Building CXX object src/server/scripts/CMakeFiles/scripts.dir/Commands/cs_item.cpp.o
#23 104.6 [ 30%] Building CXX object src/server/scripts/CMakeFiles/scripts.dir/Commands/cs_learn.cpp.o
#23 104.7 [ 30%] Building CXX object modules/CMakeFiles/modules.dir/mod-individual-progression/src/IndividualProgression_loader.cpp.o
#23 104.8 [ 30%] Building CXX object src/server/game/CMakeFiles/game.dir/Battlefield/BattlefieldMgr.cpp.o
#23 105.0 [ 30%] Building CXX object modules/CMakeFiles/modules.dir/mod-individual-progression/src/cs_individualProgression.cpp.o
#23 105.0 [ 30%] Building CXX object src/server/scripts/CMakeFiles/scripts.dir/Commands/cs_lfg.cpp.o
#23 105.3 [ 30%] Building CXX object src/server/scripts/CMakeFiles/scripts.dir/Commands/cs_list.cpp.o
#23 105.3 [ 30%] Building CXX object src/server/game/CMakeFiles/game.dir/Battlefield/Zones/BattlefieldWG.cpp.o
#23 106.1 [ 30%] Building CXX object src/server/game/CMakeFiles/game.dir/Battlegrounds/Arena.cpp.o
#23 106.3 [ 30%] Building CXX object src/server/game/CMakeFiles/game.dir/Battlegrounds/ArenaTeam.cpp.o
#23 106.4 [ 31%] Building CXX object src/server/scripts/CMakeFiles/scripts.dir/Commands/cs_lookup.cpp.o
#23 106.7 [ 31%] Building CXX object src/server/game/CMakeFiles/game.dir/Battlegrounds/ArenaTeamMgr.cpp.o
#23 106.9 [ 31%] Building CXX object modules/CMakeFiles/modules.dir/mod-individual-progression/src/naxx40Scripts/boss_anubrekhan_40.cpp.o
#23 107.4 [ 32%] Building CXX object modules/CMakeFiles/modules.dir/mod-individual-progression/src/naxx40Scripts/boss_faerlina_40.cpp.o
#23 108.0 [ 32%] Building CXX object src/server/game/CMakeFiles/game.dir/Battlegrounds/Battleground.cpp.o
#23 108.0 [ 32%] Building CXX object modules/CMakeFiles/modules.dir/mod-individual-progression/src/naxx40Scripts/boss_four_horsemen_40.cpp.o
#23 108.2 [ 32%] Building CXX object src/server/scripts/CMakeFiles/scripts.dir/Commands/cs_message.cpp.o
#23 109.1 [ 32%] Building CXX object modules/CMakeFiles/modules.dir/mod-individual-progression/src/naxx40Scripts/boss_gluth_40.cpp.o
#23 109.6 [ 32%] Building CXX object modules/CMakeFiles/modules.dir/mod-individual-progression/src/naxx40Scripts/boss_gothik_40.cpp.o
#23 109.7 [ 32%] Building CXX object src/server/game/CMakeFiles/game.dir/Battlegrounds/BattlegroundMgr.cpp.o
#23 109.8 [ 32%] Building CXX object src/server/game/CMakeFiles/game.dir/Battlegrounds/BattlegroundQueue.cpp.o
#23 110.0 [ 32%] Building CXX object src/server/scripts/CMakeFiles/scripts.dir/Commands/cs_misc.cpp.o
#23 110.0 [ 32%] Building CXX object src/server/game/CMakeFiles/game.dir/Battlegrounds/BattlegroundSpamProtect.cpp.o
#23 110.1 [ 32%] Building CXX object src/server/scripts/CMakeFiles/scripts.dir/Commands/cs_mmaps.cpp.o
#23 110.1 [ 32%] Building CXX object modules/CMakeFiles/modules.dir/mod-individual-progression/src/naxx40Scripts/boss_grobbulus_40.cpp.o
#23 110.2 [ 32%] Building CXX object src/server/game/CMakeFiles/game.dir/Battlegrounds/BattlegroundUtils.cpp.o
#23 110.5 [ 33%] Building CXX object src/server/game/CMakeFiles/game.dir/Battlegrounds/enuminfo_ArenaTeam.cpp.o
#23 110.5 [ 33%] Building CXX object src/server/game/CMakeFiles/game.dir/Battlegrounds/ArenaSeason/ArenaSeasonMgr.cpp.o
#23 110.6 [ 33%] Building CXX object src/server/game/CMakeFiles/game.dir/Battlegrounds/ArenaSeason/ArenaSeasonRewardsDistributor.cpp.o
#23 111.4 [ 33%] Building CXX object modules/CMakeFiles/modules.dir/mod-individual-progression/src/naxx40Scripts/boss_heigan_40.cpp.o
#23 111.5 [ 33%] Building CXX object modules/CMakeFiles/modules.dir/mod-individual-progression/src/naxx40Scripts/boss_loatheb_40.cpp.o
#23 111.5 [ 33%] Building CXX object modules/CMakeFiles/modules.dir/mod-individual-progression/src/naxx40Scripts/boss_kelthuzad_40.cpp.o
#23 111.8 [ 33%] Building CXX object src/server/game/CMakeFiles/game.dir/Battlegrounds/Zones/BattlegroundAB.cpp.o
#23 112.1 [ 33%] Building CXX object src/server/scripts/CMakeFiles/scripts.dir/Commands/cs_modify.cpp.o
#23 112.3 [ 33%] Building CXX object src/server/scripts/CMakeFiles/scripts.dir/Commands/cs_npc.cpp.o
#23 112.5 [ 33%] Building CXX object modules/CMakeFiles/modules.dir/mod-individual-progression/src/naxx40Scripts/boss_maexxna_40.cpp.o
#23 113.1 [ 33%] Building CXX object src/server/game/CMakeFiles/game.dir/Battlegrounds/Zones/BattlegroundBE.cpp.o
#23 113.1 [ 33%] Building CXX object src/server/game/CMakeFiles/game.dir/Battlegrounds/Zones/BattlegroundAV.cpp.o
#23 113.5 [ 33%] Building CXX object src/server/scripts/CMakeFiles/scripts.dir/Commands/cs_pet.cpp.o
#23 113.5 [ 33%] Building CXX object src/server/game/CMakeFiles/game.dir/Battlegrounds/Zones/BattlegroundDS.cpp.o
#23 114.4 [ 33%] Building CXX object src/server/game/CMakeFiles/game.dir/Battlegrounds/Zones/BattlegroundEY.cpp.o
#23 114.5 [ 33%] Building CXX object src/server/scripts/CMakeFiles/scripts.dir/Commands/cs_player.cpp.o
#23 114.6 [ 33%] Building CXX object src/server/scripts/CMakeFiles/scripts.dir/Commands/cs_player_settings.cpp.o
#23 114.8 [ 33%] Building CXX object modules/CMakeFiles/modules.dir/mod-individual-progression/src/naxx40Scripts/boss_noth_40.cpp.o
#23 115.1 [ 33%] Building CXX object src/server/game/CMakeFiles/game.dir/Battlegrounds/Zones/BattlegroundIC.cpp.o
#23 115.2 [ 33%] Building CXX object modules/CMakeFiles/modules.dir/mod-individual-progression/src/naxx40Scripts/boss_patchwerk_40.cpp.o
#23 116.3 [ 33%] Building CXX object src/server/scripts/CMakeFiles/scripts.dir/Commands/cs_pooltools.cpp.o
#23 116.5 [ 33%] Building CXX object src/server/scripts/CMakeFiles/scripts.dir/Commands/cs_quest.cpp.o
#23 116.5 [ 33%] Building CXX object src/server/scripts/CMakeFiles/scripts.dir/Commands/cs_reload.cpp.o
#23 117.0 [ 33%] Building CXX object src/server/scripts/CMakeFiles/scripts.dir/Commands/cs_reset.cpp.o
#23 117.2 [ 33%] Building CXX object modules/CMakeFiles/modules.dir/mod-individual-progression/src/naxx40Scripts/boss_razuvious_40.cpp.o
#23 117.3 [ 34%] Building CXX object src/server/scripts/CMakeFiles/scripts.dir/Commands/cs_script_loader.cpp.o
#23 118.1 [ 34%] Building CXX object src/server/scripts/CMakeFiles/scripts.dir/Commands/cs_send.cpp.o
#23 118.4 [ 34%] Building CXX object modules/CMakeFiles/modules.dir/mod-individual-progression/src/naxx40Scripts/boss_sapphiron_40.cpp.o
#23 118.6 [ 35%] Building CXX object modules/CMakeFiles/modules.dir/mod-individual-progression/src/naxx40Scripts/boss_thaddius_40.cpp.o
#23 118.9 [ 35%] Building CXX object modules/CMakeFiles/modules.dir/mod-individual-progression/src/naxx40Scripts/custom_creatures_40.cpp.o
#23 119.0 [ 35%] Building CXX object modules/CMakeFiles/modules.dir/mod-individual-progression/src/naxx40Scripts/custom_gameobjects_40.cpp.o
#23 119.3 [ 35%] Building CXX object modules/CMakeFiles/modules.dir/mod-individual-progression/src/naxx40Scripts/custom_scripts_40.cpp.o
#23 119.5 [ 35%] Building CXX object modules/CMakeFiles/modules.dir/mod-individual-progression/src/naxx40Scripts/custom_spells_40.cpp.o
#23 119.7 [ 35%] Building CXX object src/server/scripts/CMakeFiles/scripts.dir/Commands/cs_server.cpp.o
#23 119.7 [ 35%] Building CXX object src/server/game/CMakeFiles/game.dir/Battlegrounds/Zones/BattlegroundNA.cpp.o
#23 120.0 [ 35%] Building CXX object src/server/scripts/CMakeFiles/scripts.dir/Commands/cs_spectator.cpp.o
#23 120.4 [ 35%] Building CXX object src/server/scripts/CMakeFiles/scripts.dir/Commands/cs_tele.cpp.o
#23 120.5 [ 35%] Building CXX object src/server/game/CMakeFiles/game.dir/Battlegrounds/Zones/BattlegroundRL.cpp.o
#23 120.5 [ 35%] Building CXX object src/server/scripts/CMakeFiles/scripts.dir/Commands/cs_ticket.cpp.o
#23 120.6 [ 35%] Building CXX object src/server/scripts/CMakeFiles/scripts.dir/Commands/cs_titles.cpp.o
#23 120.7 [ 35%] Building CXX object modules/CMakeFiles/modules.dir/mod-individual-progression/src/naxx40Scripts/instance_naxxramas.cpp.o
#23 121.7 [ 35%] Building CXX object modules/CMakeFiles/modules.dir/mod-individual-progression/src/naxx40Scripts/omarion.cpp.o
#23 121.7 [ 35%] Building CXX object src/server/game/CMakeFiles/game.dir/Battlegrounds/Zones/BattlegroundRV.cpp.o
#23 121.9 [ 35%] Building CXX object modules/CMakeFiles/modules.dir/mod-individual-progression/src/spellScripts/spellScripts.cpp.o
#23 122.1 [ 35%] Building CXX object src/server/scripts/CMakeFiles/scripts.dir/Commands/cs_worldstate.cpp.o
#23 123.1 [ 35%] Building CXX object src/server/game/CMakeFiles/game.dir/Battlegrounds/Zones/BattlegroundSA.cpp.o
#23 123.6 [ 35%] Building CXX object modules/CMakeFiles/modules.dir/mod-individual-progression/src/tbcScripts/caverns_of_time.cpp.o
#23 123.6 [ 36%] Building CXX object src/server/game/CMakeFiles/game.dir/Battlegrounds/Zones/BattlegroundWS.cpp.o
#23 123.7 [ 36%] Building CXX object src/server/game/CMakeFiles/game.dir/Cache/CharacterCache.cpp.o
#23 123.7 [ 36%] Building CXX object modules/CMakeFiles/modules.dir/mod-individual-progression/src/tbcScripts/instance_karazhan.cpp.o
#23 123.9 [ 36%] Building CXX object src/server/scripts/CMakeFiles/scripts.dir/Commands/cs_wp.cpp.o
#23 124.3 [ 36%] Building CXX object src/server/game/CMakeFiles/game.dir/Cache/WhoListCacheMgr.cpp.o
#23 125.1 [ 36%] Building CXX object src/server/game/CMakeFiles/game.dir/Chat/Chat.cpp.o
#23 125.1 [ 36%] Building CXX object src/server/game/CMakeFiles/game.dir/Calendar/CalendarMgr.cpp.o
#23 125.1 [ 36%] Building CXX object src/server/scripts/CMakeFiles/scripts.dir/Custom/custom_script_loader.cpp.o
#23 125.3 [ 36%] Building CXX object src/server/game/CMakeFiles/game.dir/Chat/HyperlinkTags.cpp.o
#23 125.3 [ 36%] Building CXX object src/server/scripts/CMakeFiles/scripts.dir/EasternKingdoms/eastern_kingdoms_script_loader.cpp.o
#23 125.5 [ 36%] Building CXX object modules/CMakeFiles/modules.dir/mod-individual-progression/src/tbcScripts/serpentshrine_cavern.cpp.o
#23 125.9 [ 36%] Building CXX object modules/CMakeFiles/modules.dir/mod-individual-progression/src/tbcScripts/the_eye.cpp.o
#23 125.9 [ 36%] Building CXX object src/server/game/CMakeFiles/game.dir/Chat/Hyperlinks.cpp.o
#23 126.0 [ 36%] Building CXX object src/server/scripts/CMakeFiles/scripts.dir/EasternKingdoms/zone_arathi_highlands.cpp.o
#23 126.8 [ 36%] Building CXX object modules/CMakeFiles/modules.dir/mod-individual-progression/src/vanillaScripts/aq_scripts.cpp.o
#23 126.8 [ 36%] Building CXX object src/server/game/CMakeFiles/game.dir/Chat/Channels/Channel.cpp.o
#23 126.8 [ 37%] Building CXX object modules/CMakeFiles/modules.dir/mod-individual-progression/src/vanillaScripts/aq_we_scripts.cpp.o
#23 127.2 [ 37%] Building CXX object modules/CMakeFiles/modules.dir/mod-individual-progression/src/vanillaScripts/boss_chromaggus.cpp.o
#23 127.5 [ 37%] Building CXX object modules/CMakeFiles/modules.dir/mod-individual-progression/src/vanillaScripts/boss_drakkisath.cpp.o
#23 127.8 [ 37%] Building CXX object src/server/game/CMakeFiles/game.dir/Chat/Channels/ChannelMgr.cpp.o
#23 128.3 [ 37%] Building CXX object modules/CMakeFiles/modules.dir/mod-individual-progression/src/vanillaScripts/boss_lord_kazzak.cpp.o
#23 128.4 [ 37%] Building CXX object src/server/scripts/CMakeFiles/scripts.dir/EasternKingdoms/zone_blasted_lands.cpp.o
#23 128.5 [ 37%] Building CXX object src/server/game/CMakeFiles/game.dir/Chat/ChatCommands/ChatCommand.cpp.o
#23 128.5 [ 37%] Building CXX object src/server/game/CMakeFiles/game.dir/Chat/Channels/enuminfo_Channel.cpp.o
#23 129.8 [ 38%] Building CXX object src/server/scripts/CMakeFiles/scripts.dir/EasternKingdoms/zone_burning_steppes.cpp.o
#23 129.9 [ 38%] Building CXX object modules/CMakeFiles/modules.dir/mod-individual-progression/src/vanillaScripts/boss_onyxia.cpp.o
#23 129.9 [ 38%] Building CXX object src/server/game/CMakeFiles/game.dir/Chat/ChatCommands/ChatCommandArgs.cpp.o
#23 130.0 [ 38%] Building CXX object modules/CMakeFiles/modules.dir/mod-individual-progression/src/vanillaScripts/instance_blackrock_depths.cpp.o
#23 130.0 [ 38%] Building CXX object modules/CMakeFiles/modules.dir/mod-individual-progression/src/vanillaScripts/instance_blackrock_spire.cpp.o
#23 130.1 [ 38%] Building CXX object src/server/game/CMakeFiles/game.dir/Chat/ChatCommands/ChatCommandTags.cpp.o
#23 130.1 [ 38%] Building CXX object src/server/game/CMakeFiles/game.dir/Chat/ChatCommands/ChatCommandHelpers.cpp.o
#23 130.3 [ 38%] Building CXX object src/server/scripts/CMakeFiles/scripts.dir/EasternKingdoms/zone_duskwood.cpp.o
#23 130.4 [ 39%] Building CXX object src/server/game/CMakeFiles/game.dir/Combat/HostileRefMgr.cpp.o
#23 130.4 [ 39%] Building CXX object modules/CMakeFiles/modules.dir/mod-individual-progression/src/vanillaScripts/instance_maraudon.cpp.o
#23 130.7 [ 39%] Building CXX object src/server/scripts/CMakeFiles/scripts.dir/EasternKingdoms/zone_eastern_plaguelands.cpp.o
#23 131.2 [ 39%] Building CXX object src/server/scripts/CMakeFiles/scripts.dir/EasternKingdoms/zone_elwynn_forest.cpp.o
#23 131.4 [ 39%] Building CXX object modules/CMakeFiles/modules.dir/mod-individual-progression/src/vanillaScripts/instance_molten_core.cpp.o
#23 131.8 [ 39%] Building CXX object src/server/scripts/CMakeFiles/scripts.dir/EasternKingdoms/zone_eversong_woods.cpp.o
#23 131.9 [ 39%] Building CXX object src/server/scripts/CMakeFiles/scripts.dir/EasternKingdoms/zone_ghostlands.cpp.o
#23 132.2 [ 39%] Building CXX object modules/CMakeFiles/modules.dir/mod-individual-progression/src/vanillaScripts/instance_onyxias_lair.cpp.o
#23 132.6 [ 39%] Building CXX object modules/CMakeFiles/modules.dir/mod-individual-progression/src/vanillaScripts/instance_stratholme.cpp.o
#23 132.6 [ 39%] Building CXX object src/server/game/CMakeFiles/game.dir/Combat/ThreatMgr.cpp.o
#23 133.2 [ 39%] Building CXX object modules/CMakeFiles/modules.dir/mod-individual-progression/src/vanillaScripts/quest_jail_break.cpp.o
#23 133.2 [ 39%] Building CXX object src/server/game/CMakeFiles/game.dir/Conditions/ConditionMgr.cpp.o
#23 133.2 [ 39%] Building CXX object modules/CMakeFiles/modules.dir/mod-individual-progression/src/vanillaScripts/quest_the_masquerade.cpp.o
#23 133.3 [ 39%] Building CXX object src/server/game/CMakeFiles/game.dir/Conditions/DisableMgr.cpp.o
#23 133.5 [ 39%] Building CXX object modules/CMakeFiles/modules.dir/mod-individual-progression/src/wotlkScripts/IppWotlkModdedScripts.cpp.o
#23 133.8 [ 39%] Building CXX object src/server/game/CMakeFiles/game.dir/DataStores/DBCStores.cpp.o
#23 134.1 [ 40%] Building CXX object modules/CMakeFiles/modules.dir/mod-individual-progression/src/wotlkScripts/npc_archmage_timear.cpp.o
#23 134.3 [ 40%] Building CXX object src/server/scripts/CMakeFiles/scripts.dir/EasternKingdoms/zone_hinterlands.cpp.o
#23 134.8 [ 40%] Building CXX object modules/CMakeFiles/modules.dir/mod-junk-to-gold/src/mod_junk_to_gold.cpp.o
#23 135.2 [ 40%] Building CXX object modules/CMakeFiles/modules.dir/mod-profession-experience/src/PE_loader.cpp.o
#23 135.5 [ 40%] Building CXX object modules/CMakeFiles/modules.dir/mod-profession-experience/src/ProfessionExp.cpp.o
#23 135.5 [ 40%] Building CXX object modules/CMakeFiles/modules.dir/mod-racial-trait-swap/src/RacialTraitSwap.cpp.o
#23 135.8 [ 40%] Building CXX object modules/CMakeFiles/modules.dir/mod-racial-trait-swap/src/loader.cpp.o
#23 135.8 [ 40%] Building CXX object src/server/scripts/CMakeFiles/scripts.dir/EasternKingdoms/zone_isle_of_queldanas.cpp.o
#23 135.9 [ 40%] Building CXX object src/server/game/CMakeFiles/game.dir/DataStores/M2Stores.cpp.o
#23 136.2 [ 40%] Building CXX object src/server/scripts/CMakeFiles/scripts.dir/EasternKingdoms/zone_redridge_mountains.cpp.o
#23 136.3 [ 40%] Building CXX object src/server/game/CMakeFiles/game.dir/DungeonFinding/LFG.cpp.o
#23 136.3 [ 40%] Building CXX object src/server/game/CMakeFiles/game.dir/DungeonFinding/LFGGroupData.cpp.o
#23 136.7 [ 40%] Building CXX object src/server/game/CMakeFiles/game.dir/DungeonFinding/LFGMgr.cpp.o
#23 137.3 [ 40%] Building CXX object src/server/scripts/CMakeFiles/scripts.dir/EasternKingdoms/zone_silverpine_forest.cpp.o
#23 137.5 [ 40%] Building CXX object src/server/game/CMakeFiles/game.dir/DungeonFinding/LFGPlayerData.cpp.o
#23 137.6 [ 40%] Building CXX object src/server/scripts/CMakeFiles/scripts.dir/EasternKingdoms/zone_stormwind_city.cpp.o
#23 138.4 [ 40%] Building CXX object modules/CMakeFiles/modules.dir/mod-reagent-bank-account/src/ReagentBankAccount.cpp.o
#23 138.6 [ 40%] Building CXX object src/server/scripts/CMakeFiles/scripts.dir/EasternKingdoms/zone_undercity.cpp.o
#23 138.9 [ 40%] Building CXX object modules/CMakeFiles/modules.dir/mod-reagent-bank-account/src/ReagentBankAccount_loader.cpp.o
#23 138.9 [ 40%] Building CXX object src/server/game/CMakeFiles/game.dir/DungeonFinding/LFGQueue.cpp.o
#23 139.3 [ 40%] Building CXX object src/server/game/CMakeFiles/game.dir/DungeonFinding/LFGScripts.cpp.o
#23 139.3 [ 40%] Building CXX object src/server/game/CMakeFiles/game.dir/Entities/Corpse/Corpse.cpp.o
#23 139.4 [ 40%] Building CXX object modules/CMakeFiles/modules.dir/mod-solo-lfg/src/LFG_loader.cpp.o
#23 139.4 [ 40%] Building CXX object src/server/scripts/CMakeFiles/scripts.dir/EasternKingdoms/zone_western_plaguelands.cpp.o
#23 139.6 [ 40%] Building CXX object modules/CMakeFiles/modules.dir/mod-solo-lfg/src/Lfg_Solo.cpp.o
#23 139.9 [ 41%] Building CXX object src/server/scripts/CMakeFiles/scripts.dir/EasternKingdoms/zone_westfall.cpp.o
#23 140.1 [ 41%] Building CXX object modules/CMakeFiles/modules.dir/mod-starter-guild/src/SG_loader.cpp.o
#23 140.3 [ 41%] Building CXX object src/server/scripts/CMakeFiles/scripts.dir/EasternKingdoms/zone_wetlands.cpp.o
#23 140.4 [ 41%] Building CXX object modules/CMakeFiles/modules.dir/mod-starter-guild/src/mod_starterguild.cpp.o
#23 140.6 [ 42%] Building CXX object src/server/game/CMakeFiles/game.dir/Entities/Creature/Creature.cpp.o
#23 141.2 [ 42%] Building CXX object src/server/scripts/CMakeFiles/scripts.dir/EasternKingdoms/AlteracValley/alterac_valley.cpp.o
#23 141.4 [ 42%] Building CXX object src/server/game/CMakeFiles/game.dir/Entities/Creature/CreatureGroups.cpp.o
#23 141.6 [ 42%] Building CXX object src/server/game/CMakeFiles/game.dir/Entities/Creature/GossipDef.cpp.o
#23 141.7 [ 42%] Building CXX object src/server/game/CMakeFiles/game.dir/Entities/Creature/TemporarySummon.cpp.o
#23 141.7 [ 42%] Building CXX object modules/CMakeFiles/modules.dir/mod-worgoblin/src/Worgoblin.cpp.o
#23 142.1 [ 43%] Building CXX object modules/CMakeFiles/modules.dir/multiple_specializations/src/MP_loader.cpp.o
#23 142.2 [ 43%] Building CXX object src/server/game/CMakeFiles/game.dir/Entities/Creature/Trainer.cpp.o
#23 142.3 [ 43%] Building CXX object modules/CMakeFiles/modules.dir/multiple_specializations/src/multiple_specializations.cpp.o
#23 142.4 [ 43%] Building CXX object src/server/game/CMakeFiles/game.dir/Entities/Creature/enuminfo_CreatureData.cpp.o
#23 142.4 [ 43%] Building CXX object src/server/scripts/CMakeFiles/scripts.dir/EasternKingdoms/AlteracValley/boss_balinda.cpp.o
#23 142.6 [ 43%] Building CXX object src/server/game/CMakeFiles/game.dir/Entities/DynamicObject/DynamicObject.cpp.o
#23 142.6 [ 43%] Building CXX object src/server/game/CMakeFiles/game.dir/Entities/GameObject/GameObject.cpp.o
#23 142.9 [ 43%] Building CXX object src/server/scripts/CMakeFiles/scripts.dir/EasternKingdoms/AlteracValley/boss_drekthar.cpp.o
#23 143.6 [ 43%] Building CXX object src/server/scripts/CMakeFiles/scripts.dir/EasternKingdoms/AlteracValley/boss_galvangar.cpp.o
#23 143.7 [ 43%] Building CXX object src/server/scripts/CMakeFiles/scripts.dir/EasternKingdoms/AlteracValley/boss_vanndar.cpp.o
#23 143.9 [ 43%] Building CXX object src/server/game/CMakeFiles/game.dir/Entities/Item/Item.cpp.o
#23 144.4 [ 43%] Building CXX object src/server/scripts/CMakeFiles/scripts.dir/EasternKingdoms/BlackrockMountain/BlackrockDepths/blackrock_depths.cpp.o
#23 144.6 [ 43%] Building CXX object src/server/game/CMakeFiles/game.dir/Entities/Item/ItemEnchantmentMgr.cpp.o
#23 144.6 [ 43%] Building CXX object src/server/game/CMakeFiles/game.dir/Entities/Item/enuminfo_Item.cpp.o
#23 144.6 [ 43%] Building CXX object src/server/game/CMakeFiles/game.dir/Entities/Item/Container/Bag.cpp.o
#23 144.8 [ 43%] Building CXX object src/server/scripts/CMakeFiles/scripts.dir/EasternKingdoms/BlackrockMountain/BlackrockDepths/boss_anubshiah.cpp.o
#23 144.8 [ 43%] Building CXX object src/server/scripts/CMakeFiles/scripts.dir/EasternKingdoms/BlackrockMountain/BlackrockDepths/boss_ambassador_flamelash.cpp.o
#23 145.4 [ 43%] Building CXX object src/server/scripts/CMakeFiles/scripts.dir/EasternKingdoms/BlackrockMountain/BlackrockDepths/boss_emperor_dagran_thaurissan.cpp.o
#23 145.5 [ 43%] Building CXX object src/server/game/CMakeFiles/game.dir/Entities/Object/Object.cpp.o
#23 145.6 [ 44%] Building CXX object src/server/game/CMakeFiles/game.dir/Entities/Object/ObjectGuid.cpp.o
#23 146.1 [ 44%] Building CXX object src/server/scripts/CMakeFiles/scripts.dir/EasternKingdoms/BlackrockMountain/BlackrockDepths/boss_eviscerator.cpp.o
#23 146.1 [ 44%] Building CXX object src/server/scripts/CMakeFiles/scripts.dir/EasternKingdoms/BlackrockMountain/BlackrockDepths/boss_general_angerforge.cpp.o
#23 146.3 [ 44%] Building CXX object src/server/game/CMakeFiles/game.dir/Entities/Object/ObjectPosSelector.cpp.o
#23 146.4 [ 44%] Building CXX object src/server/game/CMakeFiles/game.dir/Entities/Object/ObjectVisibilityContainer.cpp.o
#23 146.5 [ 44%] Building CXX object src/server/game/CMakeFiles/game.dir/Entities/Object/Position.cpp.o
#23 147.0 [ 44%] Building CXX object src/server/game/CMakeFiles/game.dir/Entities/Object/Updates/UpdateData.cpp.o
#23 147.0 [ 44%] Building CXX object src/server/game/CMakeFiles/game.dir/Entities/Object/Updates/UpdateFieldFlags.cpp.o
#23 147.1 [ 44%] Building CXX object src/server/game/CMakeFiles/game.dir/Entities/Pet/Pet.cpp.o
#23 147.2 [ 45%] Building CXX object src/server/scripts/CMakeFiles/scripts.dir/EasternKingdoms/BlackrockMountain/BlackrockDepths/boss_grizzle.cpp.o
#23 147.2 [ 45%] Building CXX object src/server/scripts/CMakeFiles/scripts.dir/EasternKingdoms/BlackrockMountain/BlackrockDepths/boss_gorosh_the_dervish.cpp.o
#23 147.3 [ 45%] Building CXX object src/server/game/CMakeFiles/game.dir/Entities/Player/CinematicMgr.cpp.o
#23 147.6 [ 45%] Building CXX object src/server/game/CMakeFiles/game.dir/Entities/Player/KillRewarder.cpp.o
#23 147.6 [ 45%] Building CXX object src/server/game/CMakeFiles/game.dir/Entities/Player/PlayerGossip.cpp.o
#23 147.6 [ 45%] Building CXX object src/server/game/CMakeFiles/game.dir/Entities/Player/Player.cpp.o
#23 147.9 [ 45%] Building CXX object src/server/scripts/CMakeFiles/scripts.dir/EasternKingdoms/BlackrockMountain/BlackrockDepths/boss_hedrum.cpp.o
#23 147.9 [ 45%] Building CXX object src/server/scripts/CMakeFiles/scripts.dir/EasternKingdoms/BlackrockMountain/BlackrockDepths/boss_high_interrogator_gerstahn.cpp.o
#23 148.1 [ 45%] Building CXX object src/server/scripts/CMakeFiles/scripts.dir/EasternKingdoms/BlackrockMountain/BlackrockDepths/boss_magmus.cpp.o
#23 148.1 [ 45%] Building CXX object src/server/scripts/CMakeFiles/scripts.dir/EasternKingdoms/BlackrockMountain/BlackrockDepths/boss_moira_bronzebeard.cpp.o
#23 148.5 [ 45%] Building CXX object src/server/game/CMakeFiles/game.dir/Entities/Player/PlayerMisc.cpp.o
#23 148.5 [ 45%] Building CXX object src/server/scripts/CMakeFiles/scripts.dir/EasternKingdoms/BlackrockMountain/BlackrockDepths/boss_okthor.cpp.o
#23 148.7 [ 45%] Building CXX object src/server/scripts/CMakeFiles/scripts.dir/EasternKingdoms/BlackrockMountain/BlackrockDepths/boss_tomb_of_seven.cpp.o
#23 149.1 [ 45%] Building CXX object src/server/scripts/CMakeFiles/scripts.dir/EasternKingdoms/BlackrockMountain/BlackrockDepths/instance_blackrock_depths.cpp.o
#23 149.2 [ 45%] Building CXX object src/server/scripts/CMakeFiles/scripts.dir/EasternKingdoms/BlackrockMountain/BlackrockSpire/boss_drakkisath.cpp.o
#23 149.3 [ 45%] Building CXX object src/server/game/CMakeFiles/game.dir/Entities/Player/PlayerQuest.cpp.o
#23 149.5 [ 46%] Building CXX object src/server/game/CMakeFiles/game.dir/Entities/Player/PlayerSettings.cpp.o
#23 149.5 [ 46%] Building CXX object src/server/scripts/CMakeFiles/scripts.dir/EasternKingdoms/BlackrockMountain/BlackrockSpire/boss_gyth.cpp.o
#23 149.6 [ 46%] Building CXX object src/server/game/CMakeFiles/game.dir/Entities/Player/PlayerStorage.cpp.o
#23 150.1 [ 46%] Building CXX object src/server/game/CMakeFiles/game.dir/Entities/Player/PlayerTaxi.cpp.o
#23 150.4 [ 46%] Building CXX object src/server/scripts/CMakeFiles/scripts.dir/EasternKingdoms/BlackrockMountain/BlackrockSpire/boss_halycon.cpp.o
#23 150.4 [ 46%] Building CXX object src/server/game/CMakeFiles/game.dir/Entities/Player/PlayerUpdates.cpp.o
#23 150.4 [ 46%] Building CXX object src/server/game/CMakeFiles/game.dir/Entities/Player/SocialMgr.cpp.o
#23 150.8 [ 46%] Building CXX object src/server/game/CMakeFiles/game.dir/Entities/Player/TradeData.cpp.o
#23 151.0 /azerothcore/modules/multiple_specializations/src/multiple_specializations.cpp:767:94: warning: unused parameter 'reqSpellId' [-Wunused-parameter]
#23 151.0     bool CanLearn(Player* player, uint32 textId, uint32 altTextId, uint32 skillValue, uint32 reqSpellId, uint32 spellId, uint32& npcTextId)
#23 151.0                                                                                              ^
#23 151.0 /azerothcore/modules/multiple_specializations/src/multiple_specializations.cpp:277:11: warning: unused function 'DoHighUnlearnCost' [-Wunused-function]
#23 151.0     int32 DoHighUnlearnCost(Player* /*player*/)                //tailor, alchemy
#23 151.0           ^
#23 151.0 /azerothcore/modules/multiple_specializations/src/multiple_specializations.cpp:282:11: warning: unused function 'DoMedUnlearnCost' [-Wunused-function]
#23 151.0     int32 DoMedUnlearnCost(Player* player)                     //blacksmith, leatherwork
#23 151.0           ^
#23 151.0 /azerothcore/modules/multiple_specializations/src/multiple_specializations.cpp:293:11: warning: unused function 'DoLowUnlearnCost' [-Wunused-function]
#23 151.0     int32 DoLowUnlearnCost(Player* player)                     //blacksmith
#23 151.0           ^
#23 151.0 /azerothcore/modules/multiple_specializations/src/multiple_specializations.cpp:449:10: warning: unused function 'ProcessUnlearnAction' [-Wunused-function]
#23 151.0     void ProcessUnlearnAction(Player* player, Creature* creature, uint32 spellId, uint32 alternativeSpellId, int32 cost)
#23 151.0          ^
#23 151.0 5 warnings generated.
#23 151.1 [ 46%] Building CXX object src/server/game/CMakeFiles/game.dir/Entities/Totem/Totem.cpp.o
#23 151.2 [ 46%] Building CXX object src/server/scripts/CMakeFiles/scripts.dir/EasternKingdoms/BlackrockMountain/BlackrockSpire/boss_highlord_omokk.cpp.o
#23 151.5 [ 46%] Building CXX object src/server/scripts/CMakeFiles/scripts.dir/EasternKingdoms/BlackrockMountain/BlackrockSpire/boss_lord_valthalak.cpp.o
#23 151.7 [ 46%] Building CXX object src/server/game/CMakeFiles/game.dir/Entities/Transport/Transport.cpp.o
#23 152.0 [ 47%] Building CXX object src/server/scripts/CMakeFiles/scripts.dir/EasternKingdoms/BlackrockMountain/BlackrockSpire/boss_mor_grayhoof.cpp.o
#23 152.0 [ 47%] Building CXX object src/server/scripts/CMakeFiles/scripts.dir/EasternKingdoms/BlackrockMountain/BlackrockSpire/boss_overlord_wyrmthalak.cpp.o
#23 152.2 [ 47%] Building CXX object src/server/scripts/CMakeFiles/scripts.dir/EasternKingdoms/BlackrockMountain/BlackrockSpire/boss_pyroguard_emberseer.cpp.o
#23 152.2 [ 47%] Building CXX object src/server/scripts/CMakeFiles/scripts.dir/EasternKingdoms/BlackrockMountain/BlackrockSpire/boss_quartermaster_zigris.cpp.o
#23 152.4 [ 47%] Linking CXX static library libmodules.a
#23 152.5 [ 47%] Building CXX object src/server/scripts/CMakeFiles/scripts.dir/EasternKingdoms/BlackrockMountain/BlackrockSpire/boss_rend_blackhand.cpp.o
#23 152.6 [ 47%] Building CXX object src/server/scripts/CMakeFiles/scripts.dir/EasternKingdoms/BlackrockMountain/BlackrockSpire/boss_solakar_flamewreath.cpp.o
#23 152.8 [ 47%] Building CXX object src/server/scripts/CMakeFiles/scripts.dir/EasternKingdoms/BlackrockMountain/BlackrockSpire/boss_the_beast.cpp.o
#23 152.8 [ 47%] Building CXX object src/server/scripts/CMakeFiles/scripts.dir/EasternKingdoms/BlackrockMountain/BlackrockSpire/boss_urok_doomhowl.cpp.o
#23 153.0 [ 47%] Building CXX object src/server/scripts/CMakeFiles/scripts.dir/EasternKingdoms/BlackrockMountain/BlackrockSpire/boss_warmaster_voone.cpp.o
#23 153.3 [ 47%] Building CXX object src/server/scripts/CMakeFiles/scripts.dir/EasternKingdoms/BlackrockMountain/BlackrockSpire/instance_blackrock_spire.cpp.o
#23 153.4 [ 47%] Building CXX object src/server/game/CMakeFiles/game.dir/Entities/Unit/CharmInfo.cpp.o
#23 153.5 [ 47%] Building CXX object src/server/scripts/CMakeFiles/scripts.dir/EasternKingdoms/BlackrockMountain/BlackwingLair/boss_broodlord_lashlayer.cpp.o
#23 153.5 [ 47%] Building CXX object src/server/scripts/CMakeFiles/scripts.dir/EasternKingdoms/BlackrockMountain/BlackwingLair/boss_chromaggus.cpp.o
#23 153.7 [ 47%] Building CXX object src/server/scripts/CMakeFiles/scripts.dir/EasternKingdoms/BlackrockMountain/BlackwingLair/boss_ebonroc.cpp.o
#23 153.9 [ 47%] Building CXX object src/server/game/CMakeFiles/game.dir/Entities/Unit/StatSystem.cpp.o
#23 153.9 [ 47%] Building CXX object src/server/game/CMakeFiles/game.dir/Entities/Unit/Unit.cpp.o
#23 154.3 [ 47%] Building CXX object src/server/game/CMakeFiles/game.dir/Entities/Unit/enuminfo_Unit.cpp.o
#23 154.3 [ 47%] Building CXX object src/server/game/CMakeFiles/game.dir/Entities/Vehicle/Vehicle.cpp.o
#23 154.4 [ 47%] Building CXX object src/server/game/CMakeFiles/game.dir/Events/GameEventMgr.cpp.o
#23 154.7 [ 48%] Building CXX object src/server/scripts/CMakeFiles/scripts.dir/EasternKingdoms/BlackrockMountain/BlackwingLair/boss_firemaw.cpp.o
#23 154.8 [ 49%] Building CXX object src/server/game/CMakeFiles/game.dir/Events/HolidayDateCalculator.cpp.o
#23 154.9 [ 49%] Building CXX object src/server/scripts/CMakeFiles/scripts.dir/EasternKingdoms/BlackrockMountain/BlackwingLair/boss_flamegor.cpp.o
#23 154.9 [ 49%] Building CXX object src/server/game/CMakeFiles/game.dir/Globals/ObjectAccessor.cpp.o
#23 155.0 [ 49%] Building CXX object src/server/game/CMakeFiles/game.dir/Globals/ObjectMgr.cpp.o
#23 155.0 [ 49%] Building CXX object src/server/game/CMakeFiles/game.dir/Globals/WorldGlobals.cpp.o
#23 155.2 [ 49%] Building CXX object src/server/scripts/CMakeFiles/scripts.dir/EasternKingdoms/BlackrockMountain/BlackwingLair/boss_nefarian.cpp.o
#23 155.4 [ 49%] Building CXX object src/server/game/CMakeFiles/game.dir/Grids/GridObjectLoader.cpp.o
#23 155.5 [ 49%] Building CXX object src/server/scripts/CMakeFiles/scripts.dir/EasternKingdoms/BlackrockMountain/BlackwingLair/boss_razorgore.cpp.o
#23 155.7 [ 49%] Building CXX object src/server/scripts/CMakeFiles/scripts.dir/EasternKingdoms/BlackrockMountain/BlackwingLair/boss_vaelastrasz.cpp.o
#23 155.8 [ 49%] Building CXX object src/server/game/CMakeFiles/game.dir/Grids/GridTerrainData.cpp.o
#23 155.8 [ 49%] Building CXX object src/server/game/CMakeFiles/game.dir/Grids/GridTerrainLoader.cpp.o
#23 156.0 [ 49%] Building CXX object src/server/game/CMakeFiles/game.dir/Grids/MapGridManager.cpp.o
#23 156.1 [ 49%] Building CXX object src/server/game/CMakeFiles/game.dir/Grids/Notifiers/GridNotifiers.cpp.o
#23 156.1 [ 49%] Building CXX object src/server/game/CMakeFiles/game.dir/Groups/Group.cpp.o
#23 156.1 [ 49%] Building CXX object src/server/game/CMakeFiles/game.dir/Groups/GroupMgr.cpp.o
#23 156.1 [ 49%] Building CXX object src/server/game/CMakeFiles/game.dir/Groups/GroupReference.cpp.o
#23 156.6 [ 49%] Building CXX object src/server/game/CMakeFiles/game.dir/Guilds/Guild.cpp.o
#23 156.8 [ 50%] Building CXX object src/server/game/CMakeFiles/game.dir/Guilds/GuildMgr.cpp.o
#23 160.3 [ 50%] Building CXX object src/server/game/CMakeFiles/game.dir/Handlers/AddonHandler.cpp.o
#23 160.4 [ 50%] Building CXX object src/server/scripts/CMakeFiles/scripts.dir/EasternKingdoms/BlackrockMountain/BlackwingLair/instance_blackwing_lair.cpp.o
#23 160.6 [ 50%] Building CXX object src/server/game/CMakeFiles/game.dir/Handlers/ArenaTeamHandler.cpp.o
#23 160.6 [ 50%] Built target modules
#23 160.6 [ 50%] Building CXX object src/server/game/CMakeFiles/game.dir/Handlers/AuctionHouseHandler.cpp.o
#23 160.9 [ 50%] Building CXX object src/server/game/CMakeFiles/game.dir/Handlers/AuthHandler.cpp.o
#23 161.0 [ 50%] Building CXX object src/server/scripts/CMakeFiles/scripts.dir/EasternKingdoms/BlackrockMountain/MoltenCore/boss_baron_geddon.cpp.o
#23 161.1 [ 50%] Building CXX object src/server/scripts/CMakeFiles/scripts.dir/EasternKingdoms/BlackrockMountain/MoltenCore/boss_garr.cpp.o
#23 161.4 [ 50%] Building CXX object src/server/game/CMakeFiles/game.dir/Handlers/BankHandler.cpp.o
#23 161.6 [ 50%] Building CXX object src/server/game/CMakeFiles/game.dir/Handlers/BattleGroundHandler.cpp.o
#23 161.7 [ 50%] Building CXX object src/server/game/CMakeFiles/game.dir/Handlers/CalendarHandler.cpp.o
#23 162.0 [ 50%] Building CXX object src/server/scripts/CMakeFiles/scripts.dir/EasternKingdoms/BlackrockMountain/MoltenCore/boss_gehennas.cpp.o
#23 162.2 [ 50%] Building CXX object src/server/game/CMakeFiles/game.dir/Handlers/ChannelHandler.cpp.o
#23 162.2 [ 50%] Building CXX object src/server/game/CMakeFiles/game.dir/Handlers/CharacterHandler.cpp.o
#23 162.3 [ 50%] Building CXX object src/server/game/CMakeFiles/game.dir/Handlers/ChatHandler.cpp.o
#23 162.4 [ 50%] Building CXX object src/server/game/CMakeFiles/game.dir/Handlers/CombatHandler.cpp.o
#23 162.6 [ 50%] Building CXX object src/server/game/CMakeFiles/game.dir/Handlers/DuelHandler.cpp.o
#23 162.7 [ 50%] Building CXX object src/server/scripts/CMakeFiles/scripts.dir/EasternKingdoms/BlackrockMountain/MoltenCore/boss_golemagg.cpp.o
#23 162.7 [ 51%] Building CXX object src/server/game/CMakeFiles/game.dir/Handlers/GroupHandler.cpp.o
#23 163.6 [ 51%] Building CXX object src/server/scripts/CMakeFiles/scripts.dir/EasternKingdoms/BlackrockMountain/MoltenCore/boss_lucifron.cpp.o
#23 163.8 [ 51%] Building CXX object src/server/game/CMakeFiles/game.dir/Handlers/GuildHandler.cpp.o
#23 164.0 [ 51%] Building CXX object src/server/scripts/CMakeFiles/scripts.dir/EasternKingdoms/BlackrockMountain/MoltenCore/boss_magmadar.cpp.o
#23 164.0 [ 51%] Building CXX object src/server/game/CMakeFiles/game.dir/Handlers/ItemHandler.cpp.o
#23 164.0 [ 51%] Building CXX object src/server/scripts/CMakeFiles/scripts.dir/EasternKingdoms/BlackrockMountain/MoltenCore/boss_majordomo_executus.cpp.o
#23 164.3 [ 51%] Building CXX object src/server/game/CMakeFiles/game.dir/Handlers/LFGHandler.cpp.o
#23 164.5 [ 51%] Building CXX object src/server/game/CMakeFiles/game.dir/Handlers/LootHandler.cpp.o
#23 164.5 [ 52%] Building CXX object src/server/scripts/CMakeFiles/scripts.dir/EasternKingdoms/BlackrockMountain/MoltenCore/boss_ragnaros.cpp.o
#23 165.1 [ 52%] Building CXX object src/server/scripts/CMakeFiles/scripts.dir/EasternKingdoms/BlackrockMountain/MoltenCore/boss_shazzrah.cpp.o
#23 165.2 [ 52%] Building CXX object src/server/game/CMakeFiles/game.dir/Handlers/MailHandler.cpp.o
#23 165.4 [ 52%] Building CXX object src/server/scripts/CMakeFiles/scripts.dir/EasternKingdoms/BlackrockMountain/MoltenCore/boss_sulfuron_harbinger.cpp.o
#23 165.5 [ 52%] Building CXX object src/server/game/CMakeFiles/game.dir/Handlers/MiscHandler.cpp.o
#23 165.7 [ 52%] Building CXX object src/server/scripts/CMakeFiles/scripts.dir/EasternKingdoms/BlackrockMountain/MoltenCore/instance_molten_core.cpp.o
#23 165.7 [ 52%] Building CXX object src/server/game/CMakeFiles/game.dir/Handlers/MovementHandler.cpp.o
#23 165.8 [ 52%] Building CXX object src/server/scripts/CMakeFiles/scripts.dir/EasternKingdoms/BlackrockMountain/MoltenCore/molten_core.cpp.o
#23 166.0 [ 52%] Building CXX object src/server/scripts/CMakeFiles/scripts.dir/EasternKingdoms/Deadmines/boss_mr_smite.cpp.o
#23 166.3 [ 52%] Building CXX object src/server/game/CMakeFiles/game.dir/Handlers/NPCHandler.cpp.o
#23 166.4 [ 52%] Building CXX object src/server/game/CMakeFiles/game.dir/Handlers/PetHandler.cpp.o
#23 166.4 [ 52%] Building CXX object src/server/game/CMakeFiles/game.dir/Handlers/PetitionsHandler.cpp.o
#23 166.6 [ 52%] Building CXX object src/server/scripts/CMakeFiles/scripts.dir/EasternKingdoms/Deadmines/instance_deadmines.cpp.o
#23 166.7 [ 52%] Building CXX object src/server/scripts/CMakeFiles/scripts.dir/EasternKingdoms/Gnomeregan/instance_gnomeregan.cpp.o
#23 167.1 [ 52%] Building CXX object src/server/game/CMakeFiles/game.dir/Handlers/QueryHandler.cpp.o
#23 167.2 [ 52%] Building CXX object src/server/game/CMakeFiles/game.dir/Handlers/QuestHandler.cpp.o
#23 167.3 [ 52%] Building CXX object src/server/scripts/CMakeFiles/scripts.dir/EasternKingdoms/Karazhan/boss_chess_event.cpp.o
#23 167.4 [ 52%] Building CXX object src/server/scripts/CMakeFiles/scripts.dir/EasternKingdoms/Karazhan/boss_curator.cpp.o
#23 167.7 [ 52%] Building CXX object src/server/scripts/CMakeFiles/scripts.dir/EasternKingdoms/Karazhan/boss_maiden_of_virtue.cpp.o
#23 167.8 [ 52%] Building CXX object src/server/scripts/CMakeFiles/scripts.dir/EasternKingdoms/Karazhan/boss_midnight.cpp.o
#23 167.9 [ 52%] Building CXX object src/server/scripts/CMakeFiles/scripts.dir/EasternKingdoms/Karazhan/boss_moroes.cpp.o
#23 168.3 [ 52%] Building CXX object src/server/scripts/CMakeFiles/scripts.dir/EasternKingdoms/Karazhan/boss_netherspite.cpp.o
#23 168.5 [ 53%] Building CXX object src/server/game/CMakeFiles/game.dir/Handlers/ReferAFriendHandler.cpp.o
#23 168.8 [ 54%] Building CXX object src/server/scripts/CMakeFiles/scripts.dir/EasternKingdoms/Karazhan/boss_nightbane.cpp.o
#23 168.9 [ 54%] Building CXX object src/server/game/CMakeFiles/game.dir/Handlers/SkillHandler.cpp.o
#23 168.9 [ 54%] Building CXX object src/server/game/CMakeFiles/game.dir/Handlers/Socialhandler.cpp.o
#23 169.3 [ 54%] Building CXX object src/server/scripts/CMakeFiles/scripts.dir/EasternKingdoms/Karazhan/boss_prince_malchezaar.cpp.o
#23 169.3 [ 54%] Building CXX object src/server/scripts/CMakeFiles/scripts.dir/EasternKingdoms/Karazhan/boss_servant_quarters.cpp.o
#23 169.8 [ 54%] Building CXX object src/server/game/CMakeFiles/game.dir/Handlers/SpellHandler.cpp.o
#23 169.9 [ 54%] Building CXX object src/server/scripts/CMakeFiles/scripts.dir/EasternKingdoms/Karazhan/boss_shade_of_aran.cpp.o
#23 169.9 [ 54%] Building CXX object src/server/scripts/CMakeFiles/scripts.dir/EasternKingdoms/Karazhan/boss_tenris_mirkblood.cpp.o
#23 170.1 [ 54%] Building CXX object src/server/scripts/CMakeFiles/scripts.dir/EasternKingdoms/Karazhan/boss_terestian_illhoof.cpp.o
#23 170.3 [ 54%] Building CXX object src/server/game/CMakeFiles/game.dir/Handlers/TaxiHandler.cpp.o
#23 170.4 [ 54%] Building CXX object src/server/scripts/CMakeFiles/scripts.dir/EasternKingdoms/Karazhan/bosses_opera.cpp.o
#23 170.5 [ 54%] Building CXX object src/server/scripts/CMakeFiles/scripts.dir/EasternKingdoms/Karazhan/instance_karazhan.cpp.o
#23 170.7 [ 54%] Building CXX object src/server/game/CMakeFiles/game.dir/Handlers/TicketHandler.cpp.o
#23 170.7 [ 54%] Building CXX object src/server/scripts/CMakeFiles/scripts.dir/EasternKingdoms/Karazhan/karazhan.cpp.o
#23 171.0 [ 54%] Building CXX object src/server/game/CMakeFiles/game.dir/Handlers/TradeHandler.cpp.o
#23 171.0 [ 54%] Building CXX object src/server/game/CMakeFiles/game.dir/Handlers/VehicleHandler.cpp.o
#23 171.2 [ 54%] Building CXX object src/server/scripts/CMakeFiles/scripts.dir/EasternKingdoms/MagistersTerrace/boss_felblood_kaelthas.cpp.o
#23 171.4 [ 54%] Building CXX object src/server/game/CMakeFiles/game.dir/Handlers/VoiceChatHandler.cpp.o
#23 171.4 [ 54%] Building CXX object src/server/game/CMakeFiles/game.dir/Instances/InstanceSaveMgr.cpp.o
#23 171.4 [ 54%] Building CXX object src/server/scripts/CMakeFiles/scripts.dir/EasternKingdoms/MagistersTerrace/boss_priestess_delrissa.cpp.o
#23 171.7 [ 54%] Building CXX object src/server/game/CMakeFiles/game.dir/Instances/InstanceScript.cpp.o
#23 171.9 [ 54%] Building CXX object src/server/game/CMakeFiles/game.dir/Loot/LootItemStorage.cpp.o
#23 172.4 [ 54%] Building CXX object src/server/scripts/CMakeFiles/scripts.dir/EasternKingdoms/MagistersTerrace/boss_selin_fireheart.cpp.o
#23 172.5 [ 54%] Building CXX object src/server/scripts/CMakeFiles/scripts.dir/EasternKingdoms/MagistersTerrace/boss_vexallus.cpp.o
#23 172.7 [ 55%] Building CXX object src/server/scripts/CMakeFiles/scripts.dir/EasternKingdoms/MagistersTerrace/instance_magisters_terrace.cpp.o
#23 172.8 [ 55%] Building CXX object src/server/scripts/CMakeFiles/scripts.dir/EasternKingdoms/ScarletEnclave/chapter1.cpp.o
#23 172.9 [ 55%] Building CXX object src/server/game/CMakeFiles/game.dir/Loot/LootMgr.cpp.o
#23 173.0 [ 55%] Building CXX object src/server/scripts/CMakeFiles/scripts.dir/EasternKingdoms/ScarletEnclave/chapter2.cpp.o
#23 173.3 [ 55%] Building CXX object src/server/scripts/CMakeFiles/scripts.dir/EasternKingdoms/ScarletEnclave/chapter3.cpp.o
#23 173.3 [ 56%] Building CXX object src/server/game/CMakeFiles/game.dir/Mails/Mail.cpp.o
#23 173.5 [ 56%] Building CXX object src/server/game/CMakeFiles/game.dir/Mails/ServerMailMgr.cpp.o
#23 173.5 [ 56%] Building CXX object src/server/scripts/CMakeFiles/scripts.dir/EasternKingdoms/ScarletEnclave/chapter5.cpp.o
#23 173.5 [ 56%] Building CXX object src/server/scripts/CMakeFiles/scripts.dir/EasternKingdoms/ScarletEnclave/zone_the_scarlet_enclave.cpp.o
#23 173.6 [ 56%] Building CXX object src/server/game/CMakeFiles/game.dir/Maps/AreaBoundary.cpp.o
#23 173.9 [ 56%] Building CXX object src/server/game/CMakeFiles/game.dir/Maps/Map.cpp.o
#23 174.0 [ 56%] Building CXX object src/server/game/CMakeFiles/game.dir/Maps/MapInstanced.cpp.o
#23 174.1 [ 56%] Building CXX object src/server/game/CMakeFiles/game.dir/Maps/MapMgr.cpp.o
#23 174.6 [ 56%] Building CXX object src/server/scripts/CMakeFiles/scripts.dir/EasternKingdoms/ScarletMonastery/instance_scarlet_monastery.cpp.o
#23 174.7 [ 56%] Building CXX object src/server/scripts/CMakeFiles/scripts.dir/EasternKingdoms/Scholomance/boss_darkmaster_gandling.cpp.o
#23 174.9 [ 56%] Building CXX object src/server/scripts/CMakeFiles/scripts.dir/EasternKingdoms/Scholomance/boss_kormok.cpp.o
#23 174.9 [ 56%] Building CXX object src/server/scripts/CMakeFiles/scripts.dir/EasternKingdoms/Scholomance/boss_kirtonos_the_herald.cpp.o
#23 174.9 [ 56%] Building CXX object src/server/game/CMakeFiles/game.dir/Maps/MapUpdater.cpp.o
#23 175.0 [ 56%] Building CXX object src/server/game/CMakeFiles/game.dir/Maps/TransportMgr.cpp.o
#23 175.1 [ 56%] Building CXX object src/server/scripts/CMakeFiles/scripts.dir/EasternKingdoms/Scholomance/instance_scholomance.cpp.o
#23 175.2 [ 56%] Building CXX object src/server/scripts/CMakeFiles/scripts.dir/EasternKingdoms/ShadowfangKeep/boss_apothecary_hummel.cpp.o
#23 175.3 [ 56%] Building CXX object src/server/scripts/CMakeFiles/scripts.dir/EasternKingdoms/ShadowfangKeep/instance_shadowfang_keep.cpp.o
#23 175.5 [ 57%] Building CXX object src/server/scripts/CMakeFiles/scripts.dir/EasternKingdoms/Stratholme/boss_baroness_anastari.cpp.o
#23 175.5 [ 57%] Building CXX object src/server/scripts/CMakeFiles/scripts.dir/EasternKingdoms/Stratholme/boss_jarien_and_sothos.cpp.o
#23 175.7 [ 57%] Building CXX object src/server/scripts/CMakeFiles/scripts.dir/EasternKingdoms/Stratholme/instance_stratholme.cpp.o
#23 175.9 [ 57%] Building CXX object src/server/game/CMakeFiles/game.dir/Misc/BanMgr.cpp.o
#23 175.9 [ 57%] Building CXX object src/server/game/CMakeFiles/game.dir/Misc/DynamicVisibility.cpp.o
#23 176.3 [ 57%] Building CXX object src/server/game/CMakeFiles/game.dir/Misc/GameGraveyard.cpp.o
#23 176.5 [ 57%] Building CXX object src/server/game/CMakeFiles/game.dir/Miscellaneous/Formulas.cpp.o
#23 176.6 [ 57%] Building CXX object src/server/scripts/CMakeFiles/scripts.dir/EasternKingdoms/SunwellPlateau/boss_brutallus.cpp.o
#23 176.6 [ 57%] Building CXX object src/server/scripts/CMakeFiles/scripts.dir/EasternKingdoms/SunkenTemple/instance_sunken_temple.cpp.o
#23 176.8 [ 57%] Building CXX object src/server/game/CMakeFiles/game.dir/Modules/ModuleMgr.cpp.o
#23 177.0 [ 57%] Building CXX object src/server/game/CMakeFiles/game.dir/Motd/MotdMgr.cpp.o
#23 177.0 [ 58%] Building CXX object src/server/game/CMakeFiles/game.dir/Movement/FollowerReference.cpp.o
#23 177.1 [ 58%] Building CXX object src/server/scripts/CMakeFiles/scripts.dir/EasternKingdoms/SunwellPlateau/boss_eredar_twins.cpp.o
#23 177.4 [ 58%] Building CXX object src/server/game/CMakeFiles/game.dir/Movement/MotionMaster.cpp.o
#23 177.4 [ 58%] Building CXX object src/server/scripts/CMakeFiles/scripts.dir/EasternKingdoms/SunwellPlateau/boss_felmyst.cpp.o
#23 177.8 [ 58%] Building CXX object src/server/scripts/CMakeFiles/scripts.dir/EasternKingdoms/SunwellPlateau/boss_kalecgos.cpp.o
#23 177.9 [ 58%] Building CXX object src/server/game/CMakeFiles/game.dir/Movement/MovementGenerator.cpp.o
#23 177.9 [ 58%] Building CXX object src/server/game/CMakeFiles/game.dir/Movement/MovementGenerators/ConfusedMovementGenerator.cpp.o
#23 178.0 [ 58%] Building CXX object src/server/game/CMakeFiles/game.dir/Movement/MovementGenerators/EscortMovementGenerator.cpp.o
#23 178.4 [ 58%] Building CXX object src/server/scripts/CMakeFiles/scripts.dir/EasternKingdoms/SunwellPlateau/boss_kiljaeden.cpp.o
#23 178.4 [ 58%] Building CXX object src/server/game/CMakeFiles/game.dir/Movement/MovementGenerators/FleeingMovementGenerator.cpp.o
#23 178.6 [ 58%] Building CXX object src/server/game/CMakeFiles/game.dir/Movement/MovementGenerators/HomeMovementGenerator.cpp.o
#23 178.7 [ 58%] Building CXX object src/server/game/CMakeFiles/game.dir/Movement/MovementGenerators/IdleMovementGenerator.cpp.o
#23 178.8 [ 58%] Building CXX object src/server/scripts/CMakeFiles/scripts.dir/EasternKingdoms/SunwellPlateau/boss_muru.cpp.o
#23 178.8 [ 58%] Building CXX object src/server/scripts/CMakeFiles/scripts.dir/EasternKingdoms/SunwellPlateau/instance_sunwell_plateau.cpp.o
#23 178.9 [ 58%] Building CXX object src/server/scripts/CMakeFiles/scripts.dir/EasternKingdoms/TheStockade/instance_the_stockade.cpp.o
#23 179.0 [ 58%] Building CXX object src/server/game/CMakeFiles/game.dir/Movement/MovementGenerators/PathGenerator.cpp.o
#23 179.2 [ 58%] Building CXX object src/server/game/CMakeFiles/game.dir/Movement/MovementGenerators/PointMovementGenerator.cpp.o
#23 179.2 [ 58%] Building CXX object src/server/scripts/CMakeFiles/scripts.dir/EasternKingdoms/Uldaman/instance_uldaman.cpp.o
#23 179.2 [ 58%] Building CXX object src/server/game/CMakeFiles/game.dir/Movement/MovementGenerators/RandomMovementGenerator.cpp.o
#23 179.3 [ 58%] Building CXX object src/server/game/CMakeFiles/game.dir/Movement/MovementGenerators/TargetedMovementGenerator.cpp.o
#23 179.3 [ 58%] Building CXX object src/server/game/CMakeFiles/game.dir/Movement/MovementGenerators/WaypointMovementGenerator.cpp.o
#23 179.8 [ 59%] Building CXX object src/server/scripts/CMakeFiles/scripts.dir/EasternKingdoms/ZulAman/boss_akilzon.cpp.o
#23 180.0 [ 60%] Building CXX object src/server/game/CMakeFiles/game.dir/Movement/Spline/MoveSpline.cpp.o
#23 180.4 [ 60%] Building CXX object src/server/scripts/CMakeFiles/scripts.dir/EasternKingdoms/ZulAman/boss_halazzi.cpp.o
#23 180.5 [ 60%] Building CXX object src/server/scripts/CMakeFiles/scripts.dir/EasternKingdoms/ZulAman/boss_hexlord.cpp.o
#23 180.6 [ 60%] Building CXX object src/server/game/CMakeFiles/game.dir/Movement/Spline/MoveSplineInit.cpp.o
#23 180.7 [ 60%] Building CXX object src/server/scripts/CMakeFiles/scripts.dir/EasternKingdoms/ZulAman/boss_janalai.cpp.o
#23 180.8 [ 60%] Building CXX object src/server/scripts/CMakeFiles/scripts.dir/EasternKingdoms/ZulAman/boss_nalorakk.cpp.o
#23 181.0 [ 60%] Building CXX object src/server/scripts/CMakeFiles/scripts.dir/EasternKingdoms/ZulAman/boss_zuljin.cpp.o
#23 181.1 [ 60%] Building CXX object src/server/scripts/CMakeFiles/scripts.dir/EasternKingdoms/ZulAman/instance_zulaman.cpp.o
#23 181.1 [ 60%] Building CXX object src/server/game/CMakeFiles/game.dir/Movement/Spline/MovementPacketBuilder.cpp.o
#23 181.2 [ 60%] Building CXX object src/server/game/CMakeFiles/game.dir/Movement/Spline/MovementUtil.cpp.o
#23 181.4 [ 60%] Building CXX object src/server/scripts/CMakeFiles/scripts.dir/EasternKingdoms/ZulAman/zulaman.cpp.o
#23 181.5 [ 60%] Building CXX object src/server/game/CMakeFiles/game.dir/Movement/Spline/Spline.cpp.o
#23 181.5 [ 60%] Building CXX object src/server/game/CMakeFiles/game.dir/Movement/Waypoints/WaypointMgr.cpp.o
#23 181.7 [ 60%] Building CXX object src/server/game/CMakeFiles/game.dir/OutdoorPvP/OutdoorPvP.cpp.o
#23 181.8 [ 60%] Building CXX object src/server/scripts/CMakeFiles/scripts.dir/EasternKingdoms/ZulGurub/boss_arlokk.cpp.o
#23 181.8 [ 60%] Building CXX object src/server/game/CMakeFiles/game.dir/OutdoorPvP/OutdoorPvPMgr.cpp.o
#23 182.0 [ 60%] Building CXX object src/server/scripts/CMakeFiles/scripts.dir/EasternKingdoms/ZulGurub/boss_gahzranka.cpp.o
#23 182.0 [ 60%] Building CXX object src/server/game/CMakeFiles/game.dir/Petitions/PetitionMgr.cpp.o
#23 182.1 [ 60%] Building CXX object src/server/scripts/CMakeFiles/scripts.dir/EasternKingdoms/ZulGurub/boss_grilek.cpp.o
#23 182.4 [ 60%] Building CXX object src/server/scripts/CMakeFiles/scripts.dir/EasternKingdoms/ZulGurub/boss_hakkar.cpp.o
#23 182.4 [ 60%] Building CXX object src/server/scripts/CMakeFiles/scripts.dir/EasternKingdoms/ZulGurub/boss_hazzarah.cpp.o
#23 182.6 [ 60%] Building CXX object src/server/scripts/CMakeFiles/scripts.dir/EasternKingdoms/ZulGurub/boss_jeklik.cpp.o
#23 182.7 [ 61%] Building CXX object src/server/scripts/CMakeFiles/scripts.dir/EasternKingdoms/ZulGurub/boss_jindo.cpp.o
#23 182.7 [ 61%] Building CXX object src/server/game/CMakeFiles/game.dir/Pools/PoolMgr.cpp.o
#23 183.1 [ 61%] Building CXX object src/server/game/CMakeFiles/game.dir/Quests/QuestDef.cpp.o
#23 183.2 [ 61%] Building CXX object src/server/scripts/CMakeFiles/scripts.dir/EasternKingdoms/ZulGurub/boss_mandokir.cpp.o
#23 183.2 [ 61%] Building CXX object src/server/scripts/CMakeFiles/scripts.dir/EasternKingdoms/ZulGurub/boss_marli.cpp.o
#23 183.4 [ 61%] Building CXX object src/server/scripts/CMakeFiles/scripts.dir/EasternKingdoms/ZulGurub/boss_renataki.cpp.o
#23 183.4 [ 61%] Building CXX object src/server/game/CMakeFiles/game.dir/Quests/enuminfo_QuestDef.cpp.o
#23 183.5 [ 61%] Building CXX object src/server/game/CMakeFiles/game.dir/Reputation/ReputationMgr.cpp.o
#23 183.7 [ 62%] Building CXX object src/server/game/CMakeFiles/game.dir/Scripting/MapScripts.cpp.o
#23 183.9 [ 62%] Building CXX object src/server/scripts/CMakeFiles/scripts.dir/EasternKingdoms/ZulGurub/boss_thekal.cpp.o
#23 183.9 [ 62%] Building CXX object src/server/scripts/CMakeFiles/scripts.dir/EasternKingdoms/ZulGurub/boss_wushoolay.cpp.o
#23 183.9 [ 62%] Building CXX object src/server/scripts/CMakeFiles/scripts.dir/EasternKingdoms/ZulGurub/boss_venoxis.cpp.o
#23 184.4 [ 62%] Building CXX object src/server/game/CMakeFiles/game.dir/Scripting/ScriptMgr.cpp.o
#23 184.4 [ 62%] Building CXX object src/server/game/CMakeFiles/game.dir/Scripting/ScriptObject.cpp.o
#23 184.4 [ 62%] Building CXX object src/server/game/CMakeFiles/game.dir/Scripting/ScriptSystem.cpp.o
#23 184.6 [ 62%] Building CXX object src/server/game/CMakeFiles/game.dir/Scripting/ScriptDefines/ALEScript.cpp.o
#23 184.8 [ 62%] Building CXX object src/server/scripts/CMakeFiles/scripts.dir/EasternKingdoms/ZulGurub/instance_zulgurub.cpp.o
#23 185.0 [ 62%] Building CXX object src/server/game/CMakeFiles/game.dir/Scripting/ScriptDefines/AccountScript.cpp.o
#23 185.1 [ 62%] Building CXX object src/server/game/CMakeFiles/game.dir/Scripting/ScriptDefines/AchievementCriteriaScript.cpp.o
#23 185.1 [ 62%] Building CXX object src/server/scripts/CMakeFiles/scripts.dir/EasternKingdoms/ZulGurub/zulgurub.cpp.o
#23 185.1 [ 62%] Building CXX object src/server/game/CMakeFiles/game.dir/Scripting/ScriptDefines/AchievementScript.cpp.o
#23 185.6 [ 62%] Building CXX object src/server/scripts/CMakeFiles/scripts.dir/Events/brewfest.cpp.o
#23 185.8 [ 62%] Building CXX object src/server/scripts/CMakeFiles/scripts.dir/Events/childrens_week.cpp.o
#23 186.0 [ 62%] Building CXX object src/server/game/CMakeFiles/game.dir/Scripting/ScriptDefines/AllBattlegroundScript.cpp.o
#23 186.1 [ 62%] Building CXX object src/server/game/CMakeFiles/game.dir/Scripting/ScriptDefines/AllCommandScript.cpp.o
#23 186.2 [ 62%] Building CXX object src/server/scripts/CMakeFiles/scripts.dir/Events/events_script_loader.cpp.o
#23 186.3 [ 62%] Building CXX object src/server/game/CMakeFiles/game.dir/Scripting/ScriptDefines/AllCreatureScript.cpp.o
#23 186.6 [ 62%] Building CXX object src/server/game/CMakeFiles/game.dir/Scripting/ScriptDefines/AllGameObjectScript.cpp.o
#23 186.6 [ 62%] Building CXX object src/server/scripts/CMakeFiles/scripts.dir/Events/hallows_end.cpp.o
#23 186.7 [ 62%] Building CXX object src/server/game/CMakeFiles/game.dir/Scripting/ScriptDefines/AllItemScript.cpp.o
#23 186.9 [ 63%] Building CXX object src/server/game/CMakeFiles/game.dir/Scripting/ScriptDefines/AllMapScript.cpp.o
#23 187.0 [ 64%] Building CXX object src/server/scripts/CMakeFiles/scripts.dir/Events/love_in_air.cpp.o
#23 187.2 [ 64%] Building CXX object src/server/scripts/CMakeFiles/scripts.dir/Events/midsummer.cpp.o
#23 187.4 [ 64%] Building CXX object src/server/game/CMakeFiles/game.dir/Scripting/ScriptDefines/AllSpellScript.cpp.o
#23 187.4 [ 64%] Building CXX object src/server/game/CMakeFiles/game.dir/Scripting/ScriptDefines/AreaTriggerScript.cpp.o
#23 187.4 [ 64%] Building CXX object src/server/scripts/CMakeFiles/scripts.dir/Events/noblegarden.cpp.o
#23 187.4 [ 64%] Building CXX object src/server/game/CMakeFiles/game.dir/Scripting/ScriptDefines/ArenaScript.cpp.o
#23 187.8 [ 64%] Building CXX object src/server/scripts/CMakeFiles/scripts.dir/Events/pilgrims_bounty.cpp.o
#23 188.2 [ 64%] Building CXX object src/server/scripts/CMakeFiles/scripts.dir/Events/winter_veil.cpp.o
#23 188.4 [ 64%] Building CXX object src/server/scripts/CMakeFiles/scripts.dir/Events/firework_show/firework_show.cpp.o
#23 188.9 [ 64%] Building CXX object src/server/scripts/CMakeFiles/scripts.dir/Kalimdor/boss_azuregos.cpp.o
#23 189.1 [ 64%] Building CXX object src/server/scripts/CMakeFiles/scripts.dir/Kalimdor/kalimdor_script_loader.cpp.o
#23 189.4 [ 64%] Building CXX object src/server/scripts/CMakeFiles/scripts.dir/Kalimdor/zone_ashenvale.cpp.o
#23 189.4 [ 64%] Building CXX object src/server/scripts/CMakeFiles/scripts.dir/Kalimdor/zone_azuremyst_isle.cpp.o
#23 189.6 [ 64%] Building CXX object src/server/game/CMakeFiles/game.dir/Scripting/ScriptDefines/ArenaTeamScript.cpp.o
#23 189.6 [ 64%] Building CXX object src/server/scripts/CMakeFiles/scripts.dir/Kalimdor/zone_bloodmyst_isle.cpp.o
#23 189.7 [ 64%] Building CXX object src/server/game/CMakeFiles/game.dir/Scripting/ScriptDefines/AuctionHouseScript.cpp.o
#23 189.7 [ 64%] Building CXX object src/server/game/CMakeFiles/game.dir/Scripting/ScriptDefines/BattlegroundMapScript.cpp.o
#23 189.9 [ 64%] Building CXX object src/server/game/CMakeFiles/game.dir/Scripting/ScriptDefines/BattlegroundScript.cpp.o
#23 189.9 [ 64%] Building CXX object src/server/game/CMakeFiles/game.dir/Scripting/ScriptDefines/CommandScript.cpp.o
#23 189.9 [ 64%] Building CXX object src/server/game/CMakeFiles/game.dir/Scripting/ScriptDefines/ConditionScript.cpp.o
#23 190.1 [ 64%] Building CXX object src/server/game/CMakeFiles/game.dir/Scripting/ScriptDefines/CreatureScript.cpp.o
#23 190.2 [ 64%] Building CXX object src/server/game/CMakeFiles/game.dir/Scripting/ScriptDefines/DatabaseScript.cpp.o
#23 190.4 [ 64%] Building CXX object src/server/scripts/CMakeFiles/scripts.dir/Kalimdor/zone_darkshore.cpp.o
#23 190.7 [ 64%] Building CXX object src/server/scripts/CMakeFiles/scripts.dir/Kalimdor/zone_desolace.cpp.o
#23 190.9 [ 64%] Building CXX object src/server/game/CMakeFiles/game.dir/Scripting/ScriptDefines/DynamicObjectScript.cpp.o
#23 191.0 [ 65%] Building CXX object src/server/scripts/CMakeFiles/scripts.dir/Kalimdor/zone_durotar.cpp.o
#23 191.2 [ 65%] Building CXX object src/server/scripts/CMakeFiles/scripts.dir/Kalimdor/zone_dustwallow_marsh.cpp.o
#23 191.3 [ 65%] Building CXX object src/server/game/CMakeFiles/game.dir/Scripting/ScriptDefines/FormulaScript.cpp.o
#23 191.4 [ 65%] Building CXX object src/server/scripts/CMakeFiles/scripts.dir/Kalimdor/zone_felwood.cpp.o
#23 191.5 [ 65%] Building CXX object src/server/scripts/CMakeFiles/scripts.dir/Kalimdor/zone_feralas.cpp.o
#23 191.5 [ 66%] Building CXX object src/server/game/CMakeFiles/game.dir/Scripting/ScriptDefines/GameEventScript.cpp.o
#23 191.6 [ 66%] Building CXX object src/server/scripts/CMakeFiles/scripts.dir/Kalimdor/zone_moonglade.cpp.o
#23 191.6 [ 66%] Building CXX object src/server/game/CMakeFiles/game.dir/Scripting/ScriptDefines/GameObjectScript.cpp.o
#23 191.8 [ 66%] Building CXX object src/server/game/CMakeFiles/game.dir/Scripting/ScriptDefines/GlobalScript.cpp.o
#23 191.9 [ 66%] Building CXX object src/server/scripts/CMakeFiles/scripts.dir/Kalimdor/zone_orgrimmar.cpp.o
#23 192.3 [ 66%] Building CXX object src/server/scripts/CMakeFiles/scripts.dir/Kalimdor/zone_silithus.cpp.o
#23 192.4 [ 66%] Building CXX object src/server/game/CMakeFiles/game.dir/Scripting/ScriptDefines/GroupScript.cpp.o
#23 192.8 [ 66%] Building CXX object src/server/game/CMakeFiles/game.dir/Scripting/ScriptDefines/GuildScript.cpp.o
#23 192.9 [ 66%] Building CXX object src/server/scripts/CMakeFiles/scripts.dir/Kalimdor/zone_stonetalon_mountains.cpp.o
#23 193.1 [ 66%] Building CXX object src/server/scripts/CMakeFiles/scripts.dir/Kalimdor/zone_tanaris.cpp.o
#23 193.2 [ 66%] Building CXX object src/server/game/CMakeFiles/game.dir/Scripting/ScriptDefines/InstanceMapScript.cpp.o
#23 193.5 [ 66%] Building CXX object src/server/scripts/CMakeFiles/scripts.dir/Kalimdor/zone_the_barrens.cpp.o
#23 193.5 [ 66%] Building CXX object src/server/scripts/CMakeFiles/scripts.dir/Kalimdor/zone_thousand_needles.cpp.o
#23 193.6 [ 66%] Building CXX object src/server/scripts/CMakeFiles/scripts.dir/Kalimdor/zone_thunder_bluff.cpp.o
#23 193.8 [ 66%] Building CXX object src/server/scripts/CMakeFiles/scripts.dir/Kalimdor/zone_ungoro_crater.cpp.o
#23 194.0 [ 66%] Building CXX object src/server/game/CMakeFiles/game.dir/Scripting/ScriptDefines/LootScript.cpp.o
#23 194.5 [ 66%] Building CXX object src/server/game/CMakeFiles/game.dir/Scripting/ScriptDefines/MailScript.cpp.o
#23 194.7 [ 66%] Building CXX object src/server/game/CMakeFiles/game.dir/Scripting/ScriptDefines/MiscScript.cpp.o
#23 194.7 [ 66%] Building CXX object src/server/game/CMakeFiles/game.dir/Scripting/ScriptDefines/ModuleScript.cpp.o
#23 195.2 [ 66%] Building CXX object src/server/game/CMakeFiles/game.dir/Scripting/ScriptDefines/MovementHandlerScript.cpp.o
#23 195.2 [ 66%] Building CXX object src/server/game/CMakeFiles/game.dir/Scripting/ScriptDefines/OutdoorPvPScript.cpp.o
#23 195.3 [ 67%] Building CXX object src/server/scripts/CMakeFiles/scripts.dir/Kalimdor/zone_winterspring.cpp.o
#23 195.3 [ 67%] Building CXX object src/server/scripts/CMakeFiles/scripts.dir/Kalimdor/BlackfathomDeeps/instance_blackfathom_deeps.cpp.o
#23 195.4 [ 67%] Building CXX object src/server/scripts/CMakeFiles/scripts.dir/Kalimdor/CavernsOfTime/BattleForMountHyjal/boss_anetheron.cpp.o
#23 195.5 [ 67%] Building CXX object src/server/scripts/CMakeFiles/scripts.dir/Kalimdor/CavernsOfTime/BattleForMountHyjal/boss_archimonde.cpp.o
#23 195.5 [ 67%] Building CXX object src/server/scripts/CMakeFiles/scripts.dir/Kalimdor/CavernsOfTime/BattleForMountHyjal/boss_azgalor.cpp.o
#23 195.6 [ 67%] Building CXX object src/server/scripts/CMakeFiles/scripts.dir/Kalimdor/CavernsOfTime/BattleForMountHyjal/boss_kazrogal.cpp.o
#23 195.7 [ 67%] Building CXX object src/server/scripts/CMakeFiles/scripts.dir/Kalimdor/CavernsOfTime/BattleForMountHyjal/boss_rage_winterchill.cpp.o
#23 195.7 [ 67%] Building CXX object src/server/game/CMakeFiles/game.dir/Scripting/ScriptDefines/PetScript.cpp.o
#23 195.7 [ 67%] Building CXX object src/server/scripts/CMakeFiles/scripts.dir/Kalimdor/CavernsOfTime/BattleForMountHyjal/hyjal.cpp.o
#23 195.7 [ 68%] Building CXX object src/server/game/CMakeFiles/game.dir/Scripting/ScriptDefines/PlayerScript.cpp.o
#23 195.9 [ 68%] Building CXX object src/server/scripts/CMakeFiles/scripts.dir/Kalimdor/CavernsOfTime/BattleForMountHyjal/instance_hyjal.cpp.o
#23 196.1 [ 68%] Building CXX object src/server/scripts/CMakeFiles/scripts.dir/Kalimdor/CavernsOfTime/CullingOfStratholme/boss_epoch.cpp.o
#23 196.3 [ 68%] Building CXX object src/server/game/CMakeFiles/game.dir/Scripting/ScriptDefines/ServerScript.cpp.o
#23 197.0 [ 68%] Building CXX object src/server/game/CMakeFiles/game.dir/Scripting/ScriptDefines/SpellScriptLoader.cpp.o
#23 197.1 [ 68%] Building CXX object src/server/game/CMakeFiles/game.dir/Scripting/ScriptDefines/TicketScript.cpp.o
#23 197.4 [ 68%] Building CXX object src/server/scripts/CMakeFiles/scripts.dir/Kalimdor/CavernsOfTime/CullingOfStratholme/boss_infinite.cpp.o
#23 197.5 [ 68%] Building CXX object src/server/game/CMakeFiles/game.dir/Scripting/ScriptDefines/TransportScript.cpp.o
#23 197.6 [ 68%] Building CXX object src/server/game/CMakeFiles/game.dir/Scripting/ScriptDefines/UnitScript.cpp.o
#23 197.6 [ 68%] Building CXX object src/server/scripts/CMakeFiles/scripts.dir/Kalimdor/CavernsOfTime/CullingOfStratholme/boss_mal_ganis.cpp.o
#23 197.8 [ 68%] Building CXX object src/server/scripts/CMakeFiles/scripts.dir/Kalimdor/CavernsOfTime/CullingOfStratholme/boss_meathook.cpp.o
#23 198.0 [ 68%] Building CXX object src/server/game/CMakeFiles/game.dir/Scripting/ScriptDefines/VehicleScript.cpp.o
#23 198.0 [ 68%] Building CXX object src/server/scripts/CMakeFiles/scripts.dir/Kalimdor/CavernsOfTime/CullingOfStratholme/boss_salramm.cpp.o
#23 198.1 [ 68%] Building CXX object src/server/game/CMakeFiles/game.dir/Scripting/ScriptDefines/WeatherScript.cpp.o
#23 198.2 [ 69%] Building CXX object src/server/scripts/CMakeFiles/scripts.dir/Kalimdor/CavernsOfTime/CullingOfStratholme/culling_of_stratholme.cpp.o
#23 198.2 [ 69%] Building CXX object src/server/scripts/CMakeFiles/scripts.dir/Kalimdor/CavernsOfTime/CullingOfStratholme/instance_culling_of_stratholme.cpp.o
#23 198.8 [ 69%] Building CXX object src/server/game/CMakeFiles/game.dir/Scripting/ScriptDefines/WorldMapScript.cpp.o
#23 198.9 [ 69%] Building CXX object src/server/game/CMakeFiles/game.dir/Scripting/ScriptDefines/WorldObjectScript.cpp.o
#23 199.0 [ 69%] Building CXX object src/server/game/CMakeFiles/game.dir/Scripting/ScriptDefines/WorldScript.cpp.o
#23 199.1 [ 69%] Building CXX object src/server/game/CMakeFiles/game.dir/Server/Packet.cpp.o
#23 199.2 [ 69%] Building CXX object src/server/scripts/CMakeFiles/scripts.dir/Kalimdor/CavernsOfTime/EscapeFromDurnholdeKeep/boss_captain_skarloc.cpp.o
#23 199.2 [ 69%] Building CXX object src/server/game/CMakeFiles/game.dir/Server/WorldSession.cpp.o
#23 199.4 [ 70%] Building CXX object src/server/game/CMakeFiles/game.dir/Server/WorldSessionMgr.cpp.o
#23 199.5 [ 70%] Building CXX object src/server/scripts/CMakeFiles/scripts.dir/Kalimdor/CavernsOfTime/EscapeFromDurnholdeKeep/boss_epoch_hunter.cpp.o
#23 199.5 [ 70%] Building CXX object src/server/game/CMakeFiles/game.dir/Server/WorldSocket.cpp.o
#23 199.6 [ 70%] Building CXX object src/server/game/CMakeFiles/game.dir/Server/WorldSocketMgr.cpp.o
#23 199.7 [ 70%] Building CXX object src/server/scripts/CMakeFiles/scripts.dir/Kalimdor/CavernsOfTime/EscapeFromDurnholdeKeep/boss_lieutenant_drake.cpp.o
#23 199.8 [ 70%] Building CXX object src/server/game/CMakeFiles/game.dir/Server/Packets/BankPackets.cpp.o
#23 200.1 [ 70%] Building CXX object src/server/scripts/CMakeFiles/scripts.dir/Kalimdor/CavernsOfTime/EscapeFromDurnholdeKeep/instance_old_hillsbrad.cpp.o
#23 200.4 [ 70%] Building CXX object src/server/game/CMakeFiles/game.dir/Server/Packets/CalendarPackets.cpp.o
#23 200.4 [ 70%] Building CXX object src/server/game/CMakeFiles/game.dir/Server/Packets/CharacterPackets.cpp.o
#23 200.4 [ 70%] Building CXX object src/server/scripts/CMakeFiles/scripts.dir/Kalimdor/CavernsOfTime/EscapeFromDurnholdeKeep/old_hillsbrad.cpp.o
#23 200.8 [ 70%] Building CXX object src/server/game/CMakeFiles/game.dir/Server/Packets/ChatPackets.cpp.o
#23 200.9 [ 70%] Building CXX object src/server/game/CMakeFiles/game.dir/Server/Packets/CombatLogPackets.cpp.o
#23 201.0 [ 70%] Building CXX object src/server/game/CMakeFiles/game.dir/Server/Packets/CombatPackets.cpp.o
#23 201.1 [ 70%] Building CXX object src/server/scripts/CMakeFiles/scripts.dir/Kalimdor/CavernsOfTime/TheBlackMorass/boss_aeonus.cpp.o
#23 201.1 [ 70%] Building CXX object src/server/game/CMakeFiles/game.dir/Server/Packets/GuildPackets.cpp.o
#23 201.1 [ 70%] Building CXX object src/server/game/CMakeFiles/game.dir/Server/Packets/InstancePackets.cpp.o
#23 201.3 [ 70%] Building CXX object src/server/game/CMakeFiles/game.dir/Server/Packets/ItemPackets.cpp.o
#23 201.8 [ 70%] Building CXX object src/server/game/CMakeFiles/game.dir/Server/Packets/LFGPackets.cpp.o
#23 201.8 [ 71%] Building CXX object src/server/game/CMakeFiles/game.dir/Server/Packets/MiscPackets.cpp.o
#23 201.9 [ 71%] Building CXX object src/server/scripts/CMakeFiles/scripts.dir/Kalimdor/CavernsOfTime/TheBlackMorass/boss_chrono_lord_deja.cpp.o
#23 202.1 [ 71%] Building CXX object src/server/scripts/CMakeFiles/scripts.dir/Kalimdor/CavernsOfTime/TheBlackMorass/boss_temporus.cpp.o
#23 202.1 [ 71%] Building CXX object src/server/game/CMakeFiles/game.dir/Server/Packets/NPCPackets.cpp.o
#23 202.1 [ 71%] Building CXX object src/server/game/CMakeFiles/game.dir/Server/Packets/PacketUtilities.cpp.o
#23 202.1 [ 71%] Building CXX object src/server/scripts/CMakeFiles/scripts.dir/Kalimdor/CavernsOfTime/TheBlackMorass/instance_the_black_morass.cpp.o
#23 202.3 [ 71%] Building CXX object src/server/scripts/CMakeFiles/scripts.dir/Kalimdor/CavernsOfTime/TheBlackMorass/the_black_morass.cpp.o
#23 202.4 [ 71%] Building CXX object src/server/game/CMakeFiles/game.dir/Server/Packets/PetPackets.cpp.o
#23 202.5 [ 71%] Building CXX object src/server/scripts/CMakeFiles/scripts.dir/Kalimdor/DireMaul/boss_isalien.cpp.o
#23 202.6 [ 72%] Building CXX object src/server/scripts/CMakeFiles/scripts.dir/Kalimdor/DireMaul/instance_dire_maul.cpp.o
#23 202.7 [ 72%] Building CXX object src/server/scripts/CMakeFiles/scripts.dir/Kalimdor/Maraudon/instance_maraudon.cpp.o
#23 202.9 [ 72%] Building CXX object src/server/scripts/CMakeFiles/scripts.dir/Kalimdor/OnyxiasLair/boss_onyxia.cpp.o
#23 203.0 [ 72%] Building CXX object src/server/scripts/CMakeFiles/scripts.dir/Kalimdor/OnyxiasLair/instance_onyxias_lair.cpp.o
#23 203.2 [ 72%] Building CXX object src/server/scripts/CMakeFiles/scripts.dir/Kalimdor/RagefireChasm/instance_ragefire_chasm.cpp.o
#23 203.2 [ 72%] Building CXX object src/server/scripts/CMakeFiles/scripts.dir/Kalimdor/RazorfenDowns/instance_razorfen_downs.cpp.o
#23 203.2 [ 72%] Building CXX object src/server/game/CMakeFiles/game.dir/Server/Packets/QueryPackets.cpp.o
#23 203.3 [ 72%] Building CXX object src/server/scripts/CMakeFiles/scripts.dir/Kalimdor/RazorfenDowns/razorfen_downs.cpp.o
#23 203.5 [ 72%] Building CXX object src/server/game/CMakeFiles/game.dir/Server/Packets/TotemPackets.cpp.o
#23 203.5 [ 72%] Building CXX object src/server/scripts/CMakeFiles/scripts.dir/Kalimdor/RazorfenKraul/instance_razorfen_kraul.cpp.o
#23 203.5 [ 72%] Building CXX object src/server/scripts/CMakeFiles/scripts.dir/Kalimdor/RuinsOfAhnQiraj/boss_ayamiss.cpp.o
#23 203.8 [ 72%] Building CXX object src/server/scripts/CMakeFiles/scripts.dir/Kalimdor/RuinsOfAhnQiraj/boss_buru.cpp.o
#23 203.8 [ 72%] Building CXX object src/server/game/CMakeFiles/game.dir/Server/Packets/WorldStatePackets.cpp.o
#23 203.8 [ 72%] Building CXX object src/server/game/CMakeFiles/game.dir/Server/Protocol/Opcodes.cpp.o
#23 203.9 [ 72%] Building CXX object src/server/scripts/CMakeFiles/scripts.dir/Kalimdor/RuinsOfAhnQiraj/boss_kurinnaxx.cpp.o
#23 204.0 [ 72%] Building CXX object src/server/scripts/CMakeFiles/scripts.dir/Kalimdor/RuinsOfAhnQiraj/boss_moam.cpp.o
#23 204.2 [ 72%] Building CXX object src/server/scripts/CMakeFiles/scripts.dir/Kalimdor/RuinsOfAhnQiraj/boss_ossirian.cpp.o
#23 204.4 [ 73%] Building CXX object src/server/scripts/CMakeFiles/scripts.dir/Kalimdor/RuinsOfAhnQiraj/boss_rajaxx.cpp.o
#23 204.5 [ 73%] Building CXX object src/server/game/CMakeFiles/game.dir/Server/Protocol/PacketLog.cpp.o
#23 204.5 [ 73%] Building CXX object src/server/scripts/CMakeFiles/scripts.dir/Kalimdor/RuinsOfAhnQiraj/instance_ruins_of_ahnqiraj.cpp.o
#23 204.7 [ 73%] Building CXX object src/server/scripts/CMakeFiles/scripts.dir/Kalimdor/RuinsOfAhnQiraj/ruins_of_ahnqiraj.cpp.o
#23 204.9 [ 73%] Building CXX object src/server/game/CMakeFiles/game.dir/Skills/SkillDiscovery.cpp.o
#23 204.9 [ 73%] Building CXX object src/server/game/CMakeFiles/game.dir/Skills/SkillExtraItems.cpp.o
#23 204.9 [ 73%] Building CXX object src/server/scripts/CMakeFiles/scripts.dir/Kalimdor/TempleOfAhnQiraj/boss_bug_trio.cpp.o
#23 204.9 [ 73%] Building CXX object src/server/scripts/CMakeFiles/scripts.dir/Kalimdor/TempleOfAhnQiraj/boss_cthun.cpp.o
#23 205.1 [ 73%] Building CXX object src/server/scripts/CMakeFiles/scripts.dir/Kalimdor/TempleOfAhnQiraj/boss_fankriss.cpp.o
#23 205.1 [ 73%] Building CXX object src/server/game/CMakeFiles/game.dir/Spells/Spell.cpp.o
#23 205.4 [ 73%] Building CXX object src/server/scripts/CMakeFiles/scripts.dir/Kalimdor/TempleOfAhnQiraj/boss_huhuran.cpp.o
#23 205.5 [ 73%] Building CXX object src/server/scripts/CMakeFiles/scripts.dir/Kalimdor/TempleOfAhnQiraj/boss_ouro.cpp.o
#23 205.6 [ 73%] Building CXX object src/server/game/CMakeFiles/game.dir/Spells/SpellEffects.cpp.o
#23 205.7 [ 73%] Building CXX object src/server/scripts/CMakeFiles/scripts.dir/Kalimdor/TempleOfAhnQiraj/boss_sartura.cpp.o
#23 205.8 [ 73%] Building CXX object src/server/scripts/CMakeFiles/scripts.dir/Kalimdor/TempleOfAhnQiraj/boss_skeram.cpp.o
#23 205.8 [ 73%] Building CXX object src/server/game/CMakeFiles/game.dir/Spells/SpellInfo.cpp.o
#23 205.8 [ 73%] Building CXX object src/server/scripts/CMakeFiles/scripts.dir/Kalimdor/TempleOfAhnQiraj/boss_twinemperors.cpp.o
#23 206.1 [ 73%] Building CXX object src/server/scripts/CMakeFiles/scripts.dir/Kalimdor/TempleOfAhnQiraj/boss_viscidus.cpp.o
#23 206.1 [ 74%] Building CXX object src/server/game/CMakeFiles/game.dir/Spells/SpellInfoCorrections.cpp.o
#23 206.3 [ 74%] Building CXX object src/server/scripts/CMakeFiles/scripts.dir/Kalimdor/TempleOfAhnQiraj/instance_temple_of_ahnqiraj.cpp.o
#23 206.7 [ 75%] Building CXX object src/server/scripts/CMakeFiles/scripts.dir/Kalimdor/TempleOfAhnQiraj/mob_anubisath_sentinel.cpp.o
#23 207.0 [ 75%] Building CXX object src/server/game/CMakeFiles/game.dir/Spells/SpellScript.cpp.o
#23 207.0 [ 75%] Building CXX object src/server/game/CMakeFiles/game.dir/Spells/SpellMgr.cpp.o
#23 207.0 [ 75%] Building CXX object src/server/scripts/CMakeFiles/scripts.dir/Kalimdor/TempleOfAhnQiraj/temple_of_ahnqiraj.cpp.o
#23 207.6 [ 75%] Building CXX object src/server/game/CMakeFiles/game.dir/Spells/Auras/SpellAuraEffects.cpp.o
#23 207.6 [ 75%] Building CXX object src/server/scripts/CMakeFiles/scripts.dir/Kalimdor/WailingCaverns/instance_wailing_caverns.cpp.o
#23 207.8 [ 75%] Building CXX object src/server/game/CMakeFiles/game.dir/Spells/Auras/SpellAuras.cpp.o
#23 207.8 [ 75%] Building CXX object src/server/scripts/CMakeFiles/scripts.dir/Kalimdor/ZulFarrak/instance_zulfarrak.cpp.o
#23 208.0 [ 75%] Building CXX object src/server/game/CMakeFiles/game.dir/Texts/ChatTextBuilder.cpp.o
#23 208.0 [ 75%] Building CXX object src/server/scripts/CMakeFiles/scripts.dir/Kalimdor/ZulFarrak/zulfarrak.cpp.o
#23 208.1 [ 75%] Building CXX object src/server/scripts/CMakeFiles/scripts.dir/Northrend/isle_of_conquest.cpp.o
#23 208.5 [ 75%] Building CXX object src/server/scripts/CMakeFiles/scripts.dir/Northrend/northrend_script_loader.cpp.o
#23 208.6 [ 75%] Building CXX object src/server/scripts/CMakeFiles/scripts.dir/Northrend/zone_borean_tundra.cpp.o
#23 208.6 [ 75%] Building CXX object src/server/game/CMakeFiles/game.dir/Texts/CreatureTextMgr.cpp.o
#23 208.8 [ 75%] Building CXX object src/server/game/CMakeFiles/game.dir/Tickets/TicketMgr.cpp.o
#23 209.0 [ 75%] Building CXX object src/server/game/CMakeFiles/game.dir/Time/GameTime.cpp.o
#23 209.1 [ 75%] Building CXX object src/server/game/CMakeFiles/game.dir/Time/UpdateTime.cpp.o
#23 209.1 [ 75%] Building CXX object src/server/scripts/CMakeFiles/scripts.dir/Northrend/zone_crystalsong_forest.cpp.o
#23 209.1 [ 75%] Building CXX object src/server/game/CMakeFiles/game.dir/Tools/CharacterDatabaseCleaner.cpp.o
#23 209.2 [ 75%] Building CXX object src/server/scripts/CMakeFiles/scripts.dir/Northrend/zone_dalaran.cpp.o
#23 209.5 [ 75%] Building CXX object src/server/scripts/CMakeFiles/scripts.dir/Northrend/zone_dragonblight.cpp.o
#23 209.7 [ 75%] Building CXX object src/server/game/CMakeFiles/game.dir/Tools/PlayerDump.cpp.o
#23 210.0 [ 75%] Building CXX object src/server/game/CMakeFiles/game.dir/Warden/Warden.cpp.o
#23 210.4 [ 76%] Building CXX object src/server/game/CMakeFiles/game.dir/Warden/WardenCheckMgr.cpp.o
#23 210.5 [ 76%] Building CXX object src/server/scripts/CMakeFiles/scripts.dir/Northrend/zone_grizzly_hills.cpp.o
#23 210.5 [ 76%] Building CXX object src/server/game/CMakeFiles/game.dir/Warden/WardenMac.cpp.o
#23 210.7 [ 76%] Building CXX object src/server/scripts/CMakeFiles/scripts.dir/Northrend/zone_howling_fjord.cpp.o
#23 210.8 [ 76%] Building CXX object src/server/game/CMakeFiles/game.dir/Warden/WardenWin.cpp.o
#23 210.8 [ 76%] Building CXX object src/server/game/CMakeFiles/game.dir/Warden/WardenPayloadMgr.cpp.o
#23 211.0 [ 77%] Building CXX object src/server/scripts/CMakeFiles/scripts.dir/Northrend/zone_icecrown.cpp.o
#23 211.0 [ 77%] Building CXX object src/server/scripts/CMakeFiles/scripts.dir/Northrend/zone_sholazar_basin.cpp.o
#23 211.7 [ 77%] Building CXX object src/server/scripts/CMakeFiles/scripts.dir/Northrend/zone_storm_peaks.cpp.o
#23 211.9 [ 77%] Building CXX object src/server/scripts/CMakeFiles/scripts.dir/Northrend/zone_wintergrasp.cpp.o
#23 212.4 [ 77%] Building CXX object src/server/game/CMakeFiles/game.dir/Warden/enuminfo_WardenCheckMgr.cpp.o
#23 212.5 [ 77%] Building CXX object src/server/game/CMakeFiles/game.dir/Weather/Weather.cpp.o
#23 212.5 [ 77%] Building CXX object src/server/game/CMakeFiles/game.dir/Weather/WeatherMgr.cpp.o
#23 212.6 [ 77%] Building CXX object src/server/game/CMakeFiles/game.dir/World/World.cpp.o
#23 213.3 [ 77%] Building CXX object src/server/game/CMakeFiles/game.dir/World/WorldConfig.cpp.o
#23 213.4 [ 77%] Building CXX object src/server/scripts/CMakeFiles/scripts.dir/Northrend/zone_zuldrak.cpp.o
#23 213.4 [ 77%] Building CXX object src/server/game/CMakeFiles/game.dir/World/WorldState.cpp.o
#23 213.6 [ 77%] Building CXX object src/server/scripts/CMakeFiles/scripts.dir/Northrend/AzjolNerub/AzjolNerub/boss_anubarak.cpp.o
#23 213.6 [ 77%] Building CXX object src/server/scripts/CMakeFiles/scripts.dir/Northrend/AzjolNerub/AzjolNerub/boss_hadronox.cpp.o
#23 213.7 [ 77%] Building CXX object src/server/scripts/CMakeFiles/scripts.dir/Northrend/AzjolNerub/AzjolNerub/boss_krikthir_the_gatewatcher.cpp.o
#23 213.8 [ 77%] Building CXX object src/server/scripts/CMakeFiles/scripts.dir/Northrend/AzjolNerub/AzjolNerub/instance_azjol_nerub.cpp.o
#23 214.0 [ 77%] Building CXX object src/server/scripts/CMakeFiles/scripts.dir/Northrend/AzjolNerub/ahnkahet/boss_amanitar.cpp.o
#23 214.2 [ 77%] Building CXX object src/server/scripts/CMakeFiles/scripts.dir/Northrend/AzjolNerub/ahnkahet/boss_elder_nadox.cpp.o
#23 214.4 [ 77%] Building CXX object src/server/scripts/CMakeFiles/scripts.dir/Northrend/AzjolNerub/ahnkahet/boss_jedoga_shadowseeker.cpp.o
#23 214.4 [ 77%] Building CXX object src/server/scripts/CMakeFiles/scripts.dir/Northrend/AzjolNerub/ahnkahet/boss_herald_volazj.cpp.o
#23 214.4 [ 77%] Building CXX object src/server/scripts/CMakeFiles/scripts.dir/Northrend/AzjolNerub/ahnkahet/boss_prince_taldaram.cpp.o
#23 214.9 [ 78%] Building CXX object src/server/scripts/CMakeFiles/scripts.dir/Northrend/AzjolNerub/ahnkahet/instance_ahnkahet.cpp.o
#23 215.0 [ 78%] Building CXX object src/server/scripts/CMakeFiles/scripts.dir/Northrend/ChamberOfAspects/ObsidianSanctum/boss_sartharion.cpp.o
#23 215.1 [ 78%] Building CXX object src/server/scripts/CMakeFiles/scripts.dir/Northrend/ChamberOfAspects/ObsidianSanctum/instance_obsidian_sanctum.cpp.o
#23 215.4 [ 78%] Building CXX object src/server/scripts/CMakeFiles/scripts.dir/Northrend/ChamberOfAspects/RubySanctum/boss_baltharus_the_warborn.cpp.o
#23 215.8 [ 78%] Building CXX object src/server/scripts/CMakeFiles/scripts.dir/Northrend/ChamberOfAspects/RubySanctum/boss_general_zarithrian.cpp.o
#23 216.1 [ 78%] Building CXX object src/server/scripts/CMakeFiles/scripts.dir/Northrend/ChamberOfAspects/RubySanctum/boss_halion.cpp.o
#23 216.2 [ 78%] Building CXX object src/server/scripts/CMakeFiles/scripts.dir/Northrend/ChamberOfAspects/RubySanctum/boss_saviana_ragefire.cpp.o
#23 216.2 [ 78%] Building CXX object src/server/scripts/CMakeFiles/scripts.dir/Northrend/ChamberOfAspects/RubySanctum/instance_ruby_sanctum.cpp.o
#23 216.2 [ 78%] Building CXX object src/server/scripts/CMakeFiles/scripts.dir/Northrend/CrusadersColiseum/TrialOfTheChampion/boss_argent_challenge.cpp.o
#23 216.4 [ 78%] Building CXX object src/server/scripts/CMakeFiles/scripts.dir/Northrend/CrusadersColiseum/TrialOfTheChampion/boss_black_knight.cpp.o
#23 216.8 [ 78%] Building CXX object src/server/scripts/CMakeFiles/scripts.dir/Northrend/CrusadersColiseum/TrialOfTheChampion/boss_grand_champions.cpp.o
#23 216.9 [ 78%] Building CXX object src/server/scripts/CMakeFiles/scripts.dir/Northrend/CrusadersColiseum/TrialOfTheChampion/instance_trial_of_the_champion.cpp.o
#23 217.2 [ 78%] Building CXX object src/server/scripts/CMakeFiles/scripts.dir/Northrend/CrusadersColiseum/TrialOfTheChampion/trial_of_the_champion.cpp.o
#23 217.4 [ 79%] Building CXX object src/server/scripts/CMakeFiles/scripts.dir/Northrend/CrusadersColiseum/TrialOfTheCrusader/boss_anubarak_trial.cpp.o
#23 217.4 [ 79%] Building CXX object src/server/scripts/CMakeFiles/scripts.dir/Northrend/CrusadersColiseum/TrialOfTheCrusader/boss_faction_champions.cpp.o
#23 217.5 [ 79%] Building CXX object src/server/scripts/CMakeFiles/scripts.dir/Northrend/CrusadersColiseum/TrialOfTheCrusader/boss_lord_jaraxxus.cpp.o
#23 217.8 [ 79%] Building CXX object src/server/scripts/CMakeFiles/scripts.dir/Northrend/CrusadersColiseum/TrialOfTheCrusader/boss_northrend_beasts.cpp.o
#23 218.0 [ 79%] Building CXX object src/server/scripts/CMakeFiles/scripts.dir/Northrend/CrusadersColiseum/TrialOfTheCrusader/boss_twin_valkyr.cpp.o
#23 218.0 [ 79%] Building CXX object src/server/scripts/CMakeFiles/scripts.dir/Northrend/CrusadersColiseum/TrialOfTheCrusader/instance_trial_of_the_crusader.cpp.o
#23 218.1 [ 79%] Building CXX object src/server/scripts/CMakeFiles/scripts.dir/Northrend/CrusadersColiseum/TrialOfTheCrusader/trial_of_the_crusader.cpp.o
#23 218.2 [ 79%] Building CXX object src/server/scripts/CMakeFiles/scripts.dir/Northrend/DraktharonKeep/boss_dred.cpp.o
#23 218.3 [ 79%] Building CXX object src/server/scripts/CMakeFiles/scripts.dir/Northrend/DraktharonKeep/boss_novos.cpp.o
#23 218.3 [ 79%] Building CXX object src/server/scripts/CMakeFiles/scripts.dir/Northrend/DraktharonKeep/boss_tharon_ja.cpp.o
#23 218.7 [ 79%] Building CXX object src/server/scripts/CMakeFiles/scripts.dir/Northrend/DraktharonKeep/boss_trollgore.cpp.o
#23 218.8 [ 79%] Building CXX object src/server/scripts/CMakeFiles/scripts.dir/Northrend/DraktharonKeep/instance_drak_tharon_keep.cpp.o
#23 218.9 [ 79%] Building CXX object src/server/scripts/CMakeFiles/scripts.dir/Northrend/FrozenHalls/ForgeOfSouls/boss_bronjahm.cpp.o
#23 219.1 [ 80%] Building CXX object src/server/scripts/CMakeFiles/scripts.dir/Northrend/FrozenHalls/ForgeOfSouls/boss_devourer_of_souls.cpp.o
#23 219.1 [ 80%] Building CXX object src/server/scripts/CMakeFiles/scripts.dir/Northrend/FrozenHalls/ForgeOfSouls/forge_of_souls.cpp.o
#23 219.3 [ 80%] Building CXX object src/server/scripts/CMakeFiles/scripts.dir/Northrend/FrozenHalls/ForgeOfSouls/instance_forge_of_souls.cpp.o
#23 219.4 [ 80%] Building CXX object src/server/scripts/CMakeFiles/scripts.dir/Northrend/FrozenHalls/HallsOfReflection/boss_falric.cpp.o
#23 219.6 [ 80%] Building CXX object src/server/scripts/CMakeFiles/scripts.dir/Northrend/FrozenHalls/HallsOfReflection/boss_marwyn.cpp.o
#23 219.6 [ 80%] Building CXX object src/server/scripts/CMakeFiles/scripts.dir/Northrend/FrozenHalls/HallsOfReflection/halls_of_reflection.cpp.o
#23 220.0 [ 80%] Building CXX object src/server/scripts/CMakeFiles/scripts.dir/Northrend/FrozenHalls/HallsOfReflection/instance_halls_of_reflection.cpp.o
#23 220.1 [ 80%] Building CXX object src/server/scripts/CMakeFiles/scripts.dir/Northrend/FrozenHalls/PitOfSaron/boss_forgemaster_garfrost.cpp.o
#23 220.1 [ 80%] Building CXX object src/server/scripts/CMakeFiles/scripts.dir/Northrend/FrozenHalls/PitOfSaron/boss_krickandick.cpp.o
#23 220.1 [ 80%] Building CXX object src/server/scripts/CMakeFiles/scripts.dir/Northrend/FrozenHalls/PitOfSaron/boss_scourgelord_tyrannus.cpp.o
#23 220.2 [ 80%] Building CXX object src/server/scripts/CMakeFiles/scripts.dir/Northrend/FrozenHalls/PitOfSaron/instance_pit_of_saron.cpp.o
#23 220.5 [ 80%] Building CXX object src/server/scripts/CMakeFiles/scripts.dir/Northrend/FrozenHalls/PitOfSaron/pit_of_saron.cpp.o
#23 220.7 [ 80%] Building CXX object src/server/scripts/CMakeFiles/scripts.dir/Northrend/Gundrak/boss_drakkari_colossus.cpp.o
#23 220.9 [ 81%] Building CXX object src/server/scripts/CMakeFiles/scripts.dir/Northrend/Gundrak/boss_eck.cpp.o
#23 220.9 [ 81%] Building CXX object src/server/scripts/CMakeFiles/scripts.dir/Northrend/Gundrak/boss_gal_darah.cpp.o
#23 221.1 [ 81%] Building CXX object src/server/scripts/CMakeFiles/scripts.dir/Northrend/Gundrak/boss_moorabi.cpp.o
#23 221.1 [ 81%] Building CXX object src/server/scripts/CMakeFiles/scripts.dir/Northrend/Gundrak/boss_slad_ran.cpp.o
#23 221.1 [ 81%] Building CXX object src/server/scripts/CMakeFiles/scripts.dir/Northrend/Gundrak/instance_gundrak.cpp.o
#23 221.3 [ 81%] Building CXX object src/server/scripts/CMakeFiles/scripts.dir/Northrend/IcecrownCitadel/boss_blood_prince_council.cpp.o
#23 221.6 [ 81%] Building CXX object src/server/scripts/CMakeFiles/scripts.dir/Northrend/IcecrownCitadel/boss_blood_queen_lana_thel.cpp.o
#23 221.7 [ 81%] Building CXX object src/server/scripts/CMakeFiles/scripts.dir/Northrend/IcecrownCitadel/boss_deathbringer_saurfang.cpp.o
#23 221.7 [ 81%] Building CXX object src/server/scripts/CMakeFiles/scripts.dir/Northrend/IcecrownCitadel/boss_festergut.cpp.o
#23 221.8 [ 81%] Building CXX object src/server/scripts/CMakeFiles/scripts.dir/Northrend/IcecrownCitadel/boss_icecrown_gunship_battle.cpp.o
#23 222.1 [ 81%] Building CXX object src/server/scripts/CMakeFiles/scripts.dir/Northrend/IcecrownCitadel/boss_lady_deathwhisper.cpp.o
#23 222.1 [ 81%] Building CXX object src/server/scripts/CMakeFiles/scripts.dir/Northrend/IcecrownCitadel/boss_lord_marrowgar.cpp.o
#23 222.2 [ 81%] Building CXX object src/server/scripts/CMakeFiles/scripts.dir/Northrend/IcecrownCitadel/boss_professor_putricide.cpp.o
#23 222.3 [ 81%] Building CXX object src/server/scripts/CMakeFiles/scripts.dir/Northrend/IcecrownCitadel/boss_rotface.cpp.o
#23 222.5 [ 82%] Building CXX object src/server/scripts/CMakeFiles/scripts.dir/Northrend/IcecrownCitadel/boss_sindragosa.cpp.o
#23 222.6 [ 82%] Building CXX object src/server/scripts/CMakeFiles/scripts.dir/Northrend/IcecrownCitadel/boss_the_lich_king.cpp.o
#23 222.6 [ 82%] Building CXX object src/server/scripts/CMakeFiles/scripts.dir/Northrend/IcecrownCitadel/boss_valithria_dreamwalker.cpp.o
#23 222.7 [ 82%] Building CXX object src/server/scripts/CMakeFiles/scripts.dir/Northrend/IcecrownCitadel/icecrown_citadel.cpp.o
#23 222.7 [ 82%] Building CXX object src/server/scripts/CMakeFiles/scripts.dir/Northrend/IcecrownCitadel/icecrown_citadel_teleport.cpp.o
#23 222.9 [ 82%] Building CXX object src/server/scripts/CMakeFiles/scripts.dir/Northrend/IcecrownCitadel/instance_icecrown_citadel.cpp.o
#23 223.0 [ 82%] Building CXX object src/server/scripts/CMakeFiles/scripts.dir/Northrend/Naxxramas/boss_anubrekhan.cpp.o
#23 223.2 [ 82%] Building CXX object src/server/scripts/CMakeFiles/scripts.dir/Northrend/Naxxramas/boss_faerlina.cpp.o
#23 223.2 [ 82%] Building CXX object src/server/scripts/CMakeFiles/scripts.dir/Northrend/Naxxramas/boss_four_horsemen.cpp.o
#23 223.2 [ 82%] Building CXX object src/server/scripts/CMakeFiles/scripts.dir/Northrend/Naxxramas/boss_gluth.cpp.o
#23 223.4 [ 82%] Building CXX object src/server/scripts/CMakeFiles/scripts.dir/Northrend/Naxxramas/boss_gothik.cpp.o
#23 223.6 [ 82%] Building CXX object src/server/scripts/CMakeFiles/scripts.dir/Northrend/Naxxramas/boss_grobbulus.cpp.o
#23 224.0 [ 82%] Building CXX object src/server/scripts/CMakeFiles/scripts.dir/Northrend/Naxxramas/boss_heigan.cpp.o
#23 224.2 [ 83%] Building CXX object src/server/scripts/CMakeFiles/scripts.dir/Northrend/Naxxramas/boss_kelthuzad.cpp.o
#23 224.3 [ 83%] Building CXX object src/server/scripts/CMakeFiles/scripts.dir/Northrend/Naxxramas/boss_loatheb.cpp.o
#23 224.4 [ 83%] Building CXX object src/server/scripts/CMakeFiles/scripts.dir/Northrend/Naxxramas/boss_maexxna.cpp.o
#23 225.1 [ 83%] Building CXX object src/server/scripts/CMakeFiles/scripts.dir/Northrend/Naxxramas/boss_noth.cpp.o
#23 225.2 [ 83%] Building CXX object src/server/scripts/CMakeFiles/scripts.dir/Northrend/Naxxramas/boss_patchwerk.cpp.o
#23 225.3 [ 83%] Building CXX object src/server/scripts/CMakeFiles/scripts.dir/Northrend/Naxxramas/boss_razuvious.cpp.o
#23 225.5 [ 83%] Building CXX object src/server/scripts/CMakeFiles/scripts.dir/Northrend/Naxxramas/boss_sapphiron.cpp.o
#23 225.6 [ 83%] Building CXX object src/server/scripts/CMakeFiles/scripts.dir/Northrend/Naxxramas/boss_thaddius.cpp.o
#23 225.6 [ 83%] Building CXX object src/server/scripts/CMakeFiles/scripts.dir/Northrend/Naxxramas/instance_naxxramas.cpp.o
#23 225.7 [ 83%] Building CXX object src/server/scripts/CMakeFiles/scripts.dir/Northrend/Nexus/EyeOfEternity/boss_malygos.cpp.o
#23 225.7 [ 83%] Building CXX object src/server/scripts/CMakeFiles/scripts.dir/Northrend/Nexus/EyeOfEternity/instance_eye_of_eternity.cpp.o
#23 225.8 [ 83%] Building CXX object src/server/scripts/CMakeFiles/scripts.dir/Northrend/Nexus/Nexus/boss_commander_stoutbeard_kolurg.cpp.o
#23 225.8 [ 83%] Building CXX object src/server/scripts/CMakeFiles/scripts.dir/Northrend/Nexus/Nexus/boss_anomalus.cpp.o
#23 226.2 [ 84%] Building CXX object src/server/scripts/CMakeFiles/scripts.dir/Northrend/Nexus/Nexus/boss_keristrasza.cpp.o
#23 226.4 [ 84%] Building CXX object src/server/scripts/CMakeFiles/scripts.dir/Northrend/Nexus/Nexus/boss_magus_telestra.cpp.o
#23 226.4 [ 84%] Building CXX object src/server/scripts/CMakeFiles/scripts.dir/Northrend/Nexus/Nexus/boss_ormorok.cpp.o
#23 226.6 [ 84%] Building CXX object src/server/scripts/CMakeFiles/scripts.dir/Northrend/Nexus/Nexus/instance_nexus.cpp.o
#23 226.6 [ 84%] Building CXX object src/server/scripts/CMakeFiles/scripts.dir/Northrend/Nexus/Oculus/boss_drakos.cpp.o
#23 226.6 [ 84%] Building CXX object src/server/scripts/CMakeFiles/scripts.dir/Northrend/Nexus/Oculus/boss_eregos.cpp.o
#23 226.7 [ 84%] Building CXX object src/server/scripts/CMakeFiles/scripts.dir/Northrend/Nexus/Oculus/boss_urom.cpp.o
#23 226.8 [ 84%] Building CXX object src/server/scripts/CMakeFiles/scripts.dir/Northrend/Nexus/Oculus/boss_varos.cpp.o
#23 226.8 [ 84%] Linking CXX static library libgame.a
#23 227.0 [ 84%] Building CXX object src/server/scripts/CMakeFiles/scripts.dir/Northrend/Nexus/Oculus/instance_oculus.cpp.o
#23 227.2 [ 84%] Building CXX object src/server/scripts/CMakeFiles/scripts.dir/Northrend/Nexus/Oculus/oculus.cpp.o
#23 227.3 [ 84%] Building CXX object src/server/scripts/CMakeFiles/scripts.dir/Northrend/Ulduar/HallsOfLightning/boss_ionar.cpp.o
#23 227.3 [ 84%] Building CXX object src/server/scripts/CMakeFiles/scripts.dir/Northrend/Ulduar/HallsOfLightning/boss_bjarngrim.cpp.o
#23 227.3 [ 84%] Building CXX object src/server/scripts/CMakeFiles/scripts.dir/Northrend/Ulduar/HallsOfLightning/boss_loken.cpp.o
#23 227.6 [ 85%] Building CXX object src/server/scripts/CMakeFiles/scripts.dir/Northrend/Ulduar/HallsOfLightning/boss_volkhan.cpp.o
#23 227.7 [ 85%] Building CXX object src/server/scripts/CMakeFiles/scripts.dir/Northrend/Ulduar/HallsOfLightning/instance_halls_of_lightning.cpp.o
#23 227.7 [ 85%] Building CXX object src/server/scripts/CMakeFiles/scripts.dir/Northrend/Ulduar/HallsOfStone/boss_krystallus.cpp.o
#23 227.9 [ 85%] Building CXX object src/server/scripts/CMakeFiles/scripts.dir/Northrend/Ulduar/HallsOfStone/boss_maiden_of_grief.cpp.o
#23 227.9 [ 85%] Building CXX object src/server/scripts/CMakeFiles/scripts.dir/Northrend/Ulduar/HallsOfStone/boss_sjonnir.cpp.o
#23 228.2 [ 85%] Building CXX object src/server/scripts/CMakeFiles/scripts.dir/Northrend/Ulduar/HallsOfStone/brann_bronzebeard.cpp.o
#23 228.3 [ 85%] Building CXX object src/server/scripts/CMakeFiles/scripts.dir/Northrend/Ulduar/HallsOfStone/instance_halls_of_stone.cpp.o
#23 228.3 [ 85%] Building CXX object src/server/scripts/CMakeFiles/scripts.dir/Northrend/Ulduar/Ulduar/boss_algalon_the_observer.cpp.o
#23 228.4 [ 85%] Building CXX object src/server/scripts/CMakeFiles/scripts.dir/Northrend/Ulduar/Ulduar/boss_assembly_of_iron.cpp.o
#23 228.7 [ 85%] Building CXX object src/server/scripts/CMakeFiles/scripts.dir/Northrend/Ulduar/Ulduar/boss_auriaya.cpp.o
#23 228.7 [ 85%] Building CXX object src/server/scripts/CMakeFiles/scripts.dir/Northrend/Ulduar/Ulduar/boss_flame_leviathan.cpp.o
#23 228.7 [ 85%] Building CXX object src/server/scripts/CMakeFiles/scripts.dir/Northrend/Ulduar/Ulduar/boss_freya.cpp.o
#23 228.7 [ 85%] Building CXX object src/server/scripts/CMakeFiles/scripts.dir/Northrend/Ulduar/Ulduar/boss_general_vezax.cpp.o
#23 229.0 [ 85%] Building CXX object src/server/scripts/CMakeFiles/scripts.dir/Northrend/Ulduar/Ulduar/boss_hodir.cpp.o
#23 229.2 [ 86%] Building CXX object src/server/scripts/CMakeFiles/scripts.dir/Northrend/Ulduar/Ulduar/boss_ignis.cpp.o
#23 229.4 [ 86%] Building CXX object src/server/scripts/CMakeFiles/scripts.dir/Northrend/Ulduar/Ulduar/boss_kologarn.cpp.o
#23 229.5 [ 86%] Building CXX object src/server/scripts/CMakeFiles/scripts.dir/Northrend/Ulduar/Ulduar/boss_mimiron.cpp.o
#23 229.6 [ 86%] Building CXX object src/server/scripts/CMakeFiles/scripts.dir/Northrend/Ulduar/Ulduar/boss_razorscale.cpp.o
#23 229.7 [ 86%] Building CXX object src/server/scripts/CMakeFiles/scripts.dir/Northrend/Ulduar/Ulduar/boss_thorim.cpp.o
#23 229.7 [ 86%] Building CXX object src/server/scripts/CMakeFiles/scripts.dir/Northrend/Ulduar/Ulduar/boss_xt002.cpp.o
#23 229.7 [ 86%] Building CXX object src/server/scripts/CMakeFiles/scripts.dir/Northrend/Ulduar/Ulduar/boss_yoggsaron.cpp.o
#23 229.9 [ 86%] Building CXX object src/server/scripts/CMakeFiles/scripts.dir/Northrend/Ulduar/Ulduar/instance_ulduar.cpp.o
#23 230.0 [ 86%] Building CXX object src/server/scripts/CMakeFiles/scripts.dir/Northrend/Ulduar/Ulduar/ulduar.cpp.o
#23 230.1 [ 86%] Building CXX object src/server/scripts/CMakeFiles/scripts.dir/Northrend/UtgardeKeep/UtgardeKeep/boss_ingvar_the_plunderer.cpp.o
#23 230.2 [ 86%] Building CXX object src/server/scripts/CMakeFiles/scripts.dir/Northrend/UtgardeKeep/UtgardeKeep/boss_keleseth.cpp.o
#23 230.4 [ 86%] Building CXX object src/server/scripts/CMakeFiles/scripts.dir/Northrend/UtgardeKeep/UtgardeKeep/boss_skarvald_dalronn.cpp.o
#23 230.6 [ 86%] Building CXX object src/server/scripts/CMakeFiles/scripts.dir/Northrend/UtgardeKeep/UtgardeKeep/instance_utgarde_keep.cpp.o
#23 230.6 [ 87%] Building CXX object src/server/scripts/CMakeFiles/scripts.dir/Northrend/UtgardeKeep/UtgardeKeep/utgarde_keep.cpp.o
#23 230.7 [ 87%] Building CXX object src/server/scripts/CMakeFiles/scripts.dir/Northrend/UtgardeKeep/UtgardePinnacle/boss_palehoof.cpp.o
#23 230.7 [ 87%] Building CXX object src/server/scripts/CMakeFiles/scripts.dir/Northrend/UtgardeKeep/UtgardePinnacle/boss_skadi.cpp.o
#23 230.8 [ 87%] Building CXX object src/server/scripts/CMakeFiles/scripts.dir/Northrend/UtgardeKeep/UtgardePinnacle/boss_svala.cpp.o
#23 230.9 [ 87%] Building CXX object src/server/scripts/CMakeFiles/scripts.dir/Northrend/UtgardeKeep/UtgardePinnacle/boss_ymiron.cpp.o
#23 231.1 [ 87%] Building CXX object src/server/scripts/CMakeFiles/scripts.dir/Northrend/UtgardeKeep/UtgardePinnacle/instance_utgarde_pinnacle.cpp.o
#23 231.5 [ 87%] Building CXX object src/server/scripts/CMakeFiles/scripts.dir/Northrend/UtgardeKeep/UtgardePinnacle/utgarde_pinnacle.cpp.o
#23 231.9 [ 87%] Building CXX object src/server/scripts/CMakeFiles/scripts.dir/Northrend/VaultOfArchavon/boss_archavon.cpp.o
#23 232.2 [ 87%] Building CXX object src/server/scripts/CMakeFiles/scripts.dir/Northrend/VaultOfArchavon/boss_emalon.cpp.o
#23 232.3 [ 87%] Building CXX object src/server/scripts/CMakeFiles/scripts.dir/Northrend/VaultOfArchavon/boss_koralon.cpp.o
#23 232.4 [ 87%] Building CXX object src/server/scripts/CMakeFiles/scripts.dir/Northrend/VaultOfArchavon/instance_vault_of_archavon.cpp.o
#23 232.4 [ 87%] Building CXX object src/server/scripts/CMakeFiles/scripts.dir/Northrend/VaultOfArchavon/boss_toravon.cpp.o
#23 232.4 [ 87%] Building CXX object src/server/scripts/CMakeFiles/scripts.dir/Northrend/VioletHold/boss_cyanigosa.cpp.o
#23 232.4 [ 88%] Building CXX object src/server/scripts/CMakeFiles/scripts.dir/Northrend/VioletHold/boss_erekem.cpp.o
#23 232.7 [ 88%] Building CXX object src/server/scripts/CMakeFiles/scripts.dir/Northrend/VioletHold/boss_ichoron.cpp.o
#23 232.7 [ 88%] Building CXX object src/server/scripts/CMakeFiles/scripts.dir/Northrend/VioletHold/boss_lavanthor.cpp.o
#23 232.9 [ 88%] Building CXX object src/server/scripts/CMakeFiles/scripts.dir/Northrend/VioletHold/boss_moragg.cpp.o
#23 232.9 [ 88%] Building CXX object src/server/scripts/CMakeFiles/scripts.dir/Northrend/VioletHold/boss_xevozz.cpp.o
#23 233.0 [ 88%] Built target game
#23 233.1 [ 88%] Building CXX object src/server/scripts/CMakeFiles/scripts.dir/Northrend/VioletHold/instance_violet_hold.cpp.o
#23 233.1 [ 88%] Building CXX object src/server/scripts/CMakeFiles/scripts.dir/Northrend/VioletHold/boss_zuramat.cpp.o
#23 233.1 [ 88%] Building CXX object src/server/scripts/CMakeFiles/scripts.dir/Northrend/VioletHold/violet_hold.cpp.o
#23 233.1 [ 88%] Building CXX object src/server/scripts/CMakeFiles/scripts.dir/OutdoorPvP/OutdoorPvPEP.cpp.o
#23 233.3 [ 88%] Building CXX object src/server/scripts/CMakeFiles/scripts.dir/OutdoorPvP/OutdoorPvPGH.cpp.o
#23 233.3 [ 88%] Building CXX object src/server/scripts/CMakeFiles/scripts.dir/OutdoorPvP/OutdoorPvPHP.cpp.o
#23 233.3 [ 88%] Building CXX object src/server/scripts/CMakeFiles/scripts.dir/OutdoorPvP/OutdoorPvPNA.cpp.o
#23 233.4 [ 88%] Building CXX object src/server/scripts/CMakeFiles/scripts.dir/OutdoorPvP/OutdoorPvPSI.cpp.o
#23 233.8 [ 89%] Building CXX object src/server/scripts/CMakeFiles/scripts.dir/OutdoorPvP/OutdoorPvPTF.cpp.o
#23 233.8 [ 89%] Building CXX object src/server/scripts/CMakeFiles/scripts.dir/OutdoorPvP/OutdoorPvPZM.cpp.o
#23 233.9 [ 89%] Building CXX object src/server/scripts/CMakeFiles/scripts.dir/OutdoorPvP/outdoorpvp_script_loader.cpp.o
#23 234.0 [ 89%] Building CXX object src/server/scripts/CMakeFiles/scripts.dir/Outland/boss_doomlord_kazzak.cpp.o
#23 234.1 [ 89%] Building CXX object src/server/scripts/CMakeFiles/scripts.dir/Outland/boss_doomwalker.cpp.o
#23 234.2 [ 89%] Building CXX object src/server/scripts/CMakeFiles/scripts.dir/Outland/outland_script_loader.cpp.o
#23 234.4 [ 89%] Building CXX object src/server/scripts/CMakeFiles/scripts.dir/Outland/zone_blades_edge_mountains.cpp.o
#23 234.4 [ 89%] Building CXX object src/server/scripts/CMakeFiles/scripts.dir/Outland/zone_hellfire_peninsula.cpp.o
#23 234.4 [ 89%] Building CXX object src/server/scripts/CMakeFiles/scripts.dir/Outland/zone_nagrand.cpp.o
#23 234.5 [ 89%] Building CXX object src/server/scripts/CMakeFiles/scripts.dir/Outland/zone_netherstorm.cpp.o
#23 234.6 [ 89%] Building CXX object src/server/scripts/CMakeFiles/scripts.dir/Outland/zone_shadowmoon_valley.cpp.o
#23 234.8 [ 89%] Building CXX object src/server/scripts/CMakeFiles/scripts.dir/Outland/zone_shattrath_city.cpp.o
#23 234.9 [ 89%] Building CXX object src/server/scripts/CMakeFiles/scripts.dir/Outland/zone_terokkar_forest.cpp.o
#23 235.1 [ 89%] Building CXX object src/server/scripts/CMakeFiles/scripts.dir/Outland/Auchindoun/AuchenaiCrypts/boss_exarch_maladaar.cpp.o
#23 235.2 [ 90%] Building CXX object src/server/scripts/CMakeFiles/scripts.dir/Outland/Auchindoun/AuchenaiCrypts/boss_shirrak_the_dead_watcher.cpp.o
#23 235.3 [ 90%] Building CXX object src/server/scripts/CMakeFiles/scripts.dir/Outland/Auchindoun/AuchenaiCrypts/instance_auchenai_crypts.cpp.o
#23 235.4 [ 90%] Building CXX object src/server/scripts/CMakeFiles/scripts.dir/Outland/Auchindoun/ManaTombs/boss_nexusprince_shaffar.cpp.o
#23 235.5 [ 90%] Building CXX object src/server/scripts/CMakeFiles/scripts.dir/Outland/Auchindoun/ManaTombs/boss_tavarok.cpp.o
#23 235.5 [ 90%] Building CXX object src/server/scripts/CMakeFiles/scripts.dir/Outland/Auchindoun/ManaTombs/boss_pandemonius.cpp.o
#23 235.5 [ 90%] Building CXX object src/server/scripts/CMakeFiles/scripts.dir/Outland/Auchindoun/ManaTombs/instance_mana_tombs.cpp.o
#23 235.7 [ 90%] Building CXX object src/server/scripts/CMakeFiles/scripts.dir/Outland/Auchindoun/SethekkHalls/boss_anzu.cpp.o
#23 235.8 [ 90%] Building CXX object src/server/scripts/CMakeFiles/scripts.dir/Outland/Auchindoun/SethekkHalls/boss_darkweaver_syth.cpp.o
#23 235.8 [ 90%] Building CXX object src/server/scripts/CMakeFiles/scripts.dir/Outland/Auchindoun/SethekkHalls/boss_talon_king_ikiss.cpp.o
#23 236.1 [ 90%] Building CXX object src/server/scripts/CMakeFiles/scripts.dir/Outland/Auchindoun/SethekkHalls/instance_sethekk_halls.cpp.o
#23 236.2 [ 90%] Building CXX object src/server/scripts/CMakeFiles/scripts.dir/Outland/Auchindoun/ShadowLabyrinth/boss_ambassador_hellmaw.cpp.o
#23 236.3 [ 90%] Building CXX object src/server/scripts/CMakeFiles/scripts.dir/Outland/Auchindoun/ShadowLabyrinth/boss_blackheart_the_inciter.cpp.o
#23 236.3 [ 90%] Building CXX object src/server/scripts/CMakeFiles/scripts.dir/Outland/Auchindoun/ShadowLabyrinth/boss_grandmaster_vorpil.cpp.o
#23 236.6 [ 91%] Building CXX object src/server/scripts/CMakeFiles/scripts.dir/Outland/Auchindoun/ShadowLabyrinth/boss_murmur.cpp.o
#23 236.7 [ 91%] Building CXX object src/server/scripts/CMakeFiles/scripts.dir/Outland/Auchindoun/ShadowLabyrinth/instance_shadow_labyrinth.cpp.o
#23 236.8 [ 91%] Building CXX object src/server/scripts/CMakeFiles/scripts.dir/Outland/BlackTemple/boss_bloodboil.cpp.o
#23 237.1 [ 91%] Building CXX object src/server/scripts/CMakeFiles/scripts.dir/Outland/BlackTemple/boss_illidan.cpp.o
#23 237.1 [ 91%] Building CXX object src/server/scripts/CMakeFiles/scripts.dir/Outland/BlackTemple/boss_illidari_council.cpp.o
#23 237.2 [ 91%] Building CXX object src/server/scripts/CMakeFiles/scripts.dir/Outland/BlackTemple/boss_mother_shahraz.cpp.o
#23 237.3 [ 91%] Building CXX object src/server/scripts/CMakeFiles/scripts.dir/Outland/BlackTemple/boss_reliquary_of_souls.cpp.o
#23 237.4 [ 91%] Building CXX object src/server/scripts/CMakeFiles/scripts.dir/Outland/BlackTemple/boss_shade_of_akama.cpp.o
#23 237.5 [ 91%] Building CXX object src/server/scripts/CMakeFiles/scripts.dir/Outland/BlackTemple/boss_supremus.cpp.o
#23 237.7 [ 91%] Building CXX object src/server/scripts/CMakeFiles/scripts.dir/Outland/BlackTemple/boss_teron_gorefiend.cpp.o
#23 237.8 [ 91%] Building CXX object src/server/scripts/CMakeFiles/scripts.dir/Outland/BlackTemple/boss_warlord_najentus.cpp.o
#23 238.0 [ 91%] Building CXX object src/server/scripts/CMakeFiles/scripts.dir/Outland/BlackTemple/instance_black_temple.cpp.o
#23 238.0 [ 91%] Building CXX object src/server/scripts/CMakeFiles/scripts.dir/Outland/CoilfangReservoir/SerpentShrine/boss_fathomlord_karathress.cpp.o
#23 238.1 [ 92%] Building CXX object src/server/scripts/CMakeFiles/scripts.dir/Outland/CoilfangReservoir/SerpentShrine/boss_hydross_the_unstable.cpp.o
#23 238.1 [ 92%] Building CXX object src/server/scripts/CMakeFiles/scripts.dir/Outland/CoilfangReservoir/SerpentShrine/boss_lady_vashj.cpp.o
#23 238.1 [ 92%] Building CXX object src/server/scripts/CMakeFiles/scripts.dir/Outland/CoilfangReservoir/SerpentShrine/boss_leotheras_the_blind.cpp.o
#23 238.4 [ 92%] Building CXX object src/server/scripts/CMakeFiles/scripts.dir/Outland/CoilfangReservoir/SerpentShrine/boss_lurker_below.cpp.o
#23 238.4 [ 92%] Building CXX object src/server/scripts/CMakeFiles/scripts.dir/Outland/CoilfangReservoir/SerpentShrine/instance_serpent_shrine.cpp.o
#23 238.4 [ 92%] Building CXX object src/server/scripts/CMakeFiles/scripts.dir/Outland/CoilfangReservoir/SerpentShrine/boss_morogrim_tidewalker.cpp.o
#23 238.4 [ 92%] Building CXX object src/server/scripts/CMakeFiles/scripts.dir/Outland/CoilfangReservoir/SlavePens/boss_ahune.cpp.o
#23 238.5 [ 92%] Building CXX object src/server/scripts/CMakeFiles/scripts.dir/Outland/CoilfangReservoir/SlavePens/boss_mennu_the_betrayer.cpp.o
#23 238.5 [ 92%] Building CXX object src/server/scripts/CMakeFiles/scripts.dir/Outland/CoilfangReservoir/SlavePens/boss_quagmirran.cpp.o
#23 238.6 [ 92%] Building CXX object src/server/scripts/CMakeFiles/scripts.dir/Outland/CoilfangReservoir/SlavePens/boss_rokmar_the_crackler.cpp.o
#23 239.0 [ 92%] Building CXX object src/server/scripts/CMakeFiles/scripts.dir/Outland/CoilfangReservoir/SlavePens/instance_the_slave_pens.cpp.o
#23 239.4 [ 92%] Building CXX object src/server/scripts/CMakeFiles/scripts.dir/Outland/CoilfangReservoir/SlavePens/the_slave_pens.cpp.o
#23 239.4 [ 92%] Building CXX object src/server/scripts/CMakeFiles/scripts.dir/Outland/CoilfangReservoir/SteamVault/boss_hydromancer_thespia.cpp.o
#23 239.6 [ 93%] Building CXX object src/server/scripts/CMakeFiles/scripts.dir/Outland/CoilfangReservoir/SteamVault/boss_mekgineer_steamrigger.cpp.o
#23 240.1 [ 93%] Building CXX object src/server/scripts/CMakeFiles/scripts.dir/Outland/CoilfangReservoir/SteamVault/boss_warlord_kalithresh.cpp.o
#23 240.2 [ 93%] Building CXX object src/server/scripts/CMakeFiles/scripts.dir/Outland/CoilfangReservoir/SteamVault/instance_steam_vault.cpp.o
#23 240.4 [ 93%] Building CXX object src/server/scripts/CMakeFiles/scripts.dir/Outland/CoilfangReservoir/underbog/boss_ghazan.cpp.o
#23 240.5 [ 93%] Building CXX object src/server/scripts/CMakeFiles/scripts.dir/Outland/CoilfangReservoir/underbog/boss_hungarfen.cpp.o
#23 240.5 [ 93%] Building CXX object src/server/scripts/CMakeFiles/scripts.dir/Outland/CoilfangReservoir/underbog/boss_swamplord_muselek.cpp.o
#23 240.6 [ 93%] Building CXX object src/server/scripts/CMakeFiles/scripts.dir/Outland/CoilfangReservoir/underbog/instance_the_underbog.cpp.o
#23 240.6 [ 93%] Building CXX object src/server/scripts/CMakeFiles/scripts.dir/Outland/CoilfangReservoir/underbog/boss_the_black_stalker.cpp.o
#23 240.7 [ 93%] Building CXX object src/server/scripts/CMakeFiles/scripts.dir/Outland/CoilfangReservoir/underbog/underbog.cpp.o
#23 240.7 [ 93%] Building CXX object src/server/scripts/CMakeFiles/scripts.dir/Outland/GruulsLair/boss_gruul.cpp.o
#23 240.8 [ 93%] Building CXX object src/server/scripts/CMakeFiles/scripts.dir/Outland/GruulsLair/boss_high_king_maulgar.cpp.o
#23 241.2 [ 93%] Building CXX object src/server/scripts/CMakeFiles/scripts.dir/Outland/GruulsLair/instance_gruuls_lair.cpp.o
#23 241.3 [ 93%] Building CXX object src/server/scripts/CMakeFiles/scripts.dir/Outland/HellfireCitadel/BloodFurnace/boss_broggok.cpp.o
#23 241.4 [ 94%] Building CXX object src/server/scripts/CMakeFiles/scripts.dir/Outland/HellfireCitadel/BloodFurnace/boss_the_maker.cpp.o
#23 241.4 [ 94%] Building CXX object src/server/scripts/CMakeFiles/scripts.dir/Outland/HellfireCitadel/BloodFurnace/boss_kelidan_the_breaker.cpp.o
#23 241.5 [ 94%] Building CXX object src/server/scripts/CMakeFiles/scripts.dir/Outland/HellfireCitadel/BloodFurnace/instance_blood_furnace.cpp.o
#23 241.6 [ 94%] Building CXX object src/server/scripts/CMakeFiles/scripts.dir/Outland/HellfireCitadel/HellfireRamparts/boss_omor_the_unscarred.cpp.o
#23 241.7 [ 94%] Building CXX object src/server/scripts/CMakeFiles/scripts.dir/Outland/HellfireCitadel/HellfireRamparts/boss_vazruden_the_herald.cpp.o
#23 241.8 [ 94%] Building CXX object src/server/scripts/CMakeFiles/scripts.dir/Outland/HellfireCitadel/HellfireRamparts/boss_watchkeeper_gargolmar.cpp.o
#23 241.9 [ 94%] Building CXX object src/server/scripts/CMakeFiles/scripts.dir/Outland/HellfireCitadel/HellfireRamparts/instance_hellfire_ramparts.cpp.o
#23 241.9 [ 94%] Building CXX object src/server/scripts/CMakeFiles/scripts.dir/Outland/HellfireCitadel/MagtheridonsLair/boss_magtheridon.cpp.o
#23 242.0 [ 94%] Building CXX object src/server/scripts/CMakeFiles/scripts.dir/Outland/HellfireCitadel/MagtheridonsLair/instance_magtheridons_lair.cpp.o
#23 242.2 [ 94%] Building CXX object src/server/scripts/CMakeFiles/scripts.dir/Outland/HellfireCitadel/ShatteredHalls/boss_nethekurse.cpp.o
#23 242.2 [ 94%] Building CXX object src/server/scripts/CMakeFiles/scripts.dir/Outland/HellfireCitadel/ShatteredHalls/boss_porung.cpp.o
#23 242.5 [ 94%] Building CXX object src/server/scripts/CMakeFiles/scripts.dir/Outland/HellfireCitadel/ShatteredHalls/boss_warbringer_omrogg.cpp.o
#23 242.6 [ 94%] Building CXX object src/server/scripts/CMakeFiles/scripts.dir/Outland/HellfireCitadel/ShatteredHalls/boss_warchief_kargath_bladefist.cpp.o
#23 242.7 [ 94%] Building CXX object src/server/scripts/CMakeFiles/scripts.dir/Outland/HellfireCitadel/ShatteredHalls/instance_shattered_halls.cpp.o
#23 242.9 [ 95%] Building CXX object src/server/scripts/CMakeFiles/scripts.dir/Outland/TempestKeep/Eye/boss_alar.cpp.o
#23 243.2 [ 95%] Building CXX object src/server/scripts/CMakeFiles/scripts.dir/Outland/TempestKeep/Eye/boss_astromancer.cpp.o
#23 243.3 [ 95%] Building CXX object src/server/scripts/CMakeFiles/scripts.dir/Outland/TempestKeep/Eye/boss_kaelthas.cpp.o
#23 243.3 [ 95%] Building CXX object src/server/scripts/CMakeFiles/scripts.dir/Outland/TempestKeep/Eye/boss_void_reaver.cpp.o
#23 243.3 [ 95%] Building CXX object src/server/scripts/CMakeFiles/scripts.dir/Outland/TempestKeep/Eye/instance_the_eye.cpp.o
#23 243.4 [ 95%] Building CXX object src/server/scripts/CMakeFiles/scripts.dir/Outland/TempestKeep/Mechanar/boss_gatewatcher_gyrokill.cpp.o
#23 243.5 [ 95%] Building CXX object src/server/scripts/CMakeFiles/scripts.dir/Outland/TempestKeep/Mechanar/boss_mechano_lord_capacitus.cpp.o
#23 243.5 [ 95%] Building CXX object src/server/scripts/CMakeFiles/scripts.dir/Outland/TempestKeep/Mechanar/boss_gatewatcher_ironhand.cpp.o
#23 243.6 [ 95%] Building CXX object src/server/scripts/CMakeFiles/scripts.dir/Outland/TempestKeep/Mechanar/boss_nethermancer_sepethrea.cpp.o
#23 243.9 [ 95%] Building CXX object src/server/scripts/CMakeFiles/scripts.dir/Outland/TempestKeep/Mechanar/boss_pathaleon_the_calculator.cpp.o
#23 243.9 [ 95%] Building CXX object src/server/scripts/CMakeFiles/scripts.dir/Outland/TempestKeep/Mechanar/instance_mechanar.cpp.o
#23 244.0 [ 95%] Building CXX object src/server/scripts/CMakeFiles/scripts.dir/Outland/TempestKeep/arcatraz/arcatraz.cpp.o
#23 244.0 [ 95%] Building CXX object src/server/scripts/CMakeFiles/scripts.dir/Outland/TempestKeep/arcatraz/boss_dalliah_the_doomsayer.cpp.o
#23 244.1 [ 96%] Building CXX object src/server/scripts/CMakeFiles/scripts.dir/Outland/TempestKeep/arcatraz/boss_harbinger_skyriss.cpp.o
#23 244.1 [ 96%] Building CXX object src/server/scripts/CMakeFiles/scripts.dir/Outland/TempestKeep/arcatraz/boss_wrath_scryer_soccothrates.cpp.o
#23 244.2 [ 96%] Building CXX object src/server/scripts/CMakeFiles/scripts.dir/Outland/TempestKeep/arcatraz/boss_zereketh_the_unbound.cpp.o
#23 245.0 [ 96%] Building CXX object src/server/scripts/CMakeFiles/scripts.dir/Outland/TempestKeep/arcatraz/instance_arcatraz.cpp.o
#23 245.2 [ 96%] Building CXX object src/server/scripts/CMakeFiles/scripts.dir/Outland/TempestKeep/botanica/boss_commander_sarannis.cpp.o
#23 245.2 [ 96%] Building CXX object src/server/scripts/CMakeFiles/scripts.dir/Outland/TempestKeep/botanica/boss_high_botanist_freywinn.cpp.o
#23 245.2 [ 96%] Building CXX object src/server/scripts/CMakeFiles/scripts.dir/Outland/TempestKeep/botanica/boss_laj.cpp.o
#23 245.2 [ 96%] Building CXX object src/server/scripts/CMakeFiles/scripts.dir/Outland/TempestKeep/botanica/boss_thorngrin_the_tender.cpp.o
#23 245.3 [ 96%] Building CXX object src/server/scripts/CMakeFiles/scripts.dir/Outland/TempestKeep/botanica/boss_warp_splinter.cpp.o
#23 245.4 [ 96%] Building CXX object src/server/scripts/CMakeFiles/scripts.dir/Outland/TempestKeep/botanica/instance_the_botanica.cpp.o
#23 245.4 [ 96%] Building CXX object src/server/scripts/CMakeFiles/scripts.dir/Pet/pet_dk.cpp.o
#23 245.7 [ 96%] Building CXX object src/server/scripts/CMakeFiles/scripts.dir/Pet/pet_generic.cpp.o
#23 245.8 [ 96%] Building CXX object src/server/scripts/CMakeFiles/scripts.dir/Pet/pet_hunter.cpp.o
#23 245.9 [ 97%] Building CXX object src/server/scripts/CMakeFiles/scripts.dir/Pet/pet_mage.cpp.o
#23 246.2 [ 97%] Building CXX object src/server/scripts/CMakeFiles/scripts.dir/Pet/pet_priest.cpp.o
#23 246.2 [ 97%] Building CXX object src/server/scripts/CMakeFiles/scripts.dir/Pet/pet_shaman.cpp.o
#23 246.2 [ 97%] Building CXX object src/server/scripts/CMakeFiles/scripts.dir/Pet/pets_script_loader.cpp.o
#23 246.3 [ 97%] Building CXX object src/server/scripts/CMakeFiles/scripts.dir/Spells/spell_dk.cpp.o
#23 246.3 [ 97%] Building CXX object src/server/scripts/CMakeFiles/scripts.dir/Spells/spell_druid.cpp.o
#23 246.4 [ 97%] Building CXX object src/server/scripts/CMakeFiles/scripts.dir/Spells/spell_generic.cpp.o
#23 246.5 [ 97%] Building CXX object src/server/scripts/CMakeFiles/scripts.dir/Spells/spell_hunter.cpp.o
#23 246.5 [ 97%] Building CXX object src/server/scripts/CMakeFiles/scripts.dir/Spells/spell_item.cpp.o
#23 246.5 [ 97%] Building CXX object src/server/scripts/CMakeFiles/scripts.dir/Spells/spell_mage.cpp.o
#23 246.6 [ 97%] Building CXX object src/server/scripts/CMakeFiles/scripts.dir/Spells/spell_priest.cpp.o
#23 246.6 [ 97%] Building CXX object src/server/scripts/CMakeFiles/scripts.dir/Spells/spell_paladin.cpp.o
#23 246.6 [ 97%] Building CXX object src/server/scripts/CMakeFiles/scripts.dir/Spells/spell_quest.cpp.o
#23 247.0 [ 97%] Building CXX object src/server/scripts/CMakeFiles/scripts.dir/Spells/spell_rogue.cpp.o
#23 247.2 [ 98%] Building CXX object src/server/scripts/CMakeFiles/scripts.dir/Spells/spell_shaman.cpp.o
#23 247.3 [ 98%] Building CXX object src/server/scripts/CMakeFiles/scripts.dir/Spells/spell_warlock.cpp.o
#23 247.6 [ 98%] Building CXX object src/server/scripts/CMakeFiles/scripts.dir/Spells/spell_warrior.cpp.o
#23 247.6 [ 98%] Building CXX object src/server/scripts/CMakeFiles/scripts.dir/Spells/spells_script_loader.cpp.o
#23 247.8 [ 98%] Building CXX object src/server/scripts/CMakeFiles/scripts.dir/World/achievement_scripts.cpp.o
#23 247.8 [ 98%] Building CXX object src/server/scripts/CMakeFiles/scripts.dir/World/action_ip_logger.cpp.o
#23 247.9 [ 98%] Building CXX object src/server/scripts/CMakeFiles/scripts.dir/World/areatrigger_scripts.cpp.o
#23 248.0 [ 98%] Building CXX object src/server/scripts/CMakeFiles/scripts.dir/World/boss_emerald_dragons.cpp.o
#23 248.1 [ 98%] Building CXX object src/server/scripts/CMakeFiles/scripts.dir/World/chat_log.cpp.o
#23 248.1 [ 98%] Building CXX object src/server/scripts/CMakeFiles/scripts.dir/World/go_scripts.cpp.o
#23 248.2 [ 98%] Building CXX object src/server/scripts/CMakeFiles/scripts.dir/World/guards.cpp.o
#23 248.4 [ 98%] Building CXX object src/server/scripts/CMakeFiles/scripts.dir/World/item_scripts.cpp.o
#23 248.4 [ 98%] Building CXX object src/server/scripts/CMakeFiles/scripts.dir/World/mob_generic_creature.cpp.o
#23 249.1 [ 99%] Building CXX object src/server/scripts/CMakeFiles/scripts.dir/World/npc_innkeeper.cpp.o
#23 249.5 [ 99%] Building CXX object src/server/scripts/CMakeFiles/scripts.dir/World/npc_professions.cpp.o
#23 249.6 [ 99%] Building CXX object src/server/scripts/CMakeFiles/scripts.dir/World/npc_stave_of_ancients.cpp.o
#23 249.9 [ 99%] Building CXX object src/server/scripts/CMakeFiles/scripts.dir/World/npcs_special.cpp.o
#23 250.0 [ 99%] Building CXX object src/server/scripts/CMakeFiles/scripts.dir/World/npc_taxi.cpp.o
#23 250.0 [ 99%] Building CXX object src/server/scripts/CMakeFiles/scripts.dir/World/player_scripts.cpp.o
#23 250.1 [ 99%] Building CXX object src/server/scripts/CMakeFiles/scripts.dir/World/scourge_invasion.cpp.o
#23 250.3 [ 99%] Building CXX object src/server/scripts/CMakeFiles/scripts.dir/World/server_mail.cpp.o
#23 250.6 [ 99%] Building CXX object src/server/scripts/CMakeFiles/scripts.dir/World/suns_reach_reclamation.cpp.o
#23 250.9 [ 99%] Building CXX object src/server/scripts/CMakeFiles/scripts.dir/World/transport_zeppelins.cpp.o
#23 251.0 [ 99%] Building CXX object src/server/scripts/CMakeFiles/scripts.dir/World/world_script_loader.cpp.o
#23 254.2 [ 99%] Linking CXX static library libscripts.a
#23 261.4 [ 99%] Built target scripts
#23 261.4 [ 99%] Building CXX object src/tools/CMakeFiles/dbimport.dir/dbimport/Main.cpp.o
#23 261.4 [ 99%] Building CXX object src/server/apps/CMakeFiles/worldserver.dir/cmake_pch.hxx.pch
#23 264.6 [ 99%] Building CXX object src/server/apps/CMakeFiles/worldserver.dir/worldserver/CommandLine/CliRunnable.cpp.o
#23 264.6 [ 99%] Building CXX object src/server/apps/CMakeFiles/worldserver.dir/worldserver/ACSoap/ACSoap.cpp.o
#23 264.6 [ 99%] Building CXX object src/server/apps/CMakeFiles/worldserver.dir/worldserver/Main.cpp.o
#23 264.6 [ 99%] Building CXX object src/server/apps/CMakeFiles/worldserver.dir/worldserver/RemoteAccess/RASession.cpp.o
#23 264.9 [ 99%] Linking CXX executable dbimport
#23 265.2 [ 99%] Built target dbimport
#23 271.5 [100%] Linking CXX executable worldserver
#23 278.3 [100%] Built target worldserver
#23 278.4 -- Installing: /azerothcore/env/dist/lib/liblua52.a
#23 278.4 -- Installing: /azerothcore/env/dist/include/lapi.h
#23 278.4 -- Installing: /azerothcore/env/dist/include/lauxlib.h
#23 278.4 -- Installing: /azerothcore/env/dist/include/lcode.h
#23 278.4 -- Installing: /azerothcore/env/dist/include/lctype.h
#23 278.4 -- Installing: /azerothcore/env/dist/include/ldebug.h
#23 278.4 -- Installing: /azerothcore/env/dist/include/ldo.h
#23 278.4 -- Installing: /azerothcore/env/dist/include/lfunc.h
#23 278.4 -- Installing: /azerothcore/env/dist/include/lgc.h
#23 278.4 -- Installing: /azerothcore/env/dist/include/llex.h
#23 278.4 -- Installing: /azerothcore/env/dist/include/llimits.h
#23 278.4 -- Installing: /azerothcore/env/dist/include/lmem.h
#23 278.4 -- Installing: /azerothcore/env/dist/include/lobject.h
#23 278.4 -- Installing: /azerothcore/env/dist/include/lopcodes.h
#23 278.4 -- Installing: /azerothcore/env/dist/include/lparser.h
#23 278.4 -- Installing: /azerothcore/env/dist/include/lstate.h
#23 278.4 -- Installing: /azerothcore/env/dist/include/lstring.h
#23 278.4 -- Installing: /azerothcore/env/dist/include/ltable.h
#23 278.4 -- Installing: /azerothcore/env/dist/include/ltm.h
#23 278.4 -- Installing: /azerothcore/env/dist/include/lua.h
#23 278.4 -- Installing: /azerothcore/env/dist/include/luaconf.h
#23 278.4 -- Installing: /azerothcore/env/dist/include/lualib.h
#23 278.4 -- Installing: /azerothcore/env/dist/include/lundump.h
#23 278.4 -- Installing: /azerothcore/env/dist/include/lvm.h
#23 278.4 -- Installing: /azerothcore/env/dist/include/lzio.h
#23 278.4 -- Installing: /azerothcore/env/dist/include/lua.hpp
#23 278.4 -- Installing: /azerothcore/env/dist/bin/lua52_interpreter
#23 278.4 -- Set runtime path of "/azerothcore/env/dist/bin/lua52_interpreter" to "/azerothcore/env/dist/lib"
#23 278.4 -- Installing: /azerothcore/env/dist/bin/lua52_compiler
#23 278.4 -- Set runtime path of "/azerothcore/env/dist/bin/lua52_compiler" to "/azerothcore/env/dist/lib"
#23 278.4 -- Installing: /azerothcore/env/dist/etc/authserver.conf.dist
#23 278.4 -- Installing: /azerothcore/env/dist/bin/authserver
#23 278.4 -- Set runtime path of "/azerothcore/env/dist/bin/authserver" to "/azerothcore/env/dist/lib"
#23 278.4 -- Installing: /azerothcore/env/dist/etc/worldserver.conf.dist
#23 278.4 -- Installing: /azerothcore/env/dist/bin/worldserver
#23 278.9 -- Set runtime path of "/azerothcore/env/dist/bin/worldserver" to "/azerothcore/env/dist/lib"
#23 278.9 -- Installing: /azerothcore/env/dist/etc/dbimport.conf.dist
#23 278.9 -- Installing: /azerothcore/env/dist/bin/dbimport
#23 278.9 -- Set runtime path of "/azerothcore/env/dist/bin/dbimport" to "/azerothcore/env/dist/lib"
#23 278.9 -- Installing: /azerothcore/env/dist/bin/map_extractor
#23 278.9 -- Set runtime path of "/azerothcore/env/dist/bin/map_extractor" to "/azerothcore/env/dist/lib"
#23 278.9 -- Installing: /azerothcore/env/dist/bin/mmaps_generator
#23 278.9 -- Set runtime path of "/azerothcore/env/dist/bin/mmaps_generator" to "/azerothcore/env/dist/lib"
#23 278.9 -- Installing: /azerothcore/env/dist/bin/mmaps-config.yaml
#23 278.9 -- Installing: /azerothcore/env/dist/bin/vmap4_assembler
#23 278.9 -- Set runtime path of "/azerothcore/env/dist/bin/vmap4_assembler" to "/azerothcore/env/dist/lib"
#23 278.9 -- Installing: /azerothcore/env/dist/bin/vmap4_extractor
#23 278.9 -- Set runtime path of "/azerothcore/env/dist/bin/vmap4_extractor" to "/azerothcore/env/dist/lib"
#23 278.9 -- Installing: /azerothcore/env/dist/etc/modules/dungeonrespawn.conf.dist
#23 278.9 -- Installing: /azerothcore/env/dist/etc/modules/RaidTeleporter.conf.dist
#23 278.9 -- Installing: /azerothcore/env/dist/etc/modules/reusablepotion.conf.dist
#23 278.9 -- Installing: /azerothcore/env/dist/etc/modules/mod_accountbound.conf.dist
#23 278.9 -- Installing: /azerothcore/env/dist/etc/modules/mod_ahbot.conf.dist
#23 278.9 -- Installing: /azerothcore/env/dist/etc/modules/mod_ale.conf.dist
#23 278.9 -- Installing: /azerothcore/env/dist/etc/modules/mod_aoe_loot.conf.dist
#23 278.9 -- Installing: /azerothcore/env/dist/etc/modules/AutoBalance.conf.dist
#23 278.9 -- Installing: /azerothcore/env/dist/etc/modules/mod_autofish.conf.dist
#23 278.9 -- Installing: /azerothcore/env/dist/etc/modules/individualProgression.conf.dist
#23 278.9 -- Installing: /azerothcore/env/dist/etc/modules/mod-profession-experience.conf.dist
#23 278.9 -- Installing: /azerothcore/env/dist/etc/modules/RacialTraitSwap.conf.dist
#23 278.9 -- Installing: /azerothcore/env/dist/etc/modules/reagent_bank_account.conf.dist
#23 278.9 -- Installing: /azerothcore/env/dist/etc/modules/SoloLfg.conf.dist
#23 278.9 -- Installing: /azerothcore/env/dist/etc/modules/mod_starterguild.conf.dist
#23 278.9 -- Installing: /azerothcore/env/dist/etc/modules/mod_worgoblin.conf.dist
#23 278.9 -- Installing: /azerothcore/env/dist/bin/lua_scripts//extensions
#23 278.9 -- Installing: /azerothcore/env/dist/bin/lua_scripts//extensions/ObjectVariables.ext
#23 278.9 -- Installing: /azerothcore/env/dist/bin/lua_scripts//extensions/StackTracePlus
#23 278.9 -- Installing: /azerothcore/env/dist/bin/lua_scripts//extensions/StackTracePlus/LICENSE
#23 278.9 -- Installing: /azerothcore/env/dist/bin/lua_scripts//extensions/StackTracePlus/README.md
#23 278.9 -- Installing: /azerothcore/env/dist/bin/lua_scripts//extensions/StackTracePlus/StackTracePlus.ext
#23 278.9 -- Installing: /azerothcore/env/dist/bin/lua_scripts//extensions/_Misc.ext
#23 DONE 279.3s

#24 [ac-db-import build 2/8] COPY CMakeLists.txt /azerothcore/CMakeLists.txt
#24 CACHED

#8 [ac-db-import skeleton 4/4] WORKDIR /azerothcore
#8 CACHED

#25 [ac-db-import build 8/8] RUN --mount=type=cache,target=/ccache,sharing=locked     --mount=type=bind,target=/azerothcore/.git,source=.git     git config --global --add safe.directory /azerothcore     && cmake /azerothcore        -DCMAKE_INSTALL_PREFIX="/azerothcore/env/dist"         -DAPPS_BUILD="all"                                     -DTOOLS_BUILD="all"                          -DSCRIPTS="static"                                  -DMODULES="static"                                  -DWITH_WARNINGS="ON"                      -DCMAKE_BUILD_TYPE="RelWithDebInfo"                            -DCMAKE_CXX_COMPILER="clang++"                         -DCMAKE_C_COMPILER="clang"                             -DCMAKE_CXX_COMPILER_LAUNCHER="ccache"                 -DCMAKE_C_COMPILER_LAUNCHER="ccache"                   -DBoost_USE_STATIC_LIBS="ON"                        && cmake --build . --config "RelWithDebInfo" -j $(($(nproc) + 1))     && cmake --install . --config "RelWithDebInfo"
#25 CACHED

#26 [ac-db-import runtime 4/4] COPY --chown=1000:1000      --chmod=755      apps/docker/entrypoint.sh /azerothcore/entrypoint.sh
#26 CACHED

#10 [ac-db-import skeleton 2/4] RUN mkdir -pv         /azerothcore/bin                           /azerothcore/data                          /azerothcore/deps                          /azerothcore/env/dist/bin                  /azerothcore/env/dist/data/Cameras         /azerothcore/env/dist/data/dbc             /azerothcore/env/dist/data/maps            /azerothcore/env/dist/data/mmaps           /azerothcore/env/dist/data/vmaps           /azerothcore/env/dist/logs                 /azerothcore/env/dist/temp                 /azerothcore/env/dist/etc                  /azerothcore/modules                       /azerothcore/src                           /azerothcore/build
#10 CACHED

#27 [ac-db-import build 4/8] COPY deps /azerothcore/deps
#27 CACHED

#28 [ac-db-import runtime 1/4] RUN apt-get update &&     apt-get install -y --no-install-recommends       libmysqlclient21 libreadline8       gettext-base default-mysql-client &&     rm -rf /var/lib/apt/lists/*
#28 CACHED

#29 [ac-db-import build 6/8] COPY modules /azerothcore/modules
#29 CACHED

#30 [ac-db-import build 5/8] COPY src /azerothcore/src
#30 CACHED

#31 [ac-db-import runtime 2/4] COPY --from=build /azerothcore/env/dist/etc/ /azerothcore/env/ref/etc
#31 CACHED

#18 [ac-db-import build 1/8] RUN apt-get update                                                         && apt-get install -y --no-install-recommends                                 build-essential ccache libtool cmake-data make cmake clang            git lsb-base curl unzip default-mysql-client openssl                          default-libmysqlclient-dev libboost-all-dev libssl-dev libmysql++-dev         libreadline-dev zlib1g-dev libbz2-dev libncurses5-dev             && rm -rf /var/lib/apt/lists/*
#18 CACHED

#32 [ac-db-import build 3/8] COPY conf /azerothcore/conf
#32 CACHED

#33 [ac-db-import build 7/8] WORKDIR /azerothcore/build
#33 CACHED

#11 [ac-db-import skeleton 3/4] RUN apt-get update                                                           && apt-get install -y --no-install-recommends tzdata ca-certificates     && ln -snf "/usr/share/zoneinfo/Australia/Perth" /etc/localtime                      && echo "Australia/Perth" > /etc/timezone                                              && dpkg-reconfigure --frontend noninteractive tzdata                     && rm -rf /var/lib/apt/lists/*
#11 CACHED

#34 [ac-db-import runtime 3/4] RUN groupadd --gid "1000"  "acore" &&     useradd -d /azerothcore --uid "1000"  --gid "1000"  "acore" &&     passwd -d "acore" &&     chown -R "acore:acore" /azerothcore
#34 CACHED

#35 [ac-db-import db-import 1/3] COPY --chown=acore:acore     data data
#35 CACHED

#36 [ac-db-import db-import 2/3] COPY --chown=acore:acore     modules modules
#36 ...

#26 [ac-db-import runtime 4/4] COPY --chown=1000:1000      --chmod=755      apps/docker/entrypoint.sh /azerothcore/entrypoint.sh
#26 CACHED

#37 [ac-authserver runtime 3/4] RUN groupadd --gid "1000"  "acore" &&     useradd -d /azerothcore --uid "1000"  --gid "1000"  "acore" &&     passwd -d "acore" &&     chown -R "acore:acore" /azerothcore
#37 CACHED

#38 [ac-authserver runtime 2/4] COPY --from=build /azerothcore/env/dist/etc/ /azerothcore/env/ref/etc
#38 CACHED

#39 [ac-authserver runtime 4/4] COPY --chown=1000:1000      --chmod=755      apps/docker/entrypoint.sh /azerothcore/entrypoint.sh
#39 CACHED

#28 [ac-authserver runtime 1/4] RUN apt-get update &&     apt-get install -y --no-install-recommends       libmysqlclient21 libreadline8       gettext-base default-mysql-client &&     rm -rf /var/lib/apt/lists/*
#28 CACHED

#40 [ac-authserver authserver 1/1] COPY --chown=acore:acore      --from=build      /azerothcore/env/dist/bin/authserver /azerothcore/env/dist/bin/authserver
#40 CACHED

#41 [ac-worldserver worldserver 1/1] COPY --chown=acore:acore      --from=build      /azerothcore/env/dist/bin/worldserver /azerothcore/env/dist/bin/worldserver
#41 DONE 0.2s

#42 [ac-authserver] exporting to image
#42 exporting layers done
#42 writing image sha256:f8be96512df1072e857fa9aff8c574649b57c172108869eca1f88675be4e5cad done
#42 naming to docker.io/acore/ac-wotlk-authserver:master 0.0s done
#42 DONE 0.1s

#43 [ac-worldserver] exporting to image
#43 ...

#44 [ac-authserver] resolving provenance for metadata file
#44 DONE 0.2s

#36 [ac-db-import db-import 2/3] COPY --chown=acore:acore     modules modules
#36 DONE 1.3s

#45 [ac-db-import db-import 3/3] COPY --chown=acore:acore     --from=build      /azerothcore/env/dist/bin/dbimport /azerothcore/env/dist/bin/dbimport
#45 DONE 0.3s

#43 [ac-worldserver] exporting to image
#43 exporting layers 1.0s done
#43 writing image sha256:a225e9cfd70ac4159a7c721c072b3e15b843880c8b07d5cbc95c9857c4d0edb4 done
#43 naming to docker.io/acore/ac-wotlk-worldserver:master 0.0s done
#43 DONE 1.1s

#46 [ac-db-import] exporting to image
#46 ...

#47 [ac-worldserver] resolving provenance for metadata file
#47 DONE 0.0s

#46 [ac-db-import] exporting to image
#46 exporting layers 4.2s done
#46 writing image sha256:9291522cd09bba9413173d248ed5964d1f2e4e8aad3359a16b215f5ef302bb95 done
#46 naming to docker.io/acore/ac-wotlk-db-import:master done
#46 DONE 4.2s

#48 [ac-db-import] resolving provenance for metadata file
#48 DONE 0.0s
 acore/ac-wotlk-authserver:master  Built
 acore/ac-wotlk-client-data:master  Built
 acore/ac-wotlk-db-import:master  Built
 acore/ac-wotlk-worldserver:master  Built
+ set +x
Unknown or empty arg
Wrapper for shell scripts around docker

usage: docker-cmd.sh ACTION [ ACTION... ] [ ACTION_ARG... ]

actions:
> start:app                Start the development worldserver and authserver
> start:app:d              Start the development worldserver and authserver in detached mode
> build                    build the development worldserver and authserver
> pull                     pull the development worldserver and authserver
> build:nocache            build the development worldserver and authserver without cache
> clean:build              clean build artifacts from the dev server
> client-data              download client data in the dev server
> dev:up start             the dev server
> dev:build                compile azerothcore using the dev server
> dev:dash                 execute the dashboard in the dev server container
> dev:shell [ ARGS... ]    open a bash shell in the dev server
> prod:build               Build the service containers used by acore-docker
> prod:pull                Pull the containers used by acore-docker
> prod:up                  Start the services used by acore-docker
> prod:up:d                start the services used by acore-docker in the background
> attach SERVICE           attach to a service currently running in docker compose
#1 [internal] load local bake definitions
#1 reading from stdin 710B done
#1 DONE 0.0s

#2 [internal] load build definition from Dockerfile
#2 transferring dockerfile: 8.37kB 0.0s done
#2 DONE 0.1s

#3 [internal] load metadata for docker.io/library/ubuntu:22.04
#3 DONE 11.6s

#4 [internal] load .dockerignore
#4 transferring context: 261B 0.0s done
#4 DONE 0.1s

#5 [skeleton 1/4] FROM docker.io/library/ubuntu:22.04@sha256:3ba65aa20f86a0fad9df2b2c259c613df006b2e6d0bfcc8a146afb8c525a9751
#5 DONE 0.0s

#6 [internal] load build context
#6 transferring context: 258.69MB 4.9s
#6 transferring context: 1.27GB 9.9s
#6 transferring context: 2.39GB 14.9s
#6 transferring context: 3.32GB 20.0s
#6 transferring context: 3.41GB 24.7s done
#6 DONE 25.3s

#7 [skeleton 4/4] WORKDIR /azerothcore
#7 CACHED

#8 [build 1/8] RUN apt-get update                                                         && apt-get install -y --no-install-recommends                                 build-essential ccache libtool cmake-data make cmake clang            git lsb-base curl unzip default-mysql-client openssl                          default-libmysqlclient-dev libboost-all-dev libssl-dev libmysql++-dev         libreadline-dev zlib1g-dev libbz2-dev libncurses5-dev             && rm -rf /var/lib/apt/lists/*
#8 CACHED

#9 [build 2/8] COPY CMakeLists.txt /azerothcore/CMakeLists.txt
#9 CACHED

#10 [build 3/8] COPY conf /azerothcore/conf
#10 CACHED

#11 [build 4/8] COPY deps /azerothcore/deps
#11 CACHED

#12 [skeleton 2/4] RUN mkdir -pv         /azerothcore/bin                           /azerothcore/data                          /azerothcore/deps                          /azerothcore/env/dist/bin                  /azerothcore/env/dist/data/Cameras         /azerothcore/env/dist/data/dbc             /azerothcore/env/dist/data/maps            /azerothcore/env/dist/data/mmaps           /azerothcore/env/dist/data/vmaps           /azerothcore/env/dist/logs                 /azerothcore/env/dist/temp                 /azerothcore/env/dist/etc                  /azerothcore/modules                       /azerothcore/src                           /azerothcore/build
#12 CACHED

#13 [skeleton 3/4] RUN apt-get update                                                           && apt-get install -y --no-install-recommends tzdata ca-certificates     && ln -snf "/usr/share/zoneinfo/Australia/Perth" /etc/localtime                      && echo "Australia/Perth" > /etc/timezone                                              && dpkg-reconfigure --frontend noninteractive tzdata                     && rm -rf /var/lib/apt/lists/*
#13 CACHED

#14 [build 5/8] COPY src /azerothcore/src
#14 CACHED

#15 [build 6/8] COPY modules /azerothcore/modules
#15 DONE 1.1s

#16 [build 7/8] WORKDIR /azerothcore/build
#16 DONE 0.2s

#17 [build 8/8] RUN --mount=type=cache,target=/ccache,sharing=locked     --mount=type=bind,target=/azerothcore/.git,source=.git     git config --global --add safe.directory /azerothcore     && cmake /azerothcore        -DCMAKE_INSTALL_PREFIX="/azerothcore/env/dist"         -DAPPS_BUILD="all"                                     -DTOOLS_BUILD="all"                          -DSCRIPTS="static"                                  -DMODULES="static"                                  -DWITH_WARNINGS="ON"                      -DCMAKE_BUILD_TYPE="RelWithDebInfo"                            -DCMAKE_CXX_COMPILER="clang++"                         -DCMAKE_C_COMPILER="clang"                             -DCMAKE_CXX_COMPILER_LAUNCHER="ccache"                 -DCMAKE_C_COMPILER_LAUNCHER="ccache"                   -DBoost_USE_STATIC_LIBS="ON"                        && cmake --build . --config "RelWithDebInfo" -j $(($(nproc) + 1))     && cmake --install . --config "RelWithDebInfo"
#17 1.938 -- CMake version: 3.22.1
#17 2.218 -- The CXX compiler identification is Clang 14.0.0
#17 2.290 -- The C compiler identification is Clang 14.0.0
#17 2.300 -- Detecting CXX compiler ABI info
#17 2.424 -- Detecting CXX compiler ABI info - done
#17 2.427 -- Check for working CXX compiler: /usr/bin/clang++ - skipped
#17 2.428 -- Detecting CXX compile features
#17 2.429 -- Detecting CXX compile features - done
#17 2.432 -- Detecting C compiler ABI info
#17 2.523 -- Detecting C compiler ABI info - done
#17 2.526 -- Check for working C compiler: /usr/bin/clang - skipped
#17 2.526 -- Detecting C compile features
#17 2.527 -- Detecting C compile features - done
#17 2.535 -- Lua version: lua52
#17 2.535 -- Lua linking: static
#17 31.34 -- Running cmake hook: AFTER_LOAD_CONF
#17 31.34 -- No hooks registered for AFTER_LOAD_CONF
#17 31.34 -- Enabled С++20 standard
#17 31.34 -- Detected 64-bit platform
#17 31.34 -- Detected amd64 processor architecture
#17 31.34 -- UNIX: Using jemalloc
#17 31.34 -- UNIX: Using default configuration directory
#17 31.34 -- UNIX: Using default library directory
#17 31.34 -- UNIX: Configuring uninstall target
#17 31.34 -- UNIX: Created uninstall target
#17 31.34 -- UNIX: Detected compiler: /usr/bin/clang
#17 31.34 -- Clang: disable pch timestamp when ccache and pch enabled
#17 31.34 -- Clang: Minimum version required is 10.0.0, found 14.0.0 - ok!
#17 31.34 -- Performing Test CLANG_HAVE_PROPER_CHARCONV
#17 31.52 -- Performing Test CLANG_HAVE_PROPER_CHARCONV - Success
#17 31.52 -- Clang: All warnings enabled
#17 31.52 -- Running cmake hook: AFTER_LOAD_CMAKE_MODULES
#17 31.52 -- No hooks registered for AFTER_LOAD_CMAKE_MODULES
#17 31.53 -- Using mysql-config: /usr/bin/mysql_config
#17 31.55 -- Found MySQL:    
#17 31.56 -- Found MySQL version: 8.0.45
#17 31.56 -- Found git binary : /usr/bin/git
#17 32.07 
#17 32.07 * AzerothCore revision            : 822dd10e661d+ 2026-02-24 23:48:23 +0000 (master branch)
#17 32.07 * AzerothCore buildtype           : RelWithDebInfo
#17 32.07 
#17 32.07 * Install core to                 : /azerothcore/env/dist
#17 32.07 * Install libraries to            : /azerothcore/env/dist/lib
#17 32.07 * Install configs to              : /azerothcore/env/dist/etc
#17 32.07 
#17 32.07 * Build applications              : Yes (all)
#17 32.07 * Build tools                     : Yes (all)
#17 32.07 * Build with scripts              : Yes (static)
#17 32.07 * Build with modules              : Yes (static)
#17 32.07 * Build unit tests                : No  (default)
#17 32.07 * Build core w/PCH                : Yes (default)
#17 32.07 * Build scripts w/PCH             : Yes (default)
#17 32.07 * Show all warnings               : Yes
#17 32.07 * Use coreside debug              : No  (default)
#17 32.07 * Use unix gperftools             : No  (default)
#17 32.07 * Use GIT revision hash           : Yes (default)
#17 32.07 * Enable vmap DisableMgr checks   : Yes (default)
#17 32.07 * Show source tree                : No (For UNIX default)
#17 32.07 
#17 32.08 -- Found Boost: /usr/lib/x86_64-linux-gnu/cmake/Boost-1.74.0/BoostConfig.cmake (found suitable version "1.74.0", minimum required is "1.74") found components: filesystem program_options iostreams regex 
#17 32.09 -- Looking for strtod_l
#17 32.14 -- Looking for strtod_l - not found
#17 32.14 -- Looking for MADV_FREE
#17 32.24 -- Looking for MADV_FREE - found
#17 32.25 -- Found OpenSSL: /usr/lib/x86_64-linux-gnu/libcrypto.so (found version "3.0.2") found components: Crypto SSL 
#17 32.25 -- Looking for C++ include filesystem
#17 32.83 -- Looking for C++ include filesystem - found
#17 32.83 -- Performing Test CXX_FILESYSTEM_NO_LINK_NEEDED
#17 33.31 -- Performing Test CXX_FILESYSTEM_NO_LINK_NEEDED - Success
#17 33.33 -- Looking for pthread.h
#17 33.42 -- Looking for pthread.h - found
#17 33.42 -- Performing Test CMAKE_HAVE_LIBC_PTHREAD
#17 33.50 -- Performing Test CMAKE_HAVE_LIBC_PTHREAD - Success
#17 33.51 -- Found Threads: TRUE  
#17 33.52 -- Found ZLIB: /usr/lib/x86_64-linux-gnu/libz.so (found version "1.2.11") 
#17 33.52 -- Found Readline library: /usr/lib/x86_64-linux-gnu/libreadline.so
#17 33.52 -- Include dir is: /usr/include
#17 33.52 -- Found BZip2: /usr/lib/x86_64-linux-gnu/libbz2.so (found version "1.0.8") 
#17 33.52 -- Looking for BZ2_bzCompressInit
#17 33.61 -- Looking for BZ2_bzCompressInit - found
#17 33.63 -- Running cmake hook: BEFORE_SRC_LOAD
#17 33.63 -- No hooks registered for BEFORE_SRC_LOAD
#17 33.63 
#17 33.63 * Apps build list (all):
#17 33.63   |
#17 33.63   +- apps
#17 33.63   |   +- authserver
#17 33.63   |   +- worldserver
#17 33.63   |
#17 33.63 
#17 33.64 -- Running cmake hook: BEFORE_GAME_LIBRARY
#17 33.64 -- No hooks registered for BEFORE_GAME_LIBRARY
#17 33.67 -- Running cmake hook: AFTER_GAME_LIBRARY
#17 33.67 -- No hooks registered for AFTER_GAME_LIBRARY
#17 33.67 -- Running cmake hook: BEFORE_SCRIPTS_LIBRARY
#17 33.67 -- No hooks registered for BEFORE_SCRIPTS_LIBRARY
#17 33.67 * Script configuration (static):
#17 33.67   |
#17 33.67   +- worldserver
#17 33.67   |   +- Commands
#17 33.67   |   +- Custom
#17 33.67   |   +- EasternKingdoms
#17 33.67   |   +- Events
#17 33.67   |   +- Kalimdor
#17 33.67   |   +- Northrend
#17 33.67   |   +- OutdoorPvP
#17 33.67   |   +- Outland
#17 33.67   |   +- Pet
#17 33.67   |   +- Spells
#17 33.67   |   +- World
#17 33.67   |
#17 33.72 
#17 33.72 
#17 33.72 * Tools build list (all):
#17 33.72   |
#17 33.72   +- tools
#17 33.72   |   +- dbimport
#17 33.72   |   +- map_extractor
#17 33.72   |   +- mmaps_generator
#17 33.72   |   +- vmap4_assembler
#17 33.72   |   +- vmap4_extractor
#17 33.72   |
#17 33.72 
#17 33.72 * Modules configuration (static):
#17 33.72   |
#17 33.72   +- worldserver
#17 33.72   |   +- DungeonRespawn
#17 33.72   |   +- RaidTeleporter
#17 33.72   |   +- ReusablePotion
#17 33.72   |   +- mod-accountbound
#17 33.72   |   +- mod-ah-bot-plus
#17 33.72   |   +- mod-ale
#17 33.72   |   +- mod-aoe-loot
#17 33.72   |   +- mod-autobalance
#17 33.72   |   +- mod-autofish
#17 33.72   |   +- mod-individual-progression
#17 33.72   |   +- mod-junk-to-gold
#17 33.72   |   +- mod-profession-experience
#17 33.72   |   +- mod-racial-trait-swap
#17 33.72   |   +- mod-reagent-bank-account
#17 33.72   |   +- mod-solo-lfg
#17 33.72   |   +- mod-starter-guild
#17 33.72   |   +- mod-worgoblin
#17 33.72   |   +- multiple_specializations
#17 33.72   |
#17 33.72 
#17 34.06 -- * Modules config list:
#17 34.06   |
#17 34.06 --   +- DungeonRespawn
#17 34.06 --   |  * dungeonrespawn.conf
#17 34.06 --   +- RaidTeleporter
#17 34.06 --   |  * RaidTeleporter.conf
#17 34.06 --   +- ReusablePotion
#17 34.06 --   |  * reusablepotion.conf
#17 34.06 --   +- mod-accountbound
#17 34.06 --   |  * mod_accountbound.conf
#17 34.06 --   +- mod-ah-bot-plus
#17 34.06 --   |  * mod_ahbot.conf
#17 34.06 --   +- mod-ale
#17 34.06 --   |  * mod_ale.conf
#17 34.06 --   +- mod-aoe-loot
#17 34.06 --   |  * mod_aoe_loot.conf
#17 34.06 --   +- mod-autobalance
#17 34.06 --   |  * AutoBalance.conf
#17 34.06 --   +- mod-autofish
#17 34.06 --   |  * mod_autofish.conf
#17 34.06 --   +- mod-individual-progression
#17 34.06 --   |  * individualProgression.conf
#17 34.06 --   +- mod-junk-to-gold
#17 34.06 --   +- mod-profession-experience
#17 34.06 --   |  * mod-profession-experience.conf
#17 34.06 --   +- mod-racial-trait-swap
#17 34.06 --   |  * RacialTraitSwap.conf
#17 34.06 --   +- mod-reagent-bank-account
#17 34.06 --   |  * reagent_bank_account.conf
#17 34.06 --   +- mod-solo-lfg
#17 34.06 --   |  * SoloLfg.conf
#17 34.06 --   +- mod-starter-guild
#17 34.06 --   |  * mod_starterguild.conf
#17 34.06 --   +- mod-worgoblin
#17 34.06 --   |  * mod_worgoblin.conf
#17 34.06 --   +- multiple_specializations
#17 34.06 
#17 34.06 -- Running cmake hook: AFTER_SRC_LOAD
#17 34.06 -- No hooks registered for AFTER_SRC_LOAD
#17 34.06 -- Configuring done
#17 34.27 -- Generating done
#17 34.28 -- Build files have been written to: /azerothcore/build
#17 34.33 [  0%] Building CXX object deps/recastnavigation/Detour/CMakeFiles/Detour.dir/Source/DetourNavMeshBuilder.cpp.o
#17 34.33 [  0%] Building CXX object deps/recastnavigation/Detour/CMakeFiles/Detour.dir/Source/DetourNavMeshQuery.cpp.o
#17 34.33 [  0%] Building CXX object deps/recastnavigation/Detour/CMakeFiles/Detour.dir/Source/DetourNavMesh.cpp.o
#17 34.33 [  0%] Building CXX object deps/fmt/CMakeFiles/fmt.dir/src/format.cc.o
#17 34.33 [  0%] Building C object modules/mod-ale/src/lualib/lua/CMakeFiles/lualib.dir/__/__/__/__/__/_deps/lua52-src/src/lapi.c.o
#17 34.34 [  0%] Building CXX object deps/recastnavigation/Detour/CMakeFiles/Detour.dir/Source/DetourNode.cpp.o
#17 34.34 [  0%] Building CXX object deps/recastnavigation/Detour/CMakeFiles/Detour.dir/Source/DetourAssert.cpp.o
#17 34.34 [  0%] Building CXX object deps/recastnavigation/Detour/CMakeFiles/Detour.dir/Source/DetourCommon.cpp.o
#17 34.34 [  0%] Building CXX object deps/fmt/CMakeFiles/fmt.dir/src/os.cc.o
#17 34.34 [  0%] Building CXX object deps/recastnavigation/Detour/CMakeFiles/Detour.dir/Source/DetourAlloc.cpp.o
#17 34.34 [  0%] Building C object deps/libmpq/CMakeFiles/mpq.dir/libmpq/common.c.o
#17 34.34 [  0%] Building CXX object deps/g3dlite/CMakeFiles/g3dlib.dir/source/AABox.cpp.o
#17 34.34 [  0%] Building CXX object deps/g3dlite/CMakeFiles/g3dlib.dir/source/AnyTableReader.cpp.o
#17 34.34 [  0%] Building CXX object deps/recastnavigation/Recast/CMakeFiles/Recast.dir/Source/Recast.cpp.o
#17 34.34 [  0%] Building C object deps/jemalloc/CMakeFiles/jemalloc.dir/src/arena.c.o
#17 34.34 [  0%] Building C object modules/mod-ale/src/lualib/lua/CMakeFiles/lualib.dir/__/__/__/__/__/_deps/lua52-src/src/lbaselib.c.o
#17 34.34 [  0%] Building C object deps/argon2/CMakeFiles/argon2.dir/argon2/blake2/blake2b.c.o
#17 34.34 [  0%] Building CXX object deps/gsoap/CMakeFiles/gsoap.dir/soapC.cpp.o
#17 34.34 [  0%] Building CXX object deps/g3dlite/CMakeFiles/g3dlib.dir/source/Any.cpp.o
#17 34.34 [  0%] Building CXX object deps/recastnavigation/Recast/CMakeFiles/Recast.dir/Source/RecastAlloc.cpp.o
#17 34.34 [  0%] Building C object deps/argon2/CMakeFiles/argon2.dir/argon2/argon2.c.o
#17 34.34 [  0%] Building C object modules/mod-ale/src/lualib/lua/CMakeFiles/lualib.dir/__/__/__/__/__/_deps/lua52-src/src/lauxlib.c.o
#17 34.35 [  0%] Building C object deps/SFMT/CMakeFiles/sfmt.dir/SFMT.c.o
#17 34.35 [  0%] Building C object deps/jemalloc/CMakeFiles/jemalloc.dir/src/background_thread.c.o
#17 34.36 [  0%] Building CXX object deps/g3dlite/CMakeFiles/g3dlib.dir/source/BinaryFormat.cpp.o
#17 34.36 [  0%] Building CXX object deps/gsoap/CMakeFiles/gsoap.dir/soapServer.cpp.o
#17 34.36 [  1%] Building CXX object deps/g3dlite/CMakeFiles/g3dlib.dir/source/BinaryInput.cpp.o
#17 34.37 [  1%] Building C object deps/libmpq/CMakeFiles/mpq.dir/libmpq/explode.c.o
#17 34.37 [  1%] Building C object deps/libmpq/CMakeFiles/mpq.dir/libmpq/extract.c.o
#17 34.37 [  1%] Building C object deps/libmpq/CMakeFiles/mpq.dir/libmpq/huffman.c.o
#17 34.38 [  1%] Building C object deps/argon2/CMakeFiles/argon2.dir/argon2/encoding.c.o
#17 34.38 [  1%] Building C object deps/argon2/CMakeFiles/argon2.dir/argon2/core.c.o
#17 34.38 [  1%] Building C object deps/libmpq/CMakeFiles/mpq.dir/libmpq/mpq.c.o
#17 34.39 [  1%] Building C object deps/argon2/CMakeFiles/argon2.dir/argon2/opt.c.o
#17 34.39 [  2%] Linking CXX static library libsfmt.a
#17 34.39 [  2%] Building CXX object deps/recastnavigation/Recast/CMakeFiles/Recast.dir/Source/RecastAssert.cpp.o
#17 34.40 [  2%] Building C object deps/libmpq/CMakeFiles/mpq.dir/libmpq/wave.c.o
#17 34.40 [  2%] Building C object deps/argon2/CMakeFiles/argon2.dir/argon2/thread.c.o
#17 34.40 [  2%] Building C object modules/mod-ale/src/lualib/lua/CMakeFiles/lualib.dir/__/__/__/__/__/_deps/lua52-src/src/lctype.c.o
#17 34.40 [  2%] Building C object modules/mod-ale/src/lualib/lua/CMakeFiles/lualib.dir/__/__/__/__/__/_deps/lua52-src/src/lcode.c.o
#17 34.40 [  2%] Building C object modules/mod-ale/src/lualib/lua/CMakeFiles/lualib.dir/__/__/__/__/__/_deps/lua52-src/src/lbitlib.c.o
#17 34.40 [  2%] Linking CXX static library libDetour.a
#17 34.40 [  2%] Building C object modules/mod-ale/src/lualib/lua/CMakeFiles/lualib.dir/__/__/__/__/__/_deps/lua52-src/src/lcorolib.c.o
#17 34.40 [  2%] Building CXX object deps/recastnavigation/Recast/CMakeFiles/Recast.dir/Source/RecastContour.cpp.o
#17 34.40 [  2%] Building CXX object deps/recastnavigation/Recast/CMakeFiles/Recast.dir/Source/RecastArea.cpp.o
#17 34.40 [  2%] Building C object deps/jemalloc/CMakeFiles/jemalloc.dir/src/base.c.o
#17 34.41 [  3%] Building CXX object deps/recastnavigation/Recast/CMakeFiles/Recast.dir/Source/RecastFilter.cpp.o
#17 34.41 [  3%] Building C object deps/jemalloc/CMakeFiles/jemalloc.dir/src/bin.c.o
#17 34.41 [  4%] Linking CXX static library libargon2.a
#17 34.41 [  4%] Building C object modules/mod-ale/src/lualib/lua/CMakeFiles/lualib.dir/__/__/__/__/__/_deps/lua52-src/src/ldblib.c.o
#17 34.41 [  4%] Building C object deps/jemalloc/CMakeFiles/jemalloc.dir/src/bitmap.c.o
#17 34.41 [  4%] Building C object modules/mod-ale/src/lualib/lua/CMakeFiles/lualib.dir/__/__/__/__/__/_deps/lua52-src/src/ldo.c.o
#17 34.41 [  4%] Building C object modules/mod-ale/src/lualib/lua/CMakeFiles/lualib.dir/__/__/__/__/__/_deps/lua52-src/src/ldebug.c.o
#17 34.42 [  5%] Linking CXX static library libmpq.a
#17 34.42 [  5%] Building CXX object deps/gsoap/CMakeFiles/gsoap.dir/stdsoap2.cpp.o
#17 34.42 [  5%] Building C object modules/mod-ale/src/lualib/lua/CMakeFiles/lualib.dir/__/__/__/__/__/_deps/lua52-src/src/ldump.c.o
#17 34.42 [  5%] Building CXX object deps/recastnavigation/Recast/CMakeFiles/Recast.dir/Source/RecastLayers.cpp.o
#17 34.42 [  5%] Building C object modules/mod-ale/src/lualib/lua/CMakeFiles/lualib.dir/__/__/__/__/__/_deps/lua52-src/src/lfunc.c.o
#17 34.42 [  6%] Building C object modules/mod-ale/src/lualib/lua/CMakeFiles/lualib.dir/__/__/__/__/__/_deps/lua52-src/src/lgc.c.o
#17 34.42 [  6%] Building CXX object deps/g3dlite/CMakeFiles/g3dlib.dir/source/BinaryOutput.cpp.o
#17 34.43 [  6%] Building CXX object deps/recastnavigation/Recast/CMakeFiles/Recast.dir/Source/RecastMesh.cpp.o
#17 34.43 [  6%] Building CXX object deps/recastnavigation/Recast/CMakeFiles/Recast.dir/Source/RecastMeshDetail.cpp.o
#17 34.43 [  6%] Building CXX object deps/recastnavigation/Recast/CMakeFiles/Recast.dir/Source/RecastRasterization.cpp.o
#17 34.43 [  6%] Building CXX object deps/recastnavigation/Recast/CMakeFiles/Recast.dir/Source/RecastRegion.cpp.o
#17 34.43 [  6%] Building CXX object deps/g3dlite/CMakeFiles/g3dlib.dir/source/Crypto.cpp.o
#17 34.43 [  6%] Building CXX object deps/g3dlite/CMakeFiles/g3dlib.dir/source/Capsule.cpp.o
#17 34.43 [  6%] Linking CXX static library libfmt.a
#17 34.43 [  6%] Building CXX object deps/g3dlite/CMakeFiles/g3dlib.dir/source/CoordinateFrame.cpp.o
#17 34.43 [  6%] Building C object deps/jemalloc/CMakeFiles/jemalloc.dir/src/ckh.c.o
#17 34.44 [  6%] Building CXX object deps/g3dlite/CMakeFiles/g3dlib.dir/source/CollisionDetection.cpp.o
#17 34.44 [  6%] Building C object deps/jemalloc/CMakeFiles/jemalloc.dir/src/ctl.c.o
#17 34.44 [  6%] Building C object modules/mod-ale/src/lualib/lua/CMakeFiles/lualib.dir/__/__/__/__/__/_deps/lua52-src/src/linit.c.o
#17 34.44 [  6%] Building C object deps/jemalloc/CMakeFiles/jemalloc.dir/src/div.c.o
#17 34.44 [  6%] Building CXX object deps/g3dlite/CMakeFiles/g3dlib.dir/source/Cylinder.cpp.o
#17 34.44 [  6%] Building CXX object deps/g3dlite/CMakeFiles/g3dlib.dir/source/Box.cpp.o
#17 34.44 [  6%] Building C object deps/jemalloc/CMakeFiles/jemalloc.dir/src/extent_dss.c.o
#17 34.44 [  6%] Building C object deps/jemalloc/CMakeFiles/jemalloc.dir/src/extent.c.o
#17 34.44 [  6%] Building CXX object deps/g3dlite/CMakeFiles/g3dlib.dir/source/debugAssert.cpp.o
#17 34.45 [  6%] Building CXX object deps/g3dlite/CMakeFiles/g3dlib.dir/source/FileSystem.cpp.o
#17 34.45 [  6%] Linking CXX static library libgsoap.a
#17 34.45 [  6%] Building C object modules/mod-ale/src/lualib/lua/CMakeFiles/lualib.dir/__/__/__/__/__/_deps/lua52-src/src/liolib.c.o
#17 34.46 [  6%] Building C object deps/jemalloc/CMakeFiles/jemalloc.dir/src/extent_mmap.c.o
#17 34.46 [  6%] Building CXX object deps/g3dlite/CMakeFiles/g3dlib.dir/source/fileutils.cpp.o
#17 34.46 [  6%] Building CXX object deps/g3dlite/CMakeFiles/g3dlib.dir/source/format.cpp.o
#17 34.46 [  7%] Building C object deps/jemalloc/CMakeFiles/jemalloc.dir/src/hash.c.o
#17 34.46 [  7%] Building C object modules/mod-ale/src/lualib/lua/CMakeFiles/lualib.dir/__/__/__/__/__/_deps/lua52-src/src/llex.c.o
#17 34.47 [  7%] Building C object modules/mod-ale/src/lualib/lua/CMakeFiles/lualib.dir/__/__/__/__/__/_deps/lua52-src/src/lmathlib.c.o
#17 34.47 [  7%] Building C object modules/mod-ale/src/lualib/lua/CMakeFiles/lualib.dir/__/__/__/__/__/_deps/lua52-src/src/lmem.c.o
#17 34.47 [  7%] Building C object modules/mod-ale/src/lualib/lua/CMakeFiles/lualib.dir/__/__/__/__/__/_deps/lua52-src/src/loadlib.c.o
#17 34.47 [  7%] Building C object deps/jemalloc/CMakeFiles/jemalloc.dir/src/jemalloc.c.o
#17 34.47 [  7%] Linking CXX static library libRecast.a
#17 34.47 [  7%] Building C object deps/jemalloc/CMakeFiles/jemalloc.dir/src/hook.c.o
#17 34.47 [  7%] Building CXX object deps/jemalloc/CMakeFiles/jemalloc.dir/src/jemalloc_cpp.cpp.o
#17 34.47 [  8%] Building CXX object deps/g3dlite/CMakeFiles/g3dlib.dir/source/g3dmath.cpp.o
#17 34.47 [  8%] Building CXX object deps/g3dlite/CMakeFiles/g3dlib.dir/source/g3dfnmatch.cpp.o
#17 34.48 [  8%] Building C object deps/jemalloc/CMakeFiles/jemalloc.dir/src/log.c.o
#17 34.48 [  8%] Building C object deps/jemalloc/CMakeFiles/jemalloc.dir/src/malloc_io.c.o
#17 34.48 [  8%] Building C object deps/jemalloc/CMakeFiles/jemalloc.dir/src/mutex.c.o
#17 34.48 [  8%] Building C object modules/mod-ale/src/lualib/lua/CMakeFiles/lualib.dir/__/__/__/__/__/_deps/lua52-src/src/lopcodes.c.o
#17 34.48 [  8%] Building C object deps/jemalloc/CMakeFiles/jemalloc.dir/src/large.c.o
#17 34.48 [  8%] Building C object modules/mod-ale/src/lualib/lua/CMakeFiles/lualib.dir/__/__/__/__/__/_deps/lua52-src/src/lobject.c.o
#17 34.49 [  8%] Building CXX object deps/g3dlite/CMakeFiles/g3dlib.dir/source/GThread.cpp.o
#17 34.49 [  8%] Building C object modules/mod-ale/src/lualib/lua/CMakeFiles/lualib.dir/__/__/__/__/__/_deps/lua52-src/src/loslib.c.o
#17 34.49 [  8%] Building C object deps/jemalloc/CMakeFiles/jemalloc.dir/src/mutex_pool.c.o
#17 34.49 [  8%] Building C object modules/mod-ale/src/lualib/lua/CMakeFiles/lualib.dir/__/__/__/__/__/_deps/lua52-src/src/lparser.c.o
#17 34.49 [  8%] Building C object deps/jemalloc/CMakeFiles/jemalloc.dir/src/nstime.c.o
#17 34.50 [  8%] Built target sfmt
#17 34.50 [  8%] Building CXX object deps/g3dlite/CMakeFiles/g3dlib.dir/source/Line.cpp.o
#17 34.50 [  8%] Building CXX object deps/g3dlite/CMakeFiles/g3dlib.dir/source/LineSegment.cpp.o
#17 34.50 [  8%] Building C object deps/jemalloc/CMakeFiles/jemalloc.dir/src/pages.c.o
#17 34.50 [  8%] Building C object modules/mod-ale/src/lualib/lua/CMakeFiles/lualib.dir/__/__/__/__/__/_deps/lua52-src/src/lstate.c.o
#17 34.51 [  8%] Building C object deps/jemalloc/CMakeFiles/jemalloc.dir/src/prng.c.o
#17 34.51 [  8%] Building C object modules/mod-ale/src/lualib/lua/CMakeFiles/lualib.dir/__/__/__/__/__/_deps/lua52-src/src/ltablib.c.o
#17 34.51 [  8%] Building C object modules/mod-ale/src/lualib/lua/CMakeFiles/lualib.dir/__/__/__/__/__/_deps/lua52-src/src/ltable.c.o
#17 34.51 [  8%] Building CXX object deps/g3dlite/CMakeFiles/g3dlib.dir/source/Log.cpp.o
#17 34.51 [  8%] Building C object modules/mod-ale/src/lualib/lua/CMakeFiles/lualib.dir/__/__/__/__/__/_deps/lua52-src/src/lundump.c.o
#17 34.51 [  8%] Building C object modules/mod-ale/src/lualib/lua/CMakeFiles/lualib.dir/__/__/__/__/__/_deps/lua52-src/src/lstring.c.o
#17 34.51 [  8%] Building C object modules/mod-ale/src/lualib/lua/CMakeFiles/lualib.dir/__/__/__/__/__/_deps/lua52-src/src/lzio.c.o
#17 34.52 [  8%] Building C object deps/jemalloc/CMakeFiles/jemalloc.dir/src/prof.c.o
#17 34.52 [  8%] Building CXX object deps/g3dlite/CMakeFiles/g3dlib.dir/source/Matrix4.cpp.o
#17 34.52 [  8%] Building C object deps/jemalloc/CMakeFiles/jemalloc.dir/src/rtree.c.o
#17 34.52 [  9%] Building C object modules/mod-ale/src/lualib/lua/CMakeFiles/lualib.dir/__/__/__/__/__/_deps/lua52-src/src/lstrlib.c.o
#17 34.52 [ 10%] Building C object deps/jemalloc/CMakeFiles/jemalloc.dir/src/safety_check.c.o
#17 34.52 [ 10%] Building C object modules/mod-ale/src/lualib/lua/CMakeFiles/lualib.dir/__/__/__/__/__/_deps/lua52-src/src/lvm.c.o
#17 34.53 [ 10%] Building C object modules/mod-ale/src/lualib/lua/CMakeFiles/lualib.dir/__/__/__/__/__/_deps/lua52-src/src/ltm.c.o
#17 34.53 [ 10%] Built target Detour
#17 34.53 [ 10%] Built target mpq
#17 34.53 [ 10%] Building CXX object deps/g3dlite/CMakeFiles/g3dlib.dir/source/Matrix3.cpp.o
#17 34.53 [ 10%] Built target argon2
#17 34.53 [ 10%] Building CXX object deps/g3dlite/CMakeFiles/g3dlib.dir/source/MemoryManager.cpp.o
#17 34.53 [ 10%] Building CXX object deps/g3dlite/CMakeFiles/g3dlib.dir/source/PhysicsFrame.cpp.o
#17 34.54 [ 10%] Building C object deps/jemalloc/CMakeFiles/jemalloc.dir/src/stats.c.o
#17 34.54 [ 10%] Building CXX object deps/g3dlite/CMakeFiles/g3dlib.dir/source/prompt.cpp.o
#17 34.54 [ 10%] Building CXX object deps/g3dlite/CMakeFiles/g3dlib.dir/source/Plane.cpp.o
#17 34.54 [ 10%] Building CXX object deps/g3dlite/CMakeFiles/g3dlib.dir/source/Quat.cpp.o
#17 34.54 [ 10%] Building C object deps/jemalloc/CMakeFiles/jemalloc.dir/src/sz.c.o
#17 34.54 [ 10%] Building C object deps/jemalloc/CMakeFiles/jemalloc.dir/src/ticker.c.o
#17 34.54 [ 10%] Building C object deps/jemalloc/CMakeFiles/jemalloc.dir/src/test_hooks.c.o
#17 34.55 [ 10%] Building C object deps/jemalloc/CMakeFiles/jemalloc.dir/src/sc.c.o
#17 34.55 [ 11%] Building CXX object deps/g3dlite/CMakeFiles/g3dlib.dir/source/Ray.cpp.o
#17 34.55 [ 11%] Building C object deps/jemalloc/CMakeFiles/jemalloc.dir/src/witness.c.o
#17 34.55 [ 11%] Building C object deps/jemalloc/CMakeFiles/jemalloc.dir/src/tsd.c.o
#17 34.55 [ 11%] Building CXX object deps/g3dlite/CMakeFiles/g3dlib.dir/source/RegistryUtil.cpp.o
#17 34.55 [ 11%] Building CXX object deps/g3dlite/CMakeFiles/g3dlib.dir/source/Random.cpp.o
#17 34.55 [ 11%] Building C object deps/jemalloc/CMakeFiles/jemalloc.dir/src/tcache.c.o
#17 34.55 [ 11%] Building CXX object deps/g3dlite/CMakeFiles/g3dlib.dir/source/stringutils.cpp.o
#17 34.56 [ 11%] Building CXX object deps/g3dlite/CMakeFiles/g3dlib.dir/source/System.cpp.o
#17 34.56 [ 11%] Linking C static library liblua52.a
#17 34.56 [ 11%] Building CXX object deps/g3dlite/CMakeFiles/g3dlib.dir/source/Sphere.cpp.o
#17 34.56 [ 11%] Building CXX object deps/g3dlite/CMakeFiles/g3dlib.dir/source/TextInput.cpp.o
#17 34.56 [ 11%] Building CXX object deps/g3dlite/CMakeFiles/g3dlib.dir/source/TextOutput.cpp.o
#17 34.56 [ 11%] Building CXX object deps/g3dlite/CMakeFiles/g3dlib.dir/source/Triangle.cpp.o
#17 34.57 [ 11%] Building CXX object deps/g3dlite/CMakeFiles/g3dlib.dir/source/uint128.cpp.o
#17 34.57 [ 11%] Building CXX object deps/g3dlite/CMakeFiles/g3dlib.dir/source/UprightFrame.cpp.o
#17 34.57 [ 11%] Built target gsoap
#17 34.57 [ 11%] Built target Recast
#17 34.57 [ 11%] Building CXX object deps/g3dlite/CMakeFiles/g3dlib.dir/source/Vector2.cpp.o
#17 34.57 [ 11%] Building CXX object deps/g3dlite/CMakeFiles/g3dlib.dir/source/Vector4.cpp.o
#17 34.57 [ 11%] Building CXX object deps/g3dlite/CMakeFiles/g3dlib.dir/source/Vector3.cpp.o
#17 34.58 [ 11%] Linking CXX static library libjemalloc.a
#17 34.59 [ 12%] Linking CXX static library libg3dlib.a
#17 34.60 [ 12%] Built target fmt
#17 34.65 [ 12%] Built target lualib
#17 34.66 [ 12%] Building C object modules/mod-ale/src/lualib/lua/CMakeFiles/lua_interpreter.dir/__/__/__/__/__/_deps/lua52-src/src/lua.c.o
#17 34.67 [ 12%] Building C object modules/mod-ale/src/lualib/lua/CMakeFiles/lua_compiler.dir/__/__/__/__/__/_deps/lua52-src/src/luac.c.o
#17 34.68 [ 12%] Built target jemalloc
#17 34.69 [ 12%] Linking C executable lua52_compiler
#17 34.69 [ 13%] Linking C executable lua52_interpreter
#17 34.71 [ 13%] Built target revision.h
#17 34.75 [ 13%] Built target lua_compiler
#17 34.75 [ 13%] Built target lua_interpreter
#17 34.76 [ 13%] Built target g3dlib
#17 34.78 [ 13%] Building CXX object src/common/CMakeFiles/common.dir/cmake_pch.hxx.pch
#17 34.87 [ 13%] Building CXX object src/common/CMakeFiles/common.dir/Common.cpp.o
#17 34.87 [ 13%] Building CXX object src/common/CMakeFiles/common.dir/Collision/Maps/MapTree.cpp.o
#17 34.87 [ 13%] Building CXX object src/common/CMakeFiles/common.dir/Cryptography/ARC4.cpp.o
#17 34.87 [ 13%] Building CXX object src/common/CMakeFiles/common.dir/Configuration/Config.cpp.o
#17 34.87 [ 13%] Building CXX object src/common/CMakeFiles/common.dir/Collision/Models/GameObjectModel.cpp.o
#17 34.87 [ 13%] Building CXX object src/common/CMakeFiles/common.dir/GitRevision.cpp.o
#17 34.87 [ 13%] Building CXX object src/common/CMakeFiles/common.dir/Cryptography/OpenSSLCrypto.cpp.o
#17 34.87 [ 13%] Building CXX object src/common/CMakeFiles/common.dir/Cryptography/TOTP.cpp.o
#17 34.87 [ 13%] Building CXX object src/common/CMakeFiles/common.dir/Cryptography/Argon2.cpp.o
#17 34.87 [ 13%] Building CXX object src/common/CMakeFiles/common.dir/Cryptography/Authentication/AuthCrypt.cpp.o
#17 34.87 [ 13%] Building CXX object src/common/CMakeFiles/common.dir/Cryptography/AES.cpp.o
#17 34.88 [ 13%] Building CXX object src/common/CMakeFiles/common.dir/Collision/Management/VMapFactory.cpp.o
#17 34.88 [ 13%] Building CXX object src/common/CMakeFiles/common.dir/Collision/Models/ModelInstance.cpp.o
#17 34.88 [ 14%] Building CXX object src/common/CMakeFiles/common.dir/Collision/BoundingIntervalHierarchy.cpp.o
#17 34.88 [ 14%] Building CXX object src/common/CMakeFiles/common.dir/Collision/Management/VMapMgr2.cpp.o
#17 34.88 [ 14%] Building CXX object src/common/CMakeFiles/common.dir/Cryptography/BigNumber.cpp.o
#17 34.88 [ 13%] Building CXX object src/common/CMakeFiles/common.dir/Collision/Management/MMapFactory.cpp.o
#17 34.88 [ 15%] Building CXX object src/common/CMakeFiles/common.dir/Banner.cpp.o
#17 34.88 [ 15%] Building CXX object src/common/CMakeFiles/common.dir/Cryptography/CryptoRandom.cpp.o
#17 34.88 [ 14%] Building CXX object src/common/CMakeFiles/common.dir/Cryptography/Authentication/SRP6.cpp.o
#17 34.88 [ 15%] Building CXX object src/common/CMakeFiles/common.dir/Collision/Management/MMapMgr.cpp.o
#17 34.88 [ 15%] Building CXX object src/common/CMakeFiles/common.dir/Collision/Models/WorldModel.cpp.o
#17 34.88 [ 14%] Building CXX object src/common/CMakeFiles/common.dir/Collision/DynamicTree.cpp.o
#17 34.88 [ 13%] Building CXX object src/common/CMakeFiles/common.dir/Configuration/BuiltInConfig.cpp.o
#17 34.88 [ 13%] Building CXX object src/common/CMakeFiles/common.dir/Collision/Maps/TileAssembler.cpp.o
#17 34.92 [ 15%] Building CXX object src/common/CMakeFiles/common.dir/Logging/AppenderFile.cpp.o
#17 34.92 [ 15%] Building CXX object src/common/CMakeFiles/common.dir/Logging/AppenderConsole.cpp.o
#17 34.92 [ 15%] Building CXX object src/common/CMakeFiles/common.dir/Logging/enuminfo_LogCommon.cpp.o
#17 34.92 [ 15%] Building CXX object src/common/CMakeFiles/common.dir/DataStores/DBCFileLoader.cpp.o
#17 34.92 [ 15%] Building CXX object src/common/CMakeFiles/common.dir/Logging/Log.cpp.o
#17 34.92 [ 15%] Building CXX object src/common/CMakeFiles/common.dir/IPLocation/IPLocation.cpp.o
#17 34.92 [ 15%] Building CXX object src/common/CMakeFiles/common.dir/Logging/Logger.cpp.o
#17 34.92 [ 15%] Building CXX object src/common/CMakeFiles/common.dir/Metric/Metric.cpp.o
#17 34.92 [ 15%] Building CXX object src/common/CMakeFiles/common.dir/Encoding/Base64.cpp.o
#17 34.92 [ 15%] Building CXX object src/common/CMakeFiles/common.dir/Logging/Appender.cpp.o
#17 34.92 [ 15%] Building CXX object src/common/CMakeFiles/common.dir/Encoding/Base32.cpp.o
#17 34.92 [ 16%] Building CXX object src/common/CMakeFiles/common.dir/Logging/LogMessage.cpp.o
#17 34.92 [ 16%] Building CXX object src/common/CMakeFiles/common.dir/Logging/enuminfo_AppenderConsole.cpp.o
#17 34.92 [ 16%] Building CXX object src/common/CMakeFiles/common.dir/Logging/LogOperation.cpp.o
#17 34.94 [ 16%] Building CXX object src/common/CMakeFiles/common.dir/Navigation/DetourExtended.cpp.o
#17 34.94 [ 16%] Building CXX object src/common/CMakeFiles/common.dir/Utilities/Random.cpp.o
#17 34.94 [ 16%] Building CXX object src/common/CMakeFiles/common.dir/Threading/Threading.cpp.o
#17 34.94 [ 16%] Building CXX object src/common/CMakeFiles/common.dir/Utilities/EventMap.cpp.o
#17 34.94 [ 16%] Building CXX object src/common/CMakeFiles/common.dir/Utilities/EventProcessor.cpp.o
#17 34.94 [ 16%] Building CXX object src/common/CMakeFiles/common.dir/Utilities/SFMTRand.cpp.o
#17 34.94 [ 16%] Building CXX object src/common/CMakeFiles/common.dir/Threading/ProcessPriority.cpp.o
#17 34.94 [ 16%] Building CXX object src/common/CMakeFiles/common.dir/Utilities/StringFormat.cpp.o
#17 34.95 [ 17%] Building CXX object src/common/CMakeFiles/common.dir/Utilities/StartProcess.cpp.o
#17 34.96 [ 17%] Building CXX object src/common/CMakeFiles/common.dir/Utilities/Systemd.cpp.o
#17 34.96 [ 17%] Building CXX object src/common/CMakeFiles/common.dir/Utilities/TaskScheduler.cpp.o
#17 34.96 [ 17%] Building CXX object src/common/CMakeFiles/common.dir/Utilities/Tokenize.cpp.o
#17 34.96 [ 17%] Building CXX object src/common/CMakeFiles/common.dir/Utilities/Timer.cpp.o
#17 34.97 [ 17%] Building CXX object src/common/CMakeFiles/common.dir/Utilities/Util.cpp.o
#17 34.97 [ 17%] Building CXX object src/common/CMakeFiles/common.dir/Debugging/Errors.cpp.o
#17 35.14 [ 17%] Linking CXX static library libcommon.a
#17 35.43 [ 17%] Built target common
#17 35.45 [ 18%] Building CXX object src/tools/CMakeFiles/vmap4_assembler.dir/vmap4_assembler/VMapAssembler.cpp.o
#17 35.45 [ 18%] Building CXX object src/tools/CMakeFiles/vmap4_extractor.dir/vmap4_extractor/dbcfile.cpp.o
#17 35.45 [ 18%] Building CXX object src/tools/CMakeFiles/map_extractor.dir/map_extractor/adt.cpp.o
#17 35.45 [ 18%] Building CXX object src/tools/CMakeFiles/vmap4_extractor.dir/vmap4_extractor/adtfile.cpp.o
#17 35.45 [ 18%] Building CXX object src/tools/CMakeFiles/map_extractor.dir/map_extractor/loadlib.cpp.o
#17 35.45 [ 18%] Building CXX object src/tools/CMakeFiles/mmaps_generator.dir/mmaps_generator/Config.cpp.o
#17 35.45 [ 18%] Building CXX object src/tools/CMakeFiles/map_extractor.dir/map_extractor/wdt.cpp.o
#17 35.45 [ 18%] Building CXX object src/tools/CMakeFiles/map_extractor.dir/map_extractor/System.cpp.o
#17 35.45 [ 18%] Building CXX object src/tools/CMakeFiles/vmap4_extractor.dir/vmap4_extractor/mpq_libmpq.cpp.o
#17 35.45 [ 18%] Building CXX object src/tools/CMakeFiles/vmap4_extractor.dir/vmap4_extractor/gameobject_extract.cpp.o
#17 35.45 [ 18%] Building CXX object src/tools/CMakeFiles/vmap4_extractor.dir/vmap4_extractor/model.cpp.o
#17 35.45 [ 18%] Building CXX object src/tools/CMakeFiles/map_extractor.dir/map_extractor/mpq_libmpq.cpp.o
#17 35.45 [ 18%] Building CXX object src/server/database/CMakeFiles/database.dir/cmake_pch.hxx.pch
#17 35.45 [ 18%] Building CXX object src/tools/CMakeFiles/vmap4_extractor.dir/vmap4_extractor/wdtfile.cpp.o
#17 35.45 [ 18%] Building CXX object src/tools/CMakeFiles/map_extractor.dir/map_extractor/dbcfile.cpp.o
#17 35.45 [ 18%] Building CXX object src/tools/CMakeFiles/vmap4_extractor.dir/vmap4_extractor/wmo.cpp.o
#17 35.45 [ 18%] Building CXX object src/tools/CMakeFiles/mmaps_generator.dir/mmaps_generator/TerrainBuilder.cpp.o
#17 35.46 [ 18%] Building CXX object src/tools/CMakeFiles/mmaps_generator.dir/mmaps_generator/IntermediateValues.cpp.o
#17 35.46 [ 18%] Building CXX object src/tools/CMakeFiles/vmap4_extractor.dir/vmap4_extractor/vmapexport.cpp.o
#17 35.46 [ 18%] Building CXX object src/tools/CMakeFiles/mmaps_generator.dir/mmaps_generator/MapBuilder.cpp.o
#17 35.46 [ 18%] Building CXX object src/tools/CMakeFiles/mmaps_generator.dir/mmaps_generator/PathGenerator.cpp.o
#17 35.47 [ 18%] Linking CXX executable vmap4_assembler
#17 35.47 [ 19%] Linking CXX executable map_extractor
#17 35.48 [ 19%] Linking CXX executable vmap4_extractor
#17 35.51 [ 19%] Linking CXX executable mmaps_generator
#17 35.53 [ 19%] Building CXX object src/server/database/CMakeFiles/database.dir/Database/AdhocStatement.cpp.o
#17 35.53 [ 19%] Building CXX object src/server/database/CMakeFiles/database.dir/Database/DatabaseLoader.cpp.o
#17 35.53 [ 19%] Building CXX object src/server/database/CMakeFiles/database.dir/Database/MySQLPreparedStatement.cpp.o
#17 35.53 [ 19%] Building CXX object src/server/database/CMakeFiles/database.dir/Database/MySQLConnection.cpp.o
#17 35.53 [ 19%] Building CXX object src/server/database/CMakeFiles/database.dir/Database/MySQLThreading.cpp.o
#17 35.53 [ 19%] Building CXX object src/server/database/CMakeFiles/database.dir/Database/DatabaseEnv.cpp.o
#17 35.53 [ 19%] Building CXX object src/server/database/CMakeFiles/database.dir/Database/PreparedStatement.cpp.o
#17 35.53 [ 19%] Building CXX object src/server/database/CMakeFiles/database.dir/Database/QueryCallback.cpp.o
#17 35.53 [ 19%] Building CXX object src/server/database/CMakeFiles/database.dir/Database/DatabaseWorkerPool.cpp.o
#17 35.53 [ 19%] Building CXX object src/server/database/CMakeFiles/database.dir/Database/Implementation/LoginDatabase.cpp.o
#17 35.54 [ 19%] Building CXX object src/server/database/CMakeFiles/database.dir/Database/QueryHolder.cpp.o
#17 35.54 [ 20%] Building CXX object src/server/database/CMakeFiles/database.dir/Database/DatabaseWorker.cpp.o
#17 35.54 [ 20%] Building CXX object src/server/database/CMakeFiles/database.dir/Database/Field.cpp.o
#17 35.54 [ 21%] Building CXX object src/server/database/CMakeFiles/database.dir/Logging/AppenderDB.cpp.o
#17 35.54 [ 21%] Building CXX object src/server/database/CMakeFiles/database.dir/Database/Implementation/WorldDatabase.cpp.o
#17 35.54 [ 21%] Building CXX object src/server/database/CMakeFiles/database.dir/Database/Transaction.cpp.o
#17 35.55 [ 21%] Building CXX object src/server/database/CMakeFiles/database.dir/Database/Implementation/CharacterDatabase.cpp.o
#17 35.55 [ 21%] Building CXX object src/server/database/CMakeFiles/database.dir/Database/QueryResult.cpp.o
#17 35.55 [ 21%] Building CXX object src/server/database/CMakeFiles/database.dir/Updater/UpdateFetcher.cpp.o
#17 35.55 [ 21%] Building CXX object src/server/database/CMakeFiles/database.dir/Updater/DBUpdater.cpp.o
#17 35.60 [ 21%] Linking CXX static library libdatabase.a
#17 35.66 [ 21%] Built target map_extractor
#17 35.68 [ 21%] Built target vmap4_extractor
#17 35.70 [ 21%] Built target vmap4_assembler
#17 35.79 [ 21%] Built target database
#17 35.80 [ 21%] Building CXX object src/server/shared/CMakeFiles/shared.dir/Secrets/SecretMgr.cpp.o
#17 35.80 [ 21%] Building CXX object src/server/shared/CMakeFiles/shared.dir/Realms/Realm.cpp.o
#17 35.80 [ 21%] Building CXX object src/server/shared/CMakeFiles/shared.dir/Realms/RealmList.cpp.o
#17 35.80 [ 21%] Building CXX object src/server/shared/CMakeFiles/shared.dir/enuminfo_SharedDefines.cpp.o
#17 35.80 [ 21%] Building CXX object src/server/shared/CMakeFiles/shared.dir/SharedDefines.cpp.o
#17 35.80 [ 21%] Building CXX object src/server/shared/CMakeFiles/shared.dir/DataStores/DBCStore.cpp.o
#17 35.80 [ 21%] Building CXX object src/server/shared/CMakeFiles/shared.dir/DataStores/DBCDatabaseLoader.cpp.o
#17 35.80 [ 21%] Building CXX object src/server/shared/CMakeFiles/shared.dir/Packets/ByteBuffer.cpp.o
#17 35.83 [ 21%] Built target mmaps_generator
#17 35.83 [ 21%] Linking CXX static library libshared.a
#17 35.92 [ 21%] Built target shared
#17 35.94 [ 21%] Building CXX object src/server/apps/CMakeFiles/authserver.dir/cmake_pch.hxx.pch
#17 35.94 [ 21%] Building CXX object modules/CMakeFiles/modules.dir/DungeonRespawn/src/DungeonRespawn.cpp.o
#17 35.94 [ 21%] Building CXX object modules/CMakeFiles/modules.dir/mod-accountbound/src/mod_accountbound.cpp.o
#17 35.94 [ 21%] Building CXX object modules/CMakeFiles/modules.dir/mod-accountbound/src/mod_accountbound_config.cpp.o
#17 35.94 [ 21%] Building CXX object modules/CMakeFiles/modules.dir/gen_scriptloader/static/ModulesLoader.cpp.o
#17 35.94 [ 21%] Building CXX object modules/CMakeFiles/modules.dir/DungeonRespawn/src/MP_loader.cpp.o
#17 35.95 [ 21%] Building CXX object modules/CMakeFiles/modules.dir/mod-accountbound/src/mod_accountbound_hoarder.cpp.o
#17 35.95 [ 22%] Building CXX object modules/CMakeFiles/modules.dir/ReusablePotion/src/ReusablePotion.cpp.o
#17 35.95 [ 22%] Building CXX object modules/CMakeFiles/modules.dir/RaidTeleporter/src/RaidTeleporter.cpp.o
#17 35.95 [ 22%] Building CXX object modules/CMakeFiles/modules.dir/ReusablePotion/src/MP_loader.cpp.o
#17 35.95 [ 22%] Building CXX object modules/CMakeFiles/modules.dir/RaidTeleporter/src/MP_loader.cpp.o
#17 35.95 [ 22%] Building CXX object modules/CMakeFiles/modules.dir/mod-accountbound/src/mod_accountbound_heirlooms.cpp.o
#17 35.95 [ 22%] Building CXX object modules/CMakeFiles/modules.dir/mod-accountbound/src/mod_accountbound_mounts.cpp.o
#17 35.95 [ 22%] Building CXX object modules/CMakeFiles/modules.dir/mod-accountbound/src/mod_accountbound_companions.cpp.o
#17 35.95 [ 22%] Building CXX object modules/CMakeFiles/modules.dir/mod-ale/src/ALE_loader.cpp.o
#17 35.95 [ 22%] Building CXX object modules/CMakeFiles/modules.dir/mod-accountbound/src/mod_accountbound_player.cpp.o
#17 35.95 [ 22%] Building CXX object modules/CMakeFiles/modules.dir/mod-ah-bot-plus/src/AuctionHouseBot.cpp.o
#17 35.95 [ 22%] Building CXX object modules/CMakeFiles/modules.dir/mod-ale/src/ALE_SC.cpp.o
#17 35.95 [ 22%] Building CXX object modules/CMakeFiles/modules.dir/mod-ah-bot-plus/src/AuctionHouseBotScript.cpp.o
#17 35.95 [ 22%] Building CXX object modules/CMakeFiles/modules.dir/mod-ah-bot-plus/src/ah_bot_loader.cpp.o
#17 35.95 [ 22%] Building CXX object modules/CMakeFiles/modules.dir/mod-ale/src/LuaEngine/ALEConfig.cpp.o
#17 35.95 [ 23%] Building CXX object modules/CMakeFiles/modules.dir/mod-ale/src/LuaEngine/ALECompat.cpp.o
#17 35.96 [ 23%] Building CXX object modules/CMakeFiles/modules.dir/mod-ale/src/LuaEngine/ALEDBCRegistry.cpp.o
#17 35.96 [ 23%] Building CXX object modules/CMakeFiles/modules.dir/mod-ale/src/LuaEngine/ALEFileWatcher.cpp.o
#17 35.97 [ 23%] Building CXX object src/server/game/CMakeFiles/game.dir/cmake_pch.hxx.pch
#17 35.97 [ 23%] Building CXX object modules/CMakeFiles/modules.dir/mod-ale/src/LuaEngine/ALEEventMgr.cpp.o
#17 35.97 [ 23%] Building CXX object modules/CMakeFiles/modules.dir/mod-ale/src/LuaEngine/ALEUtility.cpp.o
#17 35.97 [ 23%] Building CXX object modules/CMakeFiles/modules.dir/mod-ale/src/LuaEngine/HttpManager.cpp.o
#17 35.97 [ 23%] Building CXX object modules/CMakeFiles/modules.dir/mod-ale/src/LuaEngine/LuaEngine.cpp.o
#17 35.97 [ 23%] Building CXX object modules/CMakeFiles/modules.dir/mod-ale/src/LuaEngine/ALEInstanceAI.cpp.o
#17 35.97 [ 23%] Building CXX object modules/CMakeFiles/modules.dir/mod-ale/src/LuaEngine/LuaFunctions.cpp.o
#17 35.97 /azerothcore/modules/RaidTeleporter/src/RaidTeleporter.cpp:56:39: warning: comparison of integers of different signs: 'int' and 'unsigned long' [-Wsign-compare]
#17 35.97                     for (int i = 0; i < teleLocations.size() + ToSkip.size(); i++) { // offset is needed as some boss lists don't start at 0
#17 35.97                                     ~ ^ ~~~~~~~~~~~~~~~~~~~~~~~~~~~~~~~~~~~~
#17 35.97 /azerothcore/modules/RaidTeleporter/src/RaidTeleporter.cpp:74:39: warning: comparison of integers of different signs: 'int' and 'unsigned long' [-Wsign-compare]
#17 35.97                     for (int i = 0; i < teleLocations.size() + ToSkip.size()+1+skipper; i++) { // offset is needed as some boss lists don't start at 
#17 35.97                                     ~ ^ ~~~~~~~~~~~~~~~~~~~~~~~~~~~~~~~~~~~~~~~~~~~~~~
#17 35.97 /azerothcore/modules/RaidTeleporter/src/RaidTeleporter.cpp:98:39: warning: comparison of integers of different signs: 'int' and 'unsigned long' [-Wsign-compare]
#17 35.97                     for (int i = 0; i < teleLocations.size() + ToSkip.size(); i++) { // offset is needed as some boss lists don't start at 0
#17 35.97                                     ~ ^ ~~~~~~~~~~~~~~~~~~~~~~~~~~~~~~~~~~~~
#17 35.97 /azerothcore/modules/RaidTeleporter/src/RaidTeleporter.cpp:117:71: warning: unused parameter 'go' [-Wunused-parameter]
#17 35.97 bool RaidTeleporterScript::OnGossipSelect(Player* player, GameObject* go, uint32 sender, uint32 action) // sender provides the index of the bosss
#17 35.97                                                                       ^
#17 35.97 /azerothcore/modules/RaidTeleporter/src/RaidTeleporter.cpp:117:97: warning: unused parameter 'action' [-Wunused-parameter]
#17 35.97 bool RaidTeleporterScript::OnGossipSelect(Player* player, GameObject* go, uint32 sender, uint32 action) // sender provides the index of the bosss
#17 35.97                                                                                                 ^
#17 35.97 /azerothcore/modules/RaidTeleporter/src/RaidTeleporter.cpp:200:22: warning: comparison of integers of different signs: 'int' and 'std::vector::size_type' (aka 'unsigned long') [-Wsign-compare]
#17 35.97     for(int i = 0; i < ToSkip.size(); i++){
#17 35.97                    ~ ^ ~~~~~~~~~~~~~
#17 35.97 In file included from /azerothcore/modules/RaidTeleporter/src/RaidTeleporter.cpp:1:
#17 35.97 /azerothcore/modules/RaidTeleporter/src/RaidTeleporter.h:15:9: warning: private field 'offset' is not used [-Wunused-private-field]
#17 35.97     int offset = 0;
#17 35.97         ^
#17 35.97 /azerothcore/modules/RaidTeleporter/src/RaidTeleporter.h:16:9: warning: private field 'totalBosses' is not used [-Wunused-private-field]
#17 35.97     int totalBosses = 0;
#17 35.97         ^
#17 35.97 8 warnings generated.
#17 35.97 /azerothcore/modules/DungeonRespawn/src/DungeonRespawn.cpp:266:89: warning: comparison of integers of different signs: 'int32' (aka 'int') and 'uint32' (aka 'unsigned int') [-Wsign-compare]
#17 35.97     if (prData->isTeleportingNewMap || prData->dungeon.map == -1 || prData->dungeon.map != player->GetMapId())
#17 35.97                                                                     ~~~~~~~~~~~~~~~~~~~ ^  ~~~~~~~~~~~~~~~~~~
#17 35.97 1 warning generated.
#17 35.98 [ 23%] Building CXX object src/server/scripts/CMakeFiles/scripts.dir/cmake_pch.hxx.pch
#17 35.98 [ 23%] Building CXX object modules/CMakeFiles/modules.dir/mod-ale/src/LuaEngine/hooks/AllCreatureHooks.cpp.o
#17 35.98 [ 23%] Building CXX object modules/CMakeFiles/modules.dir/mod-ale/src/LuaEngine/hooks/BattleGroundHooks.cpp.o
#17 35.99 [ 23%] Building CXX object modules/CMakeFiles/modules.dir/mod-ale/src/LuaEngine/hooks/GossipHooks.cpp.o
#17 35.99 [ 23%] Building CXX object modules/CMakeFiles/modules.dir/mod-ale/src/LuaEngine/hooks/GuildHooks.cpp.o
#17 35.99 [ 23%] Building CXX object modules/CMakeFiles/modules.dir/mod-ale/src/LuaEngine/hooks/GroupHooks.cpp.o
#17 35.99 [ 24%] Building CXX object modules/CMakeFiles/modules.dir/mod-ale/src/LuaEngine/hooks/CreatureHooks.cpp.o
#17 35.99 [ 24%] Building CXX object modules/CMakeFiles/modules.dir/mod-ale/src/LuaEngine/lmarshal.cpp.o
#17 35.99 [ 24%] Building CXX object modules/CMakeFiles/modules.dir/mod-ale/src/LuaEngine/hooks/GameObjectHooks.cpp.o
#17 35.99 [ 24%] Building CXX object modules/CMakeFiles/modules.dir/mod-ale/src/LuaEngine/hooks/InstanceHooks.cpp.o
#17 35.99 [ 24%] Building CXX object modules/CMakeFiles/modules.dir/mod-ale/src/LuaEngine/hooks/ItemHooks.cpp.o
#17 35.99 [ 24%] Building CXX object modules/CMakeFiles/modules.dir/mod-ale/src/LuaEngine/hooks/PacketHooks.cpp.o
#17 36.00 [ 24%] Building CXX object modules/CMakeFiles/modules.dir/mod-ale/src/LuaEngine/hooks/PlayerHooks.cpp.o
#17 36.01 [ 24%] Building CXX object modules/CMakeFiles/modules.dir/mod-ale/src/LuaEngine/hooks/ServerHooks.cpp.o
#17 36.01 [ 24%] Building CXX object modules/CMakeFiles/modules.dir/mod-ale/src/LuaEngine/hooks/TicketHooks.cpp.o
#17 36.01 [ 24%] Building CXX object modules/CMakeFiles/modules.dir/mod-ale/src/LuaEngine/hooks/SpellHooks.cpp.o
#17 36.04 [ 24%] Building CXX object src/server/apps/CMakeFiles/authserver.dir/authserver/Main.cpp.o
#17 36.05 [ 24%] Building CXX object src/server/apps/CMakeFiles/authserver.dir/authserver/Authentication/AuthCodes.cpp.o
#17 36.05 [ 24%] Building CXX object modules/CMakeFiles/modules.dir/mod-ale/src/LuaEngine/hooks/VehicleHooks.cpp.o
#17 36.06 [ 24%] Building CXX object src/server/apps/CMakeFiles/authserver.dir/authserver/Server/AuthSession.cpp.o
#17 36.06 [ 24%] Building CXX object modules/CMakeFiles/modules.dir/mod-aoe-loot/src/aoe_loot.cpp.o
#17 36.06 [ 25%] Building CXX object modules/CMakeFiles/modules.dir/mod-autobalance/src/ABAllCreatureScript.cpp.o
#17 36.06 [ 25%] Building CXX object modules/CMakeFiles/modules.dir/mod-aoe-loot/src/aoe_loot_loader.cpp.o
#17 36.06 [ 25%] Building CXX object modules/CMakeFiles/modules.dir/mod-autobalance/src/ABGlobalScript.cpp.o
#17 36.06 [ 25%] Building CXX object modules/CMakeFiles/modules.dir/mod-autobalance/src/ABAllMapScript.cpp.o
#17 36.06 [ 25%] Building CXX object modules/CMakeFiles/modules.dir/mod-autobalance/src/ABCommandScript.cpp.o
#17 36.06 [ 25%] Building CXX object modules/CMakeFiles/modules.dir/mod-autobalance/src/ABConfig.cpp.o
#17 36.06 [ 25%] Building CXX object modules/CMakeFiles/modules.dir/mod-autobalance/src/ABGameObjectScript.cpp.o
#17 36.07 [ 25%] Building CXX object modules/CMakeFiles/modules.dir/mod-autobalance/src/ABUnitScript.cpp.o
#17 36.07 [ 25%] Building CXX object modules/CMakeFiles/modules.dir/mod-autobalance/src/ABModuleScript.cpp.o
#17 36.07 [ 25%] Building CXX object modules/CMakeFiles/modules.dir/mod-autobalance/src/ABScriptMgr.cpp.o
#17 36.07 [ 25%] Building CXX object modules/CMakeFiles/modules.dir/mod-autobalance/src/ABPlayerScript.cpp.o
#17 36.07 [ 25%] Building CXX object modules/CMakeFiles/modules.dir/mod-autobalance/src/ABUtils.cpp.o
#17 36.08 [ 26%] Building CXX object modules/CMakeFiles/modules.dir/mod-autobalance/src/AB_loader.cpp.o
#17 36.08 [ 26%] Building CXX object modules/CMakeFiles/modules.dir/mod-autobalance/src/AutoBalance.cpp.o
#17 36.08 [ 26%] Building CXX object modules/CMakeFiles/modules.dir/mod-autobalance/src/ABWorldScript.cpp.o
#17 36.08 [ 26%] Building CXX object modules/CMakeFiles/modules.dir/mod-autofish/src/loader.cpp.o
#17 36.08 [ 26%] Building CXX object modules/CMakeFiles/modules.dir/mod-autobalance/src/Message.cpp.o
#17 36.10 [ 26%] Building CXX object modules/CMakeFiles/modules.dir/mod-individual-progression/src/IndividualProgression.cpp.o
#17 36.10 [ 26%] Building CXX object modules/CMakeFiles/modules.dir/mod-autofish/src/mod_autofish.cpp.o
#17 36.10 [ 26%] Building CXX object modules/CMakeFiles/modules.dir/mod-individual-progression/src/IndividualProgressionAwareness.cpp.o
#17 36.11 [ 26%] Building CXX object modules/CMakeFiles/modules.dir/mod-individual-progression/src/IndividualProgressionPlayer.cpp.o
#17 36.11 [ 26%] Building CXX object modules/CMakeFiles/modules.dir/mod-individual-progression/src/IndividualProgression_loader.cpp.o
#17 36.12 [ 26%] Building CXX object modules/CMakeFiles/modules.dir/mod-individual-progression/src/IndividualProgressionPvP.cpp.o
#17 36.12 [ 26%] Building CXX object modules/CMakeFiles/modules.dir/mod-individual-progression/src/IndividualProgressionBG.cpp.o
#17 36.12 [ 26%] Building CXX object modules/CMakeFiles/modules.dir/mod-individual-progression/src/naxx40Scripts/boss_four_horsemen_40.cpp.o
#17 36.12 [ 26%] Building CXX object modules/CMakeFiles/modules.dir/mod-individual-progression/src/cs_individualProgression.cpp.o
#17 36.12 [ 26%] Building CXX object modules/CMakeFiles/modules.dir/mod-individual-progression/src/naxx40Scripts/boss_anubrekhan_40.cpp.o
#17 36.12 [ 27%] Building CXX object modules/CMakeFiles/modules.dir/mod-individual-progression/src/naxx40Scripts/boss_faerlina_40.cpp.o
#17 36.12 [ 27%] Building CXX object modules/CMakeFiles/modules.dir/mod-individual-progression/src/naxx40Scripts/boss_gothik_40.cpp.o
#17 36.12 [ 27%] Building CXX object modules/CMakeFiles/modules.dir/mod-individual-progression/src/naxx40Scripts/boss_grobbulus_40.cpp.o
#17 36.12 [ 27%] Building CXX object modules/CMakeFiles/modules.dir/mod-individual-progression/src/naxx40Scripts/boss_heigan_40.cpp.o
#17 36.12 [ 27%] Building CXX object modules/CMakeFiles/modules.dir/mod-individual-progression/src/naxx40Scripts/boss_gluth_40.cpp.o
#17 36.13 [ 27%] Building CXX object modules/CMakeFiles/modules.dir/mod-individual-progression/src/naxx40Scripts/boss_kelthuzad_40.cpp.o
#17 36.14 [ 27%] Building CXX object modules/CMakeFiles/modules.dir/mod-individual-progression/src/naxx40Scripts/boss_loatheb_40.cpp.o
#17 36.14 [ 27%] Building CXX object modules/CMakeFiles/modules.dir/mod-individual-progression/src/naxx40Scripts/boss_patchwerk_40.cpp.o
#17 36.14 [ 27%] Building CXX object modules/CMakeFiles/modules.dir/mod-individual-progression/src/naxx40Scripts/boss_maexxna_40.cpp.o
#17 36.14 [ 27%] Building CXX object modules/CMakeFiles/modules.dir/mod-individual-progression/src/naxx40Scripts/boss_noth_40.cpp.o
#17 36.15 [ 27%] Building CXX object modules/CMakeFiles/modules.dir/mod-individual-progression/src/naxx40Scripts/boss_razuvious_40.cpp.o
#17 36.16 [ 27%] Building CXX object modules/CMakeFiles/modules.dir/mod-individual-progression/src/naxx40Scripts/custom_creatures_40.cpp.o
#17 36.16 [ 28%] Building CXX object modules/CMakeFiles/modules.dir/mod-individual-progression/src/naxx40Scripts/boss_sapphiron_40.cpp.o
#17 36.16 [ 28%] Linking CXX executable authserver
#17 36.16 [ 28%] Building CXX object modules/CMakeFiles/modules.dir/mod-individual-progression/src/naxx40Scripts/boss_thaddius_40.cpp.o
#17 36.16 [ 28%] Building CXX object modules/CMakeFiles/modules.dir/mod-individual-progression/src/naxx40Scripts/omarion.cpp.o
#17 36.17 [ 28%] Building CXX object modules/CMakeFiles/modules.dir/mod-individual-progression/src/naxx40Scripts/custom_spells_40.cpp.o
#17 36.17 [ 28%] Building CXX object modules/CMakeFiles/modules.dir/mod-individual-progression/src/naxx40Scripts/custom_scripts_40.cpp.o
#17 36.17 [ 28%] Building CXX object modules/CMakeFiles/modules.dir/mod-individual-progression/src/naxx40Scripts/custom_gameobjects_40.cpp.o
#17 36.17 [ 28%] Building CXX object modules/CMakeFiles/modules.dir/mod-individual-progression/src/naxx40Scripts/instance_naxxramas.cpp.o
#17 36.17 [ 28%] Building CXX object modules/CMakeFiles/modules.dir/mod-individual-progression/src/tbcScripts/instance_karazhan.cpp.o
#17 36.17 [ 28%] Building CXX object modules/CMakeFiles/modules.dir/mod-individual-progression/src/vanillaScripts/aq_scripts.cpp.o
#17 36.17 [ 28%] Building CXX object modules/CMakeFiles/modules.dir/mod-individual-progression/src/tbcScripts/caverns_of_time.cpp.o
#17 36.17 [ 29%] Building CXX object modules/CMakeFiles/modules.dir/mod-individual-progression/src/vanillaScripts/aq_we_scripts.cpp.o
#17 36.17 [ 29%] Building CXX object modules/CMakeFiles/modules.dir/mod-individual-progression/src/spellScripts/spellScripts.cpp.o
#17 36.17 [ 29%] Building CXX object src/server/game/CMakeFiles/game.dir/AI/CreatureAI.cpp.o
#17 36.17 [ 29%] Building CXX object modules/CMakeFiles/modules.dir/mod-individual-progression/src/vanillaScripts/boss_drakkisath.cpp.o
#17 36.17 [ 29%] Building CXX object modules/CMakeFiles/modules.dir/mod-individual-progression/src/tbcScripts/serpentshrine_cavern.cpp.o
#17 36.18 [ 29%] Building CXX object modules/CMakeFiles/modules.dir/mod-individual-progression/src/vanillaScripts/boss_chromaggus.cpp.o
#17 36.18 [ 29%] Building CXX object modules/CMakeFiles/modules.dir/mod-individual-progression/src/tbcScripts/the_eye.cpp.o
#17 36.18 [ 29%] Building CXX object src/server/game/CMakeFiles/game.dir/AI/CreatureAIRegistry.cpp.o
#17 36.19 [ 29%] Building CXX object src/server/game/CMakeFiles/game.dir/AI/CreatureAISelector.cpp.o
#17 36.19 [ 29%] Building CXX object src/server/game/CMakeFiles/game.dir/AI/enuminfo_CreatureAI.cpp.o
#17 36.19 [ 29%] Building CXX object modules/CMakeFiles/modules.dir/mod-individual-progression/src/vanillaScripts/boss_lord_kazzak.cpp.o
#17 36.20 [ 29%] Building CXX object src/server/game/CMakeFiles/game.dir/AI/CoreAI/CombatAI.cpp.o
#17 36.20 [ 29%] Building CXX object modules/CMakeFiles/modules.dir/mod-individual-progression/src/vanillaScripts/instance_blackrock_depths.cpp.o
#17 36.20 [ 29%] Building CXX object modules/CMakeFiles/modules.dir/mod-individual-progression/src/vanillaScripts/instance_blackrock_spire.cpp.o
#17 36.20 [ 29%] Building CXX object modules/CMakeFiles/modules.dir/mod-individual-progression/src/vanillaScripts/boss_onyxia.cpp.o
#17 36.21 [ 29%] Building CXX object modules/CMakeFiles/modules.dir/mod-individual-progression/src/vanillaScripts/instance_maraudon.cpp.o
#17 36.21 [ 29%] Building CXX object src/server/scripts/CMakeFiles/scripts.dir/gen_scriptloader/static/ScriptLoader.cpp.o
#17 36.21 [ 30%] Building CXX object src/server/scripts/CMakeFiles/scripts.dir/Commands/cs_account.cpp.o
#17 36.21 [ 30%] Building CXX object src/server/game/CMakeFiles/game.dir/AI/CoreAI/PassiveAI.cpp.o
#17 36.21 [ 30%] Building CXX object src/server/scripts/CMakeFiles/scripts.dir/Commands/PlayerCommand.cpp.o
#17 36.21 [ 30%] Building CXX object src/server/game/CMakeFiles/game.dir/AI/CoreAI/GuardAI.cpp.o
#17 36.22 [ 30%] Building CXX object src/server/scripts/CMakeFiles/scripts.dir/Commands/cs_achievement.cpp.o
#17 36.22 [ 30%] Building CXX object modules/CMakeFiles/modules.dir/mod-individual-progression/src/vanillaScripts/instance_molten_core.cpp.o
#17 36.22 [ 30%] Building CXX object src/server/game/CMakeFiles/game.dir/AI/CoreAI/GameObjectAI.cpp.o
#17 36.23 [ 30%] Building CXX object src/server/game/CMakeFiles/game.dir/AI/CoreAI/ReactorAI.cpp.o
#17 36.23 [ 30%] Building CXX object src/server/game/CMakeFiles/game.dir/AI/CoreAI/PetAI.cpp.o
#17 36.23 [ 30%] Building CXX object src/server/game/CMakeFiles/game.dir/AI/CoreAI/TotemAI.cpp.o
#17 36.23 [ 30%] Building CXX object modules/CMakeFiles/modules.dir/mod-individual-progression/src/vanillaScripts/instance_onyxias_lair.cpp.o
#17 36.23 [ 30%] Building CXX object src/server/scripts/CMakeFiles/scripts.dir/Commands/cs_arena.cpp.o
#17 36.24 [ 30%] Building CXX object modules/CMakeFiles/modules.dir/mod-individual-progression/src/vanillaScripts/instance_stratholme.cpp.o
#17 36.25 [ 30%] Building CXX object modules/CMakeFiles/modules.dir/mod-individual-progression/src/vanillaScripts/quest_the_masquerade.cpp.o
#17 36.25 [ 30%] Building CXX object modules/CMakeFiles/modules.dir/mod-individual-progression/src/wotlkScripts/IppWotlkModdedScripts.cpp.o
#17 36.26 [ 30%] Building CXX object modules/CMakeFiles/modules.dir/mod-individual-progression/src/vanillaScripts/quest_jail_break.cpp.o
#17 36.26 [ 30%] Building CXX object src/server/game/CMakeFiles/game.dir/AI/CoreAI/UnitAI.cpp.o
#17 36.26 [ 31%] Building CXX object modules/CMakeFiles/modules.dir/mod-individual-progression/src/wotlkScripts/npc_archmage_timear.cpp.o
#17 36.27 [ 32%] Building CXX object src/server/game/CMakeFiles/game.dir/AI/ScriptedAI/ScriptedCreature.cpp.o
#17 36.29 [ 32%] Building CXX object modules/CMakeFiles/modules.dir/mod-junk-to-gold/src/mod_junk_to_gold.cpp.o
#17 36.29 [ 32%] Building CXX object src/server/scripts/CMakeFiles/scripts.dir/Commands/cs_bag.cpp.o
#17 36.29 [ 32%] Building CXX object src/server/game/CMakeFiles/game.dir/AI/ScriptedAI/ScriptedFollowerAI.cpp.o
#17 36.29 [ 32%] Building CXX object src/server/game/CMakeFiles/game.dir/AI/ScriptedAI/ScriptedEscortAI.cpp.o
#17 36.29 [ 32%] Building CXX object src/server/scripts/CMakeFiles/scripts.dir/Commands/cs_ban.cpp.o
#17 36.29 [ 32%] Building CXX object modules/CMakeFiles/modules.dir/mod-profession-experience/src/ProfessionExp.cpp.o
#17 36.29 [ 32%] Building CXX object src/server/scripts/CMakeFiles/scripts.dir/Commands/cs_bf.cpp.o
#17 36.30 [ 32%] Building CXX object src/server/game/CMakeFiles/game.dir/AI/ScriptedAI/ScriptedGossip.cpp.o
#17 36.30 [ 32%] Building CXX object modules/CMakeFiles/modules.dir/mod-racial-trait-swap/src/RacialTraitSwap.cpp.o
#17 36.30 [ 32%] Building CXX object src/server/scripts/CMakeFiles/scripts.dir/Commands/cs_cache.cpp.o
#17 36.30 [ 32%] Building CXX object src/server/game/CMakeFiles/game.dir/AI/SmartScripts/SmartAI.cpp.o
#17 36.30 [ 32%] Building CXX object modules/CMakeFiles/modules.dir/mod-racial-trait-swap/src/loader.cpp.o
#17 36.30 [ 32%] Building CXX object src/server/scripts/CMakeFiles/scripts.dir/Commands/cs_cast.cpp.o
#17 36.31 [ 32%] Building CXX object modules/CMakeFiles/modules.dir/mod-profession-experience/src/PE_loader.cpp.o
#17 36.31 [ 32%] Building CXX object src/server/game/CMakeFiles/game.dir/AI/SmartScripts/SmartScriptMgr.cpp.o
#17 36.31 [ 32%] Building CXX object src/server/game/CMakeFiles/game.dir/AI/SmartScripts/SmartScript.cpp.o
#17 36.31 [ 32%] Building CXX object modules/CMakeFiles/modules.dir/mod-reagent-bank-account/src/ReagentBankAccount.cpp.o
#17 36.31 [ 32%] Building CXX object modules/CMakeFiles/modules.dir/mod-reagent-bank-account/src/ReagentBankAccount_loader.cpp.o
#17 36.31 [ 32%] Building CXX object src/server/game/CMakeFiles/game.dir/Accounts/AccountMgr.cpp.o
#17 36.32 [ 32%] Building CXX object src/server/scripts/CMakeFiles/scripts.dir/Commands/cs_character.cpp.o
#17 36.32 [ 32%] Building CXX object src/server/scripts/CMakeFiles/scripts.dir/Commands/cs_cheat.cpp.o
#17 36.32 [ 32%] Building CXX object src/server/game/CMakeFiles/game.dir/Achievements/AchievementMgr.cpp.o
#17 36.33 [ 32%] Building CXX object modules/CMakeFiles/modules.dir/mod-solo-lfg/src/Lfg_Solo.cpp.o
#17 36.33 [ 32%] Building CXX object modules/CMakeFiles/modules.dir/mod-solo-lfg/src/LFG_loader.cpp.o
#17 36.34 [ 32%] Building CXX object src/server/scripts/CMakeFiles/scripts.dir/Commands/cs_debug.cpp.o
#17 36.34 [ 32%] Building CXX object modules/CMakeFiles/modules.dir/mod-starter-guild/src/SG_loader.cpp.o
#17 36.35 [ 32%] Building CXX object modules/CMakeFiles/modules.dir/mod-starter-guild/src/mod_starterguild.cpp.o
#17 36.36 [ 32%] Building CXX object src/server/game/CMakeFiles/game.dir/Addons/AddonMgr.cpp.o
#17 36.36 [ 32%] Building CXX object modules/CMakeFiles/modules.dir/mod-worgoblin/src/Worgoblin.cpp.o
#17 36.36 [ 33%] Building CXX object modules/CMakeFiles/modules.dir/multiple_specializations/src/MP_loader.cpp.o
#17 36.36 [ 33%] Building CXX object src/server/game/CMakeFiles/game.dir/ArenaSpectator/ArenaSpectator.cpp.o
#17 36.36 [ 33%] Building CXX object modules/CMakeFiles/modules.dir/multiple_specializations/src/multiple_specializations.cpp.o
#17 36.36 [ 33%] Building CXX object src/server/scripts/CMakeFiles/scripts.dir/Commands/cs_disable.cpp.o
#17 36.37 [ 33%] Building CXX object src/server/game/CMakeFiles/game.dir/AuctionHouse/AuctionHouseMgr.cpp.o
#17 36.37 [ 33%] Building CXX object src/server/scripts/CMakeFiles/scripts.dir/Commands/cs_deserter.cpp.o
#17 36.38 [ 34%] Building CXX object src/server/scripts/CMakeFiles/scripts.dir/Commands/cs_event.cpp.o
#17 36.38 [ 34%] Building CXX object src/server/scripts/CMakeFiles/scripts.dir/Commands/cs_gear.cpp.o
#17 36.38 [ 34%] Building CXX object src/server/scripts/CMakeFiles/scripts.dir/Commands/cs_gm.cpp.o
#17 36.39 [ 34%] Building CXX object src/server/scripts/CMakeFiles/scripts.dir/Commands/cs_go.cpp.o
#17 36.39 [ 34%] Building CXX object src/server/game/CMakeFiles/game.dir/AuctionHouse/AuctionHouseSearcher.cpp.o
#17 36.39 [ 35%] Building CXX object src/server/game/CMakeFiles/game.dir/Autobroadcast/AutobroadcastMgr.cpp.o
#17 36.39 [ 35%] Building CXX object src/server/game/CMakeFiles/game.dir/Battlefield/BattlefieldHandler.cpp.o
#17 36.39 [ 35%] Building CXX object src/server/game/CMakeFiles/game.dir/Battlefield/Battlefield.cpp.o
#17 36.39 /azerothcore/modules/multiple_specializations/src/multiple_specializations.cpp:767:94: warning: unused parameter 'reqSpellId' [-Wunused-parameter]
#17 36.39     bool CanLearn(Player* player, uint32 textId, uint32 altTextId, uint32 skillValue, uint32 reqSpellId, uint32 spellId, uint32& npcTextId)
#17 36.39                                                                                              ^
#17 36.39 /azerothcore/modules/multiple_specializations/src/multiple_specializations.cpp:277:11: warning: unused function 'DoHighUnlearnCost' [-Wunused-function]
#17 36.39     int32 DoHighUnlearnCost(Player* /*player*/)                //tailor, alchemy
#17 36.39           ^
#17 36.39 /azerothcore/modules/multiple_specializations/src/multiple_specializations.cpp:282:11: warning: unused function 'DoMedUnlearnCost' [-Wunused-function]
#17 36.39     int32 DoMedUnlearnCost(Player* player)                     //blacksmith, leatherwork
#17 36.39           ^
#17 36.39 /azerothcore/modules/multiple_specializations/src/multiple_specializations.cpp:293:11: warning: unused function 'DoLowUnlearnCost' [-Wunused-function]
#17 36.39     int32 DoLowUnlearnCost(Player* player)                     //blacksmith
#17 36.39           ^
#17 36.39 /azerothcore/modules/multiple_specializations/src/multiple_specializations.cpp:449:10: warning: unused function 'ProcessUnlearnAction' [-Wunused-function]
#17 36.39     void ProcessUnlearnAction(Player* player, Creature* creature, uint32 spellId, uint32 alternativeSpellId, int32 cost)
#17 36.39          ^
#17 36.39 5 warnings generated.
#17 36.40 [ 35%] Building CXX object src/server/game/CMakeFiles/game.dir/Battlefield/BattlefieldMgr.cpp.o
#17 36.40 [ 35%] Building CXX object src/server/scripts/CMakeFiles/scripts.dir/Commands/cs_gobject.cpp.o
#17 36.40 [ 35%] Building CXX object src/server/game/CMakeFiles/game.dir/Battlefield/Zones/BattlefieldWG.cpp.o
#17 36.41 [ 35%] Building CXX object src/server/scripts/CMakeFiles/scripts.dir/Commands/cs_group.cpp.o
#17 36.41 [ 35%] Building CXX object src/server/scripts/CMakeFiles/scripts.dir/Commands/cs_guild.cpp.o
#17 36.41 [ 35%] Building CXX object src/server/scripts/CMakeFiles/scripts.dir/Commands/cs_honor.cpp.o
#17 36.41 [ 35%] Building CXX object src/server/scripts/CMakeFiles/scripts.dir/Commands/cs_inventory.cpp.o
#17 36.41 [ 35%] Building CXX object src/server/scripts/CMakeFiles/scripts.dir/Commands/cs_instance.cpp.o
#17 36.42 [ 35%] Linking CXX static library libmodules.a
#17 36.42 [ 35%] Building CXX object src/server/scripts/CMakeFiles/scripts.dir/Commands/cs_item.cpp.o
#17 36.45 [ 35%] Building CXX object src/server/game/CMakeFiles/game.dir/Battlegrounds/Arena.cpp.o
#17 36.45 [ 35%] Building CXX object src/server/scripts/CMakeFiles/scripts.dir/Commands/cs_learn.cpp.o
#17 36.45 [ 35%] Building CXX object src/server/game/CMakeFiles/game.dir/Battlegrounds/Battleground.cpp.o
#17 36.45 [ 35%] Building CXX object src/server/game/CMakeFiles/game.dir/Battlegrounds/ArenaTeamMgr.cpp.o
#17 36.45 [ 35%] Building CXX object src/server/game/CMakeFiles/game.dir/Battlegrounds/ArenaTeam.cpp.o
#17 36.46 [ 35%] Building CXX object src/server/scripts/CMakeFiles/scripts.dir/Commands/cs_lfg.cpp.o
#17 36.46 [ 35%] Building CXX object src/server/scripts/CMakeFiles/scripts.dir/Commands/cs_list.cpp.o
#17 36.47 [ 36%] Building CXX object src/server/scripts/CMakeFiles/scripts.dir/Commands/cs_lookup.cpp.o
#17 36.47 [ 36%] Building CXX object src/server/game/CMakeFiles/game.dir/Battlegrounds/BattlegroundMgr.cpp.o
#17 36.48 [ 36%] Building CXX object src/server/game/CMakeFiles/game.dir/Battlegrounds/BattlegroundQueue.cpp.o
#17 36.48 [ 36%] Building CXX object src/server/scripts/CMakeFiles/scripts.dir/Commands/cs_message.cpp.o
#17 36.49 [ 36%] Building CXX object src/server/scripts/CMakeFiles/scripts.dir/Commands/cs_misc.cpp.o
#17 36.50 [ 36%] Building CXX object src/server/game/CMakeFiles/game.dir/Battlegrounds/BattlegroundSpamProtect.cpp.o
#17 36.50 [ 36%] Building CXX object src/server/scripts/CMakeFiles/scripts.dir/Commands/cs_mmaps.cpp.o
#17 36.51 [ 36%] Building CXX object src/server/scripts/CMakeFiles/scripts.dir/Commands/cs_modify.cpp.o
#17 36.51 [ 36%] Building CXX object src/server/scripts/CMakeFiles/scripts.dir/Commands/cs_pet.cpp.o
#17 36.51 [ 36%] Building CXX object src/server/game/CMakeFiles/game.dir/Battlegrounds/BattlegroundUtils.cpp.o
#17 36.52 [ 36%] Building CXX object src/server/scripts/CMakeFiles/scripts.dir/Commands/cs_npc.cpp.o
#17 36.52 [ 36%] Building CXX object src/server/game/CMakeFiles/game.dir/Battlegrounds/ArenaSeason/ArenaSeasonMgr.cpp.o
#17 36.52 [ 37%] Building CXX object src/server/game/CMakeFiles/game.dir/Battlegrounds/enuminfo_ArenaTeam.cpp.o
#17 36.52 [ 37%] Building CXX object src/server/game/CMakeFiles/game.dir/Battlegrounds/Zones/BattlegroundAB.cpp.o
#17 36.52 [ 37%] Building CXX object src/server/game/CMakeFiles/game.dir/Battlegrounds/ArenaSeason/ArenaSeasonRewardsDistributor.cpp.o
#17 36.54 [ 37%] Building CXX object src/server/scripts/CMakeFiles/scripts.dir/Commands/cs_player.cpp.o
#17 36.54 [ 37%] Building CXX object src/server/game/CMakeFiles/game.dir/Battlegrounds/Zones/BattlegroundAV.cpp.o
#17 36.55 [ 37%] Building CXX object src/server/scripts/CMakeFiles/scripts.dir/Commands/cs_pooltools.cpp.o
#17 36.55 [ 37%] Building CXX object src/server/scripts/CMakeFiles/scripts.dir/Commands/cs_player_settings.cpp.o
#17 36.56 [ 37%] Building CXX object src/server/scripts/CMakeFiles/scripts.dir/Commands/cs_quest.cpp.o
#17 36.56 [ 37%] Building CXX object src/server/game/CMakeFiles/game.dir/Battlegrounds/Zones/BattlegroundBE.cpp.o
#17 36.56 [ 37%] Building CXX object src/server/scripts/CMakeFiles/scripts.dir/Commands/cs_reload.cpp.o
#17 36.56 [ 37%] Building CXX object src/server/scripts/CMakeFiles/scripts.dir/Commands/cs_reset.cpp.o
#17 36.58 [ 37%] Building CXX object src/server/game/CMakeFiles/game.dir/Battlegrounds/Zones/BattlegroundDS.cpp.o
#17 36.58 [ 38%] Building CXX object src/server/scripts/CMakeFiles/scripts.dir/Commands/cs_script_loader.cpp.o
#17 36.59 [ 38%] Building CXX object src/server/game/CMakeFiles/game.dir/Battlegrounds/Zones/BattlegroundIC.cpp.o
#17 36.59 [ 38%] Building CXX object src/server/game/CMakeFiles/game.dir/Battlegrounds/Zones/BattlegroundEY.cpp.o
#17 36.60 [ 38%] Building CXX object src/server/scripts/CMakeFiles/scripts.dir/Commands/cs_send.cpp.o
#17 36.60 [ 38%] Building CXX object src/server/scripts/CMakeFiles/scripts.dir/Commands/cs_tele.cpp.o
#17 36.60 [ 38%] Building CXX object src/server/game/CMakeFiles/game.dir/Battlegrounds/Zones/BattlegroundNA.cpp.o
#17 36.60 [ 38%] Building CXX object src/server/scripts/CMakeFiles/scripts.dir/Commands/cs_server.cpp.o
#17 36.60 [ 38%] Building CXX object src/server/scripts/CMakeFiles/scripts.dir/Commands/cs_spectator.cpp.o
#17 36.61 [ 38%] Building CXX object src/server/scripts/CMakeFiles/scripts.dir/Commands/cs_titles.cpp.o
#17 36.61 [ 38%] Building CXX object src/server/scripts/CMakeFiles/scripts.dir/Commands/cs_ticket.cpp.o
#17 36.61 [ 38%] Building CXX object src/server/game/CMakeFiles/game.dir/Battlegrounds/Zones/BattlegroundRL.cpp.o
#17 36.62 [ 38%] Building CXX object src/server/game/CMakeFiles/game.dir/Battlegrounds/Zones/BattlegroundSA.cpp.o
#17 36.63 [ 38%] Building CXX object src/server/scripts/CMakeFiles/scripts.dir/Commands/cs_worldstate.cpp.o
#17 36.63 [ 38%] Building CXX object src/server/game/CMakeFiles/game.dir/Battlegrounds/Zones/BattlegroundRV.cpp.o
#17 36.63 [ 38%] Building CXX object src/server/scripts/CMakeFiles/scripts.dir/Commands/cs_wp.cpp.o
#17 36.64 [ 39%] Building CXX object src/server/game/CMakeFiles/game.dir/Battlegrounds/Zones/BattlegroundWS.cpp.o
#17 36.64 [ 39%] Building CXX object src/server/game/CMakeFiles/game.dir/Cache/CharacterCache.cpp.o
#17 36.65 [ 39%] Building CXX object src/server/scripts/CMakeFiles/scripts.dir/Custom/custom_script_loader.cpp.o
#17 36.66 [ 39%] Building CXX object src/server/scripts/CMakeFiles/scripts.dir/EasternKingdoms/eastern_kingdoms_script_loader.cpp.o
#17 36.66 [ 39%] Building CXX object src/server/scripts/CMakeFiles/scripts.dir/EasternKingdoms/zone_arathi_highlands.cpp.o
#17 36.67 [ 39%] Building CXX object src/server/scripts/CMakeFiles/scripts.dir/EasternKingdoms/zone_blasted_lands.cpp.o
#17 36.68 [ 39%] Building CXX object src/server/game/CMakeFiles/game.dir/Calendar/CalendarMgr.cpp.o
#17 36.68 [ 40%] Building CXX object src/server/scripts/CMakeFiles/scripts.dir/EasternKingdoms/zone_burning_steppes.cpp.o
#17 36.68 [ 40%] Building CXX object src/server/game/CMakeFiles/game.dir/Cache/WhoListCacheMgr.cpp.o
#17 36.69 [ 40%] Building CXX object src/server/game/CMakeFiles/game.dir/Chat/Chat.cpp.o
#17 36.69 [ 40%] Building CXX object src/server/scripts/CMakeFiles/scripts.dir/EasternKingdoms/zone_duskwood.cpp.o
#17 36.70 [ 40%] Building CXX object src/server/scripts/CMakeFiles/scripts.dir/EasternKingdoms/zone_eastern_plaguelands.cpp.o
#17 36.70 [ 40%] Building CXX object src/server/game/CMakeFiles/game.dir/Chat/HyperlinkTags.cpp.o
#17 36.71 [ 40%] Building CXX object src/server/game/CMakeFiles/game.dir/Chat/Hyperlinks.cpp.o
#17 36.71 [ 40%] Building CXX object src/server/game/CMakeFiles/game.dir/Chat/Channels/Channel.cpp.o
#17 36.71 [ 40%] Building CXX object src/server/scripts/CMakeFiles/scripts.dir/EasternKingdoms/zone_eversong_woods.cpp.o
#17 36.71 [ 40%] Building CXX object src/server/scripts/CMakeFiles/scripts.dir/EasternKingdoms/zone_elwynn_forest.cpp.o
#17 36.71 [ 40%] Building CXX object src/server/game/CMakeFiles/game.dir/Chat/ChatCommands/ChatCommand.cpp.o
#17 36.71 [ 40%] Building CXX object src/server/game/CMakeFiles/game.dir/Chat/Channels/enuminfo_Channel.cpp.o
#17 36.72 [ 40%] Building CXX object src/server/game/CMakeFiles/game.dir/Chat/Channels/ChannelMgr.cpp.o
#17 36.72 [ 40%] Building CXX object src/server/scripts/CMakeFiles/scripts.dir/EasternKingdoms/zone_ghostlands.cpp.o
#17 36.73 [ 40%] Building CXX object src/server/scripts/CMakeFiles/scripts.dir/EasternKingdoms/zone_redridge_mountains.cpp.o
#17 36.74 [ 40%] Building CXX object src/server/scripts/CMakeFiles/scripts.dir/EasternKingdoms/zone_isle_of_queldanas.cpp.o
#17 36.74 [ 40%] Building CXX object src/server/game/CMakeFiles/game.dir/Chat/ChatCommands/ChatCommandArgs.cpp.o
#17 36.74 [ 40%] Building CXX object src/server/game/CMakeFiles/game.dir/Chat/ChatCommands/ChatCommandHelpers.cpp.o
#17 36.74 [ 40%] Building CXX object src/server/scripts/CMakeFiles/scripts.dir/EasternKingdoms/zone_hinterlands.cpp.o
#17 36.76 [ 40%] Building CXX object src/server/scripts/CMakeFiles/scripts.dir/EasternKingdoms/zone_silverpine_forest.cpp.o
#17 36.76 [ 41%] Building CXX object src/server/game/CMakeFiles/game.dir/Combat/HostileRefMgr.cpp.o
#17 36.77 [ 41%] Building CXX object src/server/scripts/CMakeFiles/scripts.dir/EasternKingdoms/zone_stormwind_city.cpp.o
#17 36.77 [ 41%] Building CXX object src/server/game/CMakeFiles/game.dir/Combat/ThreatMgr.cpp.o
#17 36.78 [ 41%] Building CXX object src/server/game/CMakeFiles/game.dir/Chat/ChatCommands/ChatCommandTags.cpp.o
#17 36.78 [ 41%] Building CXX object src/server/game/CMakeFiles/game.dir/Conditions/DisableMgr.cpp.o
#17 36.78 [ 41%] Building CXX object src/server/scripts/CMakeFiles/scripts.dir/EasternKingdoms/zone_undercity.cpp.o
#17 36.78 [ 41%] Building CXX object src/server/game/CMakeFiles/game.dir/Conditions/ConditionMgr.cpp.o
#17 36.79 [ 42%] Building CXX object src/server/scripts/CMakeFiles/scripts.dir/EasternKingdoms/zone_westfall.cpp.o
#17 36.79 [ 42%] Building CXX object src/server/scripts/CMakeFiles/scripts.dir/EasternKingdoms/zone_western_plaguelands.cpp.o
#17 36.79 [ 42%] Building CXX object src/server/game/CMakeFiles/game.dir/DataStores/M2Stores.cpp.o
#17 36.81 [ 42%] Building CXX object src/server/scripts/CMakeFiles/scripts.dir/EasternKingdoms/AlteracValley/alterac_valley.cpp.o
#17 36.81 [ 42%] Building CXX object src/server/game/CMakeFiles/game.dir/DataStores/DBCStores.cpp.o
#17 36.81 [ 42%] Building CXX object src/server/scripts/CMakeFiles/scripts.dir/EasternKingdoms/AlteracValley/boss_balinda.cpp.o
#17 36.81 [ 42%] Building CXX object src/server/scripts/CMakeFiles/scripts.dir/EasternKingdoms/zone_wetlands.cpp.o
#17 36.81 [ 42%] Building CXX object src/server/game/CMakeFiles/game.dir/DungeonFinding/LFGGroupData.cpp.o
#17 36.81 [ 42%] Building CXX object src/server/game/CMakeFiles/game.dir/DungeonFinding/LFG.cpp.o
#17 36.81 [ 42%] Building CXX object src/server/scripts/CMakeFiles/scripts.dir/EasternKingdoms/AlteracValley/boss_galvangar.cpp.o
#17 36.82 [ 42%] Building CXX object src/server/scripts/CMakeFiles/scripts.dir/EasternKingdoms/AlteracValley/boss_vanndar.cpp.o
#17 36.83 [ 42%] Building CXX object src/server/scripts/CMakeFiles/scripts.dir/EasternKingdoms/BlackrockMountain/BlackrockDepths/blackrock_depths.cpp.o
#17 36.83 [ 42%] Building CXX object src/server/scripts/CMakeFiles/scripts.dir/EasternKingdoms/AlteracValley/boss_drekthar.cpp.o
#17 36.84 [ 42%] Building CXX object src/server/scripts/CMakeFiles/scripts.dir/EasternKingdoms/BlackrockMountain/BlackrockDepths/boss_ambassador_flamelash.cpp.o
#17 36.84 [ 42%] Building CXX object src/server/game/CMakeFiles/game.dir/DungeonFinding/LFGMgr.cpp.o
#17 36.85 [ 42%] Building CXX object src/server/scripts/CMakeFiles/scripts.dir/EasternKingdoms/BlackrockMountain/BlackrockDepths/boss_anubshiah.cpp.o
#17 36.85 [ 42%] Building CXX object src/server/game/CMakeFiles/game.dir/DungeonFinding/LFGPlayerData.cpp.o
#17 36.87 [ 42%] Building CXX object src/server/scripts/CMakeFiles/scripts.dir/EasternKingdoms/BlackrockMountain/BlackrockDepths/boss_general_angerforge.cpp.o
#17 36.87 [ 42%] Building CXX object src/server/scripts/CMakeFiles/scripts.dir/EasternKingdoms/BlackrockMountain/BlackrockDepths/boss_gorosh_the_dervish.cpp.o
#17 36.87 [ 42%] Building CXX object src/server/scripts/CMakeFiles/scripts.dir/EasternKingdoms/BlackrockMountain/BlackrockDepths/boss_emperor_dagran_thaurissan.cpp.o
#17 36.88 [ 42%] Building CXX object src/server/game/CMakeFiles/game.dir/DungeonFinding/LFGQueue.cpp.o
#17 36.88 [ 42%] Building CXX object src/server/scripts/CMakeFiles/scripts.dir/EasternKingdoms/BlackrockMountain/BlackrockDepths/boss_eviscerator.cpp.o
#17 36.88 [ 43%] Building CXX object src/server/scripts/CMakeFiles/scripts.dir/EasternKingdoms/BlackrockMountain/BlackrockDepths/boss_hedrum.cpp.o
#17 36.88 [ 43%] Building CXX object src/server/scripts/CMakeFiles/scripts.dir/EasternKingdoms/BlackrockMountain/BlackrockDepths/boss_grizzle.cpp.o
#17 36.88 [ 43%] Building CXX object src/server/game/CMakeFiles/game.dir/DungeonFinding/LFGScripts.cpp.o
#17 36.88 [ 43%] Building CXX object src/server/game/CMakeFiles/game.dir/Entities/Creature/CreatureGroups.cpp.o
#17 36.89 [ 43%] Building CXX object src/server/game/CMakeFiles/game.dir/Entities/Corpse/Corpse.cpp.o
#17 36.90 [ 44%] Building CXX object src/server/game/CMakeFiles/game.dir/Entities/Creature/Creature.cpp.o
#17 36.90 [ 44%] Building CXX object src/server/game/CMakeFiles/game.dir/Entities/Creature/GossipDef.cpp.o
#17 36.91 [ 44%] Building CXX object src/server/game/CMakeFiles/game.dir/Entities/Creature/Trainer.cpp.o
#17 36.91 [ 44%] Building CXX object src/server/game/CMakeFiles/game.dir/Entities/Creature/TemporarySummon.cpp.o
#17 36.93 [ 44%] Building CXX object src/server/game/CMakeFiles/game.dir/Entities/Creature/enuminfo_CreatureData.cpp.o
#17 36.93 [ 44%] Building CXX object src/server/scripts/CMakeFiles/scripts.dir/EasternKingdoms/BlackrockMountain/BlackrockDepths/boss_high_interrogator_gerstahn.cpp.o
#17 36.93 [ 44%] Building CXX object src/server/scripts/CMakeFiles/scripts.dir/EasternKingdoms/BlackrockMountain/BlackrockDepths/boss_magmus.cpp.o
#17 36.93 [ 44%] Building CXX object src/server/game/CMakeFiles/game.dir/Entities/DynamicObject/DynamicObject.cpp.o
#17 36.94 [ 44%] Building CXX object src/server/game/CMakeFiles/game.dir/Entities/GameObject/GameObject.cpp.o
#17 36.94 [ 44%] Building CXX object src/server/scripts/CMakeFiles/scripts.dir/EasternKingdoms/BlackrockMountain/BlackrockDepths/boss_moira_bronzebeard.cpp.o
#17 36.94 [ 44%] Building CXX object src/server/scripts/CMakeFiles/scripts.dir/EasternKingdoms/BlackrockMountain/BlackrockDepths/boss_okthor.cpp.o
#17 36.95 [ 44%] Building CXX object src/server/scripts/CMakeFiles/scripts.dir/EasternKingdoms/BlackrockMountain/BlackrockDepths/boss_tomb_of_seven.cpp.o
#17 36.96 [ 44%] Building CXX object src/server/scripts/CMakeFiles/scripts.dir/EasternKingdoms/BlackrockMountain/BlackrockDepths/instance_blackrock_depths.cpp.o
#17 36.96 [ 44%] Building CXX object src/server/game/CMakeFiles/game.dir/Entities/Item/Container/Bag.cpp.o
#17 36.96 [ 44%] Building CXX object src/server/game/CMakeFiles/game.dir/Entities/Item/enuminfo_Item.cpp.o
#17 36.97 [ 44%] Building CXX object src/server/game/CMakeFiles/game.dir/Entities/Item/ItemEnchantmentMgr.cpp.o
#17 36.97 [ 44%] Building CXX object src/server/game/CMakeFiles/game.dir/Entities/Object/Object.cpp.o
#17 36.97 [ 44%] Building CXX object src/server/game/CMakeFiles/game.dir/Entities/Item/Item.cpp.o
#17 36.98 [ 44%] Building CXX object src/server/scripts/CMakeFiles/scripts.dir/EasternKingdoms/BlackrockMountain/BlackrockSpire/boss_gyth.cpp.o
#17 36.99 [ 44%] Building CXX object src/server/scripts/CMakeFiles/scripts.dir/EasternKingdoms/BlackrockMountain/BlackrockSpire/boss_drakkisath.cpp.o
#17 36.99 [ 45%] Building CXX object src/server/game/CMakeFiles/game.dir/Entities/Object/ObjectGuid.cpp.o
#17 37.00 [ 45%] Building CXX object src/server/game/CMakeFiles/game.dir/Entities/Object/ObjectVisibilityContainer.cpp.o
#17 37.00 [ 45%] Building CXX object src/server/game/CMakeFiles/game.dir/Entities/Object/ObjectPosSelector.cpp.o
#17 37.00 [ 45%] Building CXX object src/server/scripts/CMakeFiles/scripts.dir/EasternKingdoms/BlackrockMountain/BlackrockSpire/boss_halycon.cpp.o
#17 37.03 [ 45%] Building CXX object src/server/scripts/CMakeFiles/scripts.dir/EasternKingdoms/BlackrockMountain/BlackrockSpire/boss_overlord_wyrmthalak.cpp.o
#17 37.03 [ 45%] Building CXX object src/server/game/CMakeFiles/game.dir/Entities/Object/Updates/UpdateData.cpp.o
#17 37.03 [ 45%] Building CXX object src/server/game/CMakeFiles/game.dir/Entities/Object/Updates/UpdateFieldFlags.cpp.o
#17 37.03 [ 45%] Building CXX object src/server/scripts/CMakeFiles/scripts.dir/EasternKingdoms/BlackrockMountain/BlackrockSpire/boss_pyroguard_emberseer.cpp.o
#17 37.03 [ 45%] Building CXX object src/server/scripts/CMakeFiles/scripts.dir/EasternKingdoms/BlackrockMountain/BlackrockSpire/boss_highlord_omokk.cpp.o
#17 37.03 [ 45%] Building CXX object src/server/scripts/CMakeFiles/scripts.dir/EasternKingdoms/BlackrockMountain/BlackrockSpire/boss_quartermaster_zigris.cpp.o
#17 37.03 [ 45%] Building CXX object src/server/game/CMakeFiles/game.dir/Entities/Pet/Pet.cpp.o
#17 37.04 [ 45%] Building CXX object src/server/game/CMakeFiles/game.dir/Entities/Object/Position.cpp.o
#17 37.04 [ 46%] Building CXX object src/server/scripts/CMakeFiles/scripts.dir/EasternKingdoms/BlackrockMountain/BlackrockSpire/boss_mor_grayhoof.cpp.o
#17 37.04 [ 46%] Building CXX object src/server/scripts/CMakeFiles/scripts.dir/EasternKingdoms/BlackrockMountain/BlackrockSpire/boss_lord_valthalak.cpp.o
#17 37.04 [ 46%] Building CXX object src/server/game/CMakeFiles/game.dir/Entities/Player/CinematicMgr.cpp.o
#17 37.05 [ 46%] Building CXX object src/server/scripts/CMakeFiles/scripts.dir/EasternKingdoms/BlackrockMountain/BlackrockSpire/boss_rend_blackhand.cpp.o
#17 37.06 [ 46%] Built target authserver
#17 37.06 [ 46%] Building CXX object src/server/scripts/CMakeFiles/scripts.dir/EasternKingdoms/BlackrockMountain/BlackrockSpire/boss_solakar_flamewreath.cpp.o
#17 37.07 [ 46%] Building CXX object src/server/scripts/CMakeFiles/scripts.dir/EasternKingdoms/BlackrockMountain/BlackrockSpire/boss_the_beast.cpp.o
#17 37.07 [ 46%] Building CXX object src/server/game/CMakeFiles/game.dir/Entities/Player/PlayerGossip.cpp.o
#17 37.07 [ 46%] Building CXX object src/server/game/CMakeFiles/game.dir/Entities/Player/Player.cpp.o
#17 37.07 [ 46%] Building CXX object src/server/game/CMakeFiles/game.dir/Entities/Player/KillRewarder.cpp.o
#17 37.07 [ 46%] Building CXX object src/server/scripts/CMakeFiles/scripts.dir/EasternKingdoms/BlackrockMountain/BlackrockSpire/instance_blackrock_spire.cpp.o
#17 37.07 [ 46%] Building CXX object src/server/scripts/CMakeFiles/scripts.dir/EasternKingdoms/BlackrockMountain/BlackrockSpire/boss_warmaster_voone.cpp.o
#17 37.08 [ 46%] Building CXX object src/server/game/CMakeFiles/game.dir/Entities/Player/PlayerMisc.cpp.o
#17 37.08 [ 46%] Building CXX object src/server/game/CMakeFiles/game.dir/Entities/Player/PlayerQuest.cpp.o
#17 37.08 [ 46%] Building CXX object src/server/scripts/CMakeFiles/scripts.dir/EasternKingdoms/BlackrockMountain/BlackrockSpire/boss_urok_doomhowl.cpp.o
#17 37.09 [ 47%] Building CXX object src/server/game/CMakeFiles/game.dir/Entities/Player/PlayerSettings.cpp.o
#17 37.10 [ 47%] Building CXX object src/server/scripts/CMakeFiles/scripts.dir/EasternKingdoms/BlackrockMountain/BlackwingLair/boss_broodlord_lashlayer.cpp.o
#17 37.10 [ 47%] Building CXX object src/server/scripts/CMakeFiles/scripts.dir/EasternKingdoms/BlackrockMountain/BlackwingLair/boss_ebonroc.cpp.o
#17 37.10 [ 47%] Building CXX object src/server/scripts/CMakeFiles/scripts.dir/EasternKingdoms/BlackrockMountain/BlackwingLair/boss_chromaggus.cpp.o
#17 37.10 [ 47%] Building CXX object src/server/game/CMakeFiles/game.dir/Entities/Player/PlayerStorage.cpp.o
#17 37.11 [ 48%] Building CXX object src/server/game/CMakeFiles/game.dir/Entities/Player/PlayerUpdates.cpp.o
#17 37.11 [ 48%] Building CXX object src/server/scripts/CMakeFiles/scripts.dir/EasternKingdoms/BlackrockMountain/BlackwingLair/boss_firemaw.cpp.o
#17 37.11 [ 48%] Building CXX object src/server/game/CMakeFiles/game.dir/Entities/Player/PlayerTaxi.cpp.o
#17 37.12 [ 48%] Building CXX object src/server/game/CMakeFiles/game.dir/Entities/Player/SocialMgr.cpp.o
#17 37.13 [ 48%] Building CXX object src/server/scripts/CMakeFiles/scripts.dir/EasternKingdoms/BlackrockMountain/BlackwingLair/boss_flamegor.cpp.o
#17 37.13 [ 48%] Building CXX object src/server/scripts/CMakeFiles/scripts.dir/EasternKingdoms/BlackrockMountain/BlackwingLair/boss_nefarian.cpp.o
#17 37.14 [ 48%] Building CXX object src/server/game/CMakeFiles/game.dir/Entities/Player/TradeData.cpp.o
#17 37.14 [ 48%] Building CXX object src/server/game/CMakeFiles/game.dir/Entities/Totem/Totem.cpp.o
#17 37.15 [ 48%] Building CXX object src/server/scripts/CMakeFiles/scripts.dir/EasternKingdoms/BlackrockMountain/BlackwingLair/boss_razorgore.cpp.o
#17 37.15 [ 48%] Building CXX object src/server/scripts/CMakeFiles/scripts.dir/EasternKingdoms/BlackrockMountain/BlackwingLair/boss_vaelastrasz.cpp.o
#17 37.16 [ 48%] Building CXX object src/server/game/CMakeFiles/game.dir/Entities/Transport/Transport.cpp.o
#17 37.16 [ 48%] Building CXX object src/server/scripts/CMakeFiles/scripts.dir/EasternKingdoms/BlackrockMountain/MoltenCore/boss_baron_geddon.cpp.o
#17 37.16 [ 48%] Building CXX object src/server/scripts/CMakeFiles/scripts.dir/EasternKingdoms/BlackrockMountain/BlackwingLair/instance_blackwing_lair.cpp.o
#17 37.16 [ 48%] Building CXX object src/server/game/CMakeFiles/game.dir/Entities/Unit/CharmInfo.cpp.o
#17 37.17 [ 48%] Building CXX object src/server/game/CMakeFiles/game.dir/Entities/Unit/StatSystem.cpp.o
#17 37.18 [ 48%] Building CXX object src/server/scripts/CMakeFiles/scripts.dir/EasternKingdoms/BlackrockMountain/MoltenCore/boss_garr.cpp.o
#17 37.18 [ 48%] Building CXX object src/server/game/CMakeFiles/game.dir/Entities/Unit/Unit.cpp.o
#17 37.18 [ 48%] Building CXX object src/server/game/CMakeFiles/game.dir/Entities/Vehicle/Vehicle.cpp.o
#17 37.18 [ 48%] Building CXX object src/server/game/CMakeFiles/game.dir/Events/GameEventMgr.cpp.o
#17 37.18 [ 48%] Building CXX object src/server/game/CMakeFiles/game.dir/Entities/Unit/enuminfo_Unit.cpp.o
#17 37.18 [ 48%] Building CXX object src/server/scripts/CMakeFiles/scripts.dir/EasternKingdoms/BlackrockMountain/MoltenCore/boss_gehennas.cpp.o
#17 37.18 [ 49%] Building CXX object src/server/game/CMakeFiles/game.dir/Events/HolidayDateCalculator.cpp.o
#17 37.21 [ 49%] Building CXX object src/server/scripts/CMakeFiles/scripts.dir/EasternKingdoms/BlackrockMountain/MoltenCore/boss_lucifron.cpp.o
#17 37.21 [ 49%] Building CXX object src/server/game/CMakeFiles/game.dir/Globals/ObjectMgr.cpp.o
#17 37.21 [ 49%] Building CXX object src/server/game/CMakeFiles/game.dir/Globals/WorldGlobals.cpp.o
#17 37.21 [ 49%] Building CXX object src/server/scripts/CMakeFiles/scripts.dir/EasternKingdoms/BlackrockMountain/MoltenCore/boss_magmadar.cpp.o
#17 37.21 [ 49%] Building CXX object src/server/scripts/CMakeFiles/scripts.dir/EasternKingdoms/BlackrockMountain/MoltenCore/boss_golemagg.cpp.o
#17 37.22 [ 49%] Building CXX object src/server/scripts/CMakeFiles/scripts.dir/EasternKingdoms/BlackrockMountain/MoltenCore/boss_majordomo_executus.cpp.o
#17 37.22 [ 49%] Building CXX object src/server/game/CMakeFiles/game.dir/Globals/ObjectAccessor.cpp.o
#17 37.22 [ 49%] Building CXX object src/server/game/CMakeFiles/game.dir/Grids/GridObjectLoader.cpp.o
#17 37.23 [ 50%] Building CXX object src/server/scripts/CMakeFiles/scripts.dir/EasternKingdoms/BlackrockMountain/MoltenCore/boss_ragnaros.cpp.o
#17 37.24 [ 50%] Building CXX object src/server/game/CMakeFiles/game.dir/Grids/GridTerrainData.cpp.o
#17 37.25 [ 50%] Building CXX object src/server/scripts/CMakeFiles/scripts.dir/EasternKingdoms/BlackrockMountain/MoltenCore/boss_shazzrah.cpp.o
#17 37.25 [ 50%] Building CXX object src/server/scripts/CMakeFiles/scripts.dir/EasternKingdoms/BlackrockMountain/MoltenCore/boss_sulfuron_harbinger.cpp.o
#17 37.25 [ 50%] Building CXX object src/server/scripts/CMakeFiles/scripts.dir/EasternKingdoms/BlackrockMountain/MoltenCore/instance_molten_core.cpp.o
#17 37.27 [ 50%] Building CXX object src/server/game/CMakeFiles/game.dir/Groups/Group.cpp.o
#17 37.27 [ 50%] Building CXX object src/server/game/CMakeFiles/game.dir/Grids/MapGridManager.cpp.o
#17 37.28 [ 50%] Building CXX object src/server/game/CMakeFiles/game.dir/Grids/Notifiers/GridNotifiers.cpp.o
#17 37.28 [ 50%] Building CXX object src/server/game/CMakeFiles/game.dir/Grids/GridTerrainLoader.cpp.o
#17 37.28 [ 50%] Building CXX object src/server/scripts/CMakeFiles/scripts.dir/EasternKingdoms/BlackrockMountain/MoltenCore/molten_core.cpp.o
#17 37.29 [ 50%] Building CXX object src/server/scripts/CMakeFiles/scripts.dir/EasternKingdoms/Deadmines/boss_mr_smite.cpp.o
#17 37.29 [ 50%] Building CXX object src/server/game/CMakeFiles/game.dir/Groups/GroupMgr.cpp.o
#17 37.30 [ 50%] Building CXX object src/server/game/CMakeFiles/game.dir/Groups/GroupReference.cpp.o
#17 37.31 [ 51%] Building CXX object src/server/game/CMakeFiles/game.dir/Guilds/GuildMgr.cpp.o
#17 37.31 [ 51%] Building CXX object src/server/game/CMakeFiles/game.dir/Guilds/Guild.cpp.o
#17 37.32 [ 51%] Building CXX object src/server/game/CMakeFiles/game.dir/Handlers/AddonHandler.cpp.o
#17 37.32 [ 51%] Building CXX object src/server/scripts/CMakeFiles/scripts.dir/EasternKingdoms/Deadmines/instance_deadmines.cpp.o
#17 37.32 [ 51%] Building CXX object src/server/scripts/CMakeFiles/scripts.dir/EasternKingdoms/Gnomeregan/instance_gnomeregan.cpp.o
#17 37.32 [ 51%] Building CXX object src/server/game/CMakeFiles/game.dir/Handlers/ArenaTeamHandler.cpp.o
#17 37.33 [ 51%] Building CXX object src/server/scripts/CMakeFiles/scripts.dir/EasternKingdoms/Karazhan/boss_curator.cpp.o
#17 37.34 [ 51%] Building CXX object src/server/scripts/CMakeFiles/scripts.dir/EasternKingdoms/Karazhan/boss_chess_event.cpp.o
#17 37.34 [ 51%] Building CXX object src/server/scripts/CMakeFiles/scripts.dir/EasternKingdoms/Karazhan/boss_maiden_of_virtue.cpp.o
#17 37.34 [ 51%] Building CXX object src/server/game/CMakeFiles/game.dir/Handlers/AuctionHouseHandler.cpp.o
#17 37.35 [ 51%] Building CXX object src/server/game/CMakeFiles/game.dir/Handlers/AuthHandler.cpp.o
#17 37.35 [ 51%] Building CXX object src/server/game/CMakeFiles/game.dir/Handlers/BankHandler.cpp.o
#17 37.35 [ 51%] Building CXX object src/server/scripts/CMakeFiles/scripts.dir/EasternKingdoms/Karazhan/boss_moroes.cpp.o
#17 37.35 [ 51%] Building CXX object src/server/scripts/CMakeFiles/scripts.dir/EasternKingdoms/Karazhan/boss_midnight.cpp.o
#17 37.36 [ 51%] Building CXX object src/server/game/CMakeFiles/game.dir/Handlers/BattleGroundHandler.cpp.o
#17 37.36 [ 51%] Building CXX object src/server/game/CMakeFiles/game.dir/Handlers/CalendarHandler.cpp.o
#17 37.37 [ 51%] Building CXX object src/server/scripts/CMakeFiles/scripts.dir/EasternKingdoms/Karazhan/boss_netherspite.cpp.o
#17 37.37 [ 51%] Building CXX object src/server/game/CMakeFiles/game.dir/Handlers/ChannelHandler.cpp.o
#17 37.39 [ 52%] Building CXX object src/server/scripts/CMakeFiles/scripts.dir/EasternKingdoms/Karazhan/boss_nightbane.cpp.o
#17 37.39 [ 52%] Building CXX object src/server/game/CMakeFiles/game.dir/Handlers/CharacterHandler.cpp.o
#17 37.39 [ 52%] Building CXX object src/server/scripts/CMakeFiles/scripts.dir/EasternKingdoms/Karazhan/boss_servant_quarters.cpp.o
#17 37.39 [ 52%] Building CXX object src/server/game/CMakeFiles/game.dir/Handlers/ChatHandler.cpp.o
#17 37.41 [ 52%] Building CXX object src/server/scripts/CMakeFiles/scripts.dir/EasternKingdoms/Karazhan/boss_prince_malchezaar.cpp.o
#17 37.41 [ 52%] Building CXX object src/server/game/CMakeFiles/game.dir/Handlers/CombatHandler.cpp.o
#17 37.42 [ 52%] Building CXX object src/server/scripts/CMakeFiles/scripts.dir/EasternKingdoms/Karazhan/boss_shade_of_aran.cpp.o
#17 37.42 [ 52%] Building CXX object src/server/scripts/CMakeFiles/scripts.dir/EasternKingdoms/Karazhan/boss_tenris_mirkblood.cpp.o
#17 37.44 [ 52%] Building CXX object src/server/game/CMakeFiles/game.dir/Handlers/DuelHandler.cpp.o
#17 37.44 [ 53%] Building CXX object src/server/game/CMakeFiles/game.dir/Handlers/GroupHandler.cpp.o
#17 37.44 [ 53%] Building CXX object src/server/scripts/CMakeFiles/scripts.dir/EasternKingdoms/Karazhan/bosses_opera.cpp.o
#17 37.44 [ 53%] Building CXX object src/server/scripts/CMakeFiles/scripts.dir/EasternKingdoms/Karazhan/boss_terestian_illhoof.cpp.o
#17 37.45 [ 53%] Building CXX object src/server/game/CMakeFiles/game.dir/Handlers/GuildHandler.cpp.o
#17 37.45 [ 53%] Building CXX object src/server/game/CMakeFiles/game.dir/Handlers/ItemHandler.cpp.o
#17 37.45 [ 53%] Building CXX object src/server/game/CMakeFiles/game.dir/Handlers/LFGHandler.cpp.o
#17 37.46 [ 53%] Building CXX object src/server/game/CMakeFiles/game.dir/Handlers/LootHandler.cpp.o
#17 37.46 [ 53%] Building CXX object src/server/scripts/CMakeFiles/scripts.dir/EasternKingdoms/Karazhan/instance_karazhan.cpp.o
#17 37.46 [ 53%] Building CXX object src/server/scripts/CMakeFiles/scripts.dir/EasternKingdoms/Karazhan/karazhan.cpp.o
#17 37.46 [ 53%] Building CXX object src/server/scripts/CMakeFiles/scripts.dir/EasternKingdoms/MagistersTerrace/boss_felblood_kaelthas.cpp.o
#17 37.48 [ 53%] Building CXX object src/server/scripts/CMakeFiles/scripts.dir/EasternKingdoms/MagistersTerrace/boss_priestess_delrissa.cpp.o
#17 37.48 [ 53%] Building CXX object src/server/game/CMakeFiles/game.dir/Handlers/MailHandler.cpp.o
#17 37.48 [ 53%] Building CXX object src/server/scripts/CMakeFiles/scripts.dir/EasternKingdoms/MagistersTerrace/boss_selin_fireheart.cpp.o
#17 37.48 [ 53%] Building CXX object src/server/game/CMakeFiles/game.dir/Handlers/MiscHandler.cpp.o
#17 37.50 [ 54%] Building CXX object src/server/scripts/CMakeFiles/scripts.dir/EasternKingdoms/MagistersTerrace/instance_magisters_terrace.cpp.o
#17 37.50 [ 54%] Building CXX object src/server/scripts/CMakeFiles/scripts.dir/EasternKingdoms/MagistersTerrace/boss_vexallus.cpp.o
#17 37.51 [ 54%] Building CXX object src/server/game/CMakeFiles/game.dir/Handlers/MovementHandler.cpp.o
#17 37.52 [ 54%] Building CXX object src/server/scripts/CMakeFiles/scripts.dir/EasternKingdoms/ScarletEnclave/chapter1.cpp.o
#17 37.52 [ 54%] Building CXX object src/server/scripts/CMakeFiles/scripts.dir/EasternKingdoms/ScarletEnclave/chapter2.cpp.o
#17 37.52 [ 54%] Building CXX object src/server/scripts/CMakeFiles/scripts.dir/EasternKingdoms/ScarletEnclave/chapter3.cpp.o
#17 37.53 [ 54%] Building CXX object src/server/game/CMakeFiles/game.dir/Handlers/NPCHandler.cpp.o
#17 37.54 [ 54%] Building CXX object src/server/scripts/CMakeFiles/scripts.dir/EasternKingdoms/ScarletEnclave/chapter5.cpp.o
#17 37.54 [ 54%] Building CXX object src/server/game/CMakeFiles/game.dir/Handlers/PetHandler.cpp.o
#17 37.54 [ 54%] Building CXX object src/server/game/CMakeFiles/game.dir/Handlers/QuestHandler.cpp.o
#17 37.54 [ 54%] Building CXX object src/server/game/CMakeFiles/game.dir/Handlers/PetitionsHandler.cpp.o
#17 37.54 [ 54%] Building CXX object src/server/game/CMakeFiles/game.dir/Handlers/QueryHandler.cpp.o
#17 37.55 [ 54%] Building CXX object src/server/scripts/CMakeFiles/scripts.dir/EasternKingdoms/ScarletEnclave/zone_the_scarlet_enclave.cpp.o
#17 37.56 [ 55%] Building CXX object src/server/game/CMakeFiles/game.dir/Handlers/ReferAFriendHandler.cpp.o
#17 37.57 [ 55%] Building CXX object src/server/game/CMakeFiles/game.dir/Handlers/SkillHandler.cpp.o
#17 37.58 [ 55%] Building CXX object src/server/game/CMakeFiles/game.dir/Handlers/Socialhandler.cpp.o
#17 37.59 [ 55%] Building CXX object src/server/game/CMakeFiles/game.dir/Handlers/SpellHandler.cpp.o
#17 37.59 [ 55%] Building CXX object src/server/scripts/CMakeFiles/scripts.dir/EasternKingdoms/Scholomance/boss_darkmaster_gandling.cpp.o
#17 37.59 [ 55%] Building CXX object src/server/scripts/CMakeFiles/scripts.dir/EasternKingdoms/ScarletMonastery/instance_scarlet_monastery.cpp.o
#17 37.60 [ 55%] Building CXX object src/server/scripts/CMakeFiles/scripts.dir/EasternKingdoms/Scholomance/boss_kirtonos_the_herald.cpp.o
#17 37.60 [ 55%] Building CXX object src/server/game/CMakeFiles/game.dir/Handlers/TicketHandler.cpp.o
#17 37.60 [ 55%] Building CXX object src/server/game/CMakeFiles/game.dir/Handlers/TaxiHandler.cpp.o
#17 37.60 [ 55%] Building CXX object src/server/scripts/CMakeFiles/scripts.dir/EasternKingdoms/Scholomance/boss_kormok.cpp.o
#17 37.61 [ 55%] Building CXX object src/server/game/CMakeFiles/game.dir/Handlers/VehicleHandler.cpp.o
#17 37.61 [ 55%] Building CXX object src/server/game/CMakeFiles/game.dir/Handlers/TradeHandler.cpp.o
#17 37.61 [ 55%] Building CXX object src/server/scripts/CMakeFiles/scripts.dir/EasternKingdoms/Scholomance/instance_scholomance.cpp.o
#17 37.61 [ 55%] Building CXX object src/server/game/CMakeFiles/game.dir/Handlers/VoiceChatHandler.cpp.o
#17 37.63 [ 55%] Building CXX object src/server/scripts/CMakeFiles/scripts.dir/EasternKingdoms/ShadowfangKeep/boss_apothecary_hummel.cpp.o
#17 37.64 [ 55%] Building CXX object src/server/game/CMakeFiles/game.dir/Instances/InstanceScript.cpp.o
#17 37.64 [ 55%] Building CXX object src/server/game/CMakeFiles/game.dir/Instances/InstanceSaveMgr.cpp.o
#17 37.66 [ 55%] Building CXX object src/server/scripts/CMakeFiles/scripts.dir/EasternKingdoms/ShadowfangKeep/instance_shadowfang_keep.cpp.o
#17 37.66 [ 55%] Building CXX object src/server/game/CMakeFiles/game.dir/Loot/LootItemStorage.cpp.o
#17 37.67 [ 56%] Building CXX object src/server/scripts/CMakeFiles/scripts.dir/EasternKingdoms/Stratholme/boss_baroness_anastari.cpp.o
#17 37.67 [ 56%] Building CXX object src/server/game/CMakeFiles/game.dir/Mails/ServerMailMgr.cpp.o
#17 37.67 [ 56%] Building CXX object src/server/scripts/CMakeFiles/scripts.dir/EasternKingdoms/Stratholme/boss_jarien_and_sothos.cpp.o
#17 37.67 [ 56%] Building CXX object src/server/game/CMakeFiles/game.dir/Loot/LootMgr.cpp.o
#17 37.68 [ 57%] Building CXX object src/server/game/CMakeFiles/game.dir/Mails/Mail.cpp.o
#17 37.68 [ 57%] Building CXX object src/server/scripts/CMakeFiles/scripts.dir/EasternKingdoms/Stratholme/instance_stratholme.cpp.o
#17 37.68 [ 57%] Building CXX object src/server/game/CMakeFiles/game.dir/Maps/AreaBoundary.cpp.o
#17 37.69 [ 57%] Building CXX object src/server/scripts/CMakeFiles/scripts.dir/EasternKingdoms/SunkenTemple/instance_sunken_temple.cpp.o
#17 37.69 [ 57%] Building CXX object src/server/game/CMakeFiles/game.dir/Maps/Map.cpp.o
#17 37.69 [ 57%] Building CXX object src/server/game/CMakeFiles/game.dir/Maps/MapInstanced.cpp.o
#17 37.70 [ 57%] Building CXX object src/server/game/CMakeFiles/game.dir/Maps/MapUpdater.cpp.o
#17 37.70 [ 57%] Building CXX object src/server/game/CMakeFiles/game.dir/Maps/MapMgr.cpp.o
#17 37.70 [ 57%] Building CXX object src/server/game/CMakeFiles/game.dir/Maps/TransportMgr.cpp.o
#17 37.70 [ 57%] Building CXX object src/server/game/CMakeFiles/game.dir/Misc/BanMgr.cpp.o
#17 37.70 [ 57%] Building CXX object src/server/game/CMakeFiles/game.dir/Misc/DynamicVisibility.cpp.o
#17 37.72 [ 57%] Building CXX object src/server/game/CMakeFiles/game.dir/Misc/GameGraveyard.cpp.o
#17 37.72 [ 57%] Building CXX object src/server/scripts/CMakeFiles/scripts.dir/EasternKingdoms/SunwellPlateau/boss_brutallus.cpp.o
#17 37.72 [ 57%] Building CXX object src/server/scripts/CMakeFiles/scripts.dir/EasternKingdoms/SunwellPlateau/boss_eredar_twins.cpp.o
#17 37.73 [ 57%] Building CXX object src/server/game/CMakeFiles/game.dir/Miscellaneous/Formulas.cpp.o
#17 37.75 [ 57%] Building CXX object src/server/game/CMakeFiles/game.dir/Modules/ModuleMgr.cpp.o
#17 37.77 [ 57%] Building CXX object src/server/scripts/CMakeFiles/scripts.dir/EasternKingdoms/SunwellPlateau/boss_felmyst.cpp.o
#17 37.77 [ 57%] Building CXX object src/server/game/CMakeFiles/game.dir/Motd/MotdMgr.cpp.o
#17 37.78 [ 58%] Building CXX object src/server/game/CMakeFiles/game.dir/Movement/FollowerReference.cpp.o
#17 37.78 [ 58%] Building CXX object src/server/scripts/CMakeFiles/scripts.dir/EasternKingdoms/SunwellPlateau/boss_kalecgos.cpp.o
#17 37.78 [ 58%] Building CXX object src/server/scripts/CMakeFiles/scripts.dir/EasternKingdoms/SunwellPlateau/boss_kiljaeden.cpp.o
#17 37.79 [ 58%] Building CXX object src/server/scripts/CMakeFiles/scripts.dir/EasternKingdoms/SunwellPlateau/boss_muru.cpp.o
#17 37.79 [ 58%] Building CXX object src/server/game/CMakeFiles/game.dir/Movement/MotionMaster.cpp.o
#17 37.80 [ 58%] Building CXX object src/server/game/CMakeFiles/game.dir/Movement/MovementGenerator.cpp.o
#17 37.80 [ 58%] Building CXX object src/server/game/CMakeFiles/game.dir/Movement/MovementGenerators/ConfusedMovementGenerator.cpp.o
#17 37.80 [ 58%] Building CXX object src/server/scripts/CMakeFiles/scripts.dir/EasternKingdoms/SunwellPlateau/instance_sunwell_plateau.cpp.o
#17 37.81 [ 58%] Building CXX object src/server/game/CMakeFiles/game.dir/Movement/MovementGenerators/FleeingMovementGenerator.cpp.o
#17 37.81 [ 58%] Building CXX object src/server/game/CMakeFiles/game.dir/Movement/MovementGenerators/IdleMovementGenerator.cpp.o
#17 37.81 [ 58%] Building CXX object src/server/game/CMakeFiles/game.dir/Movement/MovementGenerators/HomeMovementGenerator.cpp.o
#17 37.81 [ 58%] Building CXX object src/server/game/CMakeFiles/game.dir/Movement/MovementGenerators/EscortMovementGenerator.cpp.o
#17 37.82 [ 58%] Building CXX object src/server/scripts/CMakeFiles/scripts.dir/EasternKingdoms/TheStockade/instance_the_stockade.cpp.o
#17 37.82 [ 58%] Building CXX object src/server/scripts/CMakeFiles/scripts.dir/EasternKingdoms/Uldaman/instance_uldaman.cpp.o
#17 37.82 [ 58%] Building CXX object src/server/game/CMakeFiles/game.dir/Movement/MovementGenerators/PathGenerator.cpp.o
#17 37.82 [ 58%] Building CXX object src/server/game/CMakeFiles/game.dir/Movement/MovementGenerators/PointMovementGenerator.cpp.o
#17 37.84 [ 59%] Building CXX object src/server/scripts/CMakeFiles/scripts.dir/EasternKingdoms/ZulAman/boss_janalai.cpp.o
#17 37.84 [ 59%] Building CXX object src/server/scripts/CMakeFiles/scripts.dir/EasternKingdoms/ZulAman/boss_akilzon.cpp.o
#17 37.84 [ 59%] Building CXX object src/server/scripts/CMakeFiles/scripts.dir/EasternKingdoms/ZulAman/boss_halazzi.cpp.o
#17 37.85 [ 59%] Building CXX object src/server/scripts/CMakeFiles/scripts.dir/EasternKingdoms/ZulAman/boss_hexlord.cpp.o
#17 37.86 [ 59%] Building CXX object src/server/game/CMakeFiles/game.dir/Movement/MovementGenerators/RandomMovementGenerator.cpp.o
#17 37.86 [ 59%] Building CXX object src/server/game/CMakeFiles/game.dir/Movement/MovementGenerators/TargetedMovementGenerator.cpp.o
#17 37.87 [ 59%] Building CXX object src/server/scripts/CMakeFiles/scripts.dir/EasternKingdoms/ZulAman/boss_nalorakk.cpp.o
#17 37.87 [ 59%] Building CXX object src/server/scripts/CMakeFiles/scripts.dir/EasternKingdoms/ZulAman/boss_zuljin.cpp.o
#17 37.87 [ 59%] Building CXX object src/server/game/CMakeFiles/game.dir/Movement/MovementGenerators/WaypointMovementGenerator.cpp.o
#17 37.87 [ 60%] Building CXX object src/server/game/CMakeFiles/game.dir/Movement/Spline/MoveSpline.cpp.o
#17 37.88 [ 60%] Building CXX object src/server/game/CMakeFiles/game.dir/Movement/Spline/MoveSplineInit.cpp.o
#17 37.90 [ 60%] Building CXX object src/server/scripts/CMakeFiles/scripts.dir/EasternKingdoms/ZulAman/instance_zulaman.cpp.o
#17 37.90 [ 60%] Building CXX object src/server/game/CMakeFiles/game.dir/Movement/Spline/MovementPacketBuilder.cpp.o
#17 37.90 [ 60%] Building CXX object src/server/scripts/CMakeFiles/scripts.dir/EasternKingdoms/ZulAman/zulaman.cpp.o
#17 37.91 [ 60%] Building CXX object src/server/scripts/CMakeFiles/scripts.dir/EasternKingdoms/ZulGurub/boss_arlokk.cpp.o
#17 37.91 [ 60%] Building CXX object src/server/game/CMakeFiles/game.dir/Movement/Waypoints/WaypointMgr.cpp.o
#17 37.91 [ 60%] Building CXX object src/server/game/CMakeFiles/game.dir/Movement/Spline/Spline.cpp.o
#17 37.91 [ 60%] Building CXX object src/server/game/CMakeFiles/game.dir/Movement/Spline/MovementUtil.cpp.o
#17 37.93 [ 60%] Building CXX object src/server/scripts/CMakeFiles/scripts.dir/EasternKingdoms/ZulGurub/boss_gahzranka.cpp.o
#17 37.93 [ 60%] Building CXX object src/server/game/CMakeFiles/game.dir/OutdoorPvP/OutdoorPvP.cpp.o
#17 37.93 [ 60%] Building CXX object src/server/scripts/CMakeFiles/scripts.dir/EasternKingdoms/ZulGurub/boss_grilek.cpp.o
#17 37.94 [ 60%] Building CXX object src/server/scripts/CMakeFiles/scripts.dir/EasternKingdoms/ZulGurub/boss_hakkar.cpp.o
#17 37.94 [ 60%] Building CXX object src/server/game/CMakeFiles/game.dir/OutdoorPvP/OutdoorPvPMgr.cpp.o
#17 37.95 [ 60%] Building CXX object src/server/scripts/CMakeFiles/scripts.dir/EasternKingdoms/ZulGurub/boss_hazzarah.cpp.o
#17 37.95 [ 60%] Building CXX object src/server/game/CMakeFiles/game.dir/Petitions/PetitionMgr.cpp.o
#17 37.95 [ 60%] Building CXX object src/server/scripts/CMakeFiles/scripts.dir/EasternKingdoms/ZulGurub/boss_jeklik.cpp.o
#17 37.96 [ 60%] Building CXX object src/server/game/CMakeFiles/game.dir/Pools/PoolMgr.cpp.o
#17 37.97 [ 60%] Building CXX object src/server/game/CMakeFiles/game.dir/Quests/QuestDef.cpp.o
#17 37.97 [ 60%] Building CXX object src/server/scripts/CMakeFiles/scripts.dir/EasternKingdoms/ZulGurub/boss_mandokir.cpp.o
#17 37.97 [ 60%] Building CXX object src/server/scripts/CMakeFiles/scripts.dir/EasternKingdoms/ZulGurub/boss_renataki.cpp.o
#17 37.97 [ 60%] Building CXX object src/server/scripts/CMakeFiles/scripts.dir/EasternKingdoms/ZulGurub/boss_marli.cpp.o
#17 37.98 [ 60%] Building CXX object src/server/scripts/CMakeFiles/scripts.dir/EasternKingdoms/ZulGurub/boss_thekal.cpp.o
#17 37.98 [ 61%] Building CXX object src/server/scripts/CMakeFiles/scripts.dir/EasternKingdoms/ZulGurub/boss_jindo.cpp.o
#17 37.98 [ 61%] Building CXX object src/server/game/CMakeFiles/game.dir/Quests/enuminfo_QuestDef.cpp.o
#17 38.01 [ 61%] Building CXX object src/server/game/CMakeFiles/game.dir/Reputation/ReputationMgr.cpp.o
#17 38.01 [ 61%] Building CXX object src/server/scripts/CMakeFiles/scripts.dir/EasternKingdoms/ZulGurub/boss_wushoolay.cpp.o
#17 38.01 [ 61%] Building CXX object src/server/scripts/CMakeFiles/scripts.dir/EasternKingdoms/ZulGurub/boss_venoxis.cpp.o
#17 38.01 [ 61%] Building CXX object src/server/scripts/CMakeFiles/scripts.dir/EasternKingdoms/ZulGurub/instance_zulgurub.cpp.o
#17 38.01 [ 61%] Building CXX object src/server/scripts/CMakeFiles/scripts.dir/EasternKingdoms/ZulGurub/zulgurub.cpp.o
#17 38.02 [ 61%] Building CXX object src/server/scripts/CMakeFiles/scripts.dir/Events/brewfest.cpp.o
#17 38.03 [ 62%] Building CXX object src/server/game/CMakeFiles/game.dir/Scripting/MapScripts.cpp.o
#17 38.04 [ 62%] Building CXX object src/server/scripts/CMakeFiles/scripts.dir/Events/childrens_week.cpp.o
#17 38.04 [ 62%] Building CXX object src/server/game/CMakeFiles/game.dir/Scripting/ScriptMgr.cpp.o
#17 38.05 [ 62%] Building CXX object src/server/scripts/CMakeFiles/scripts.dir/Events/events_script_loader.cpp.o
#17 38.05 [ 63%] Building CXX object src/server/scripts/CMakeFiles/scripts.dir/Events/love_in_air.cpp.o
#17 38.05 [ 63%] Building CXX object src/server/scripts/CMakeFiles/scripts.dir/Events/hallows_end.cpp.o
#17 38.05 [ 63%] Building CXX object src/server/game/CMakeFiles/game.dir/Scripting/ScriptObject.cpp.o
#17 38.06 [ 63%] Building CXX object src/server/game/CMakeFiles/game.dir/Scripting/ScriptSystem.cpp.o
#17 38.06 [ 63%] Building CXX object src/server/game/CMakeFiles/game.dir/Scripting/ScriptDefines/AccountScript.cpp.o
#17 38.06 [ 63%] Building CXX object src/server/game/CMakeFiles/game.dir/Scripting/ScriptDefines/ALEScript.cpp.o
#17 38.06 [ 63%] Building CXX object src/server/scripts/CMakeFiles/scripts.dir/Events/midsummer.cpp.o
#17 38.07 [ 63%] Building CXX object src/server/scripts/CMakeFiles/scripts.dir/Events/noblegarden.cpp.o
#17 38.07 [ 63%] Building CXX object src/server/game/CMakeFiles/game.dir/Scripting/ScriptDefines/AchievementCriteriaScript.cpp.o
#17 38.08 [ 63%] Building CXX object src/server/game/CMakeFiles/game.dir/Scripting/ScriptDefines/AchievementScript.cpp.o
#17 38.09 [ 63%] Building CXX object src/server/scripts/CMakeFiles/scripts.dir/Events/pilgrims_bounty.cpp.o
#17 38.11 [ 63%] Building CXX object src/server/scripts/CMakeFiles/scripts.dir/Events/winter_veil.cpp.o
#17 38.11 [ 63%] Building CXX object src/server/scripts/CMakeFiles/scripts.dir/Events/firework_show/firework_show.cpp.o
#17 38.12 [ 63%] Building CXX object src/server/game/CMakeFiles/game.dir/Scripting/ScriptDefines/AllBattlegroundScript.cpp.o
#17 38.12 [ 63%] Building CXX object src/server/scripts/CMakeFiles/scripts.dir/Kalimdor/boss_azuregos.cpp.o
#17 38.13 [ 63%] Building CXX object src/server/game/CMakeFiles/game.dir/Scripting/ScriptDefines/AllCreatureScript.cpp.o
#17 38.13 [ 63%] Building CXX object src/server/game/CMakeFiles/game.dir/Scripting/ScriptDefines/AllCommandScript.cpp.o
#17 38.13 [ 63%] Building CXX object src/server/scripts/CMakeFiles/scripts.dir/Kalimdor/kalimdor_script_loader.cpp.o
#17 38.13 [ 63%] Building CXX object src/server/game/CMakeFiles/game.dir/Scripting/ScriptDefines/AllGameObjectScript.cpp.o
#17 38.13 [ 63%] Building CXX object src/server/scripts/CMakeFiles/scripts.dir/Kalimdor/zone_ashenvale.cpp.o
#17 38.14 [ 63%] Building CXX object src/server/game/CMakeFiles/game.dir/Scripting/ScriptDefines/AllItemScript.cpp.o
#17 38.14 [ 63%] Building CXX object src/server/scripts/CMakeFiles/scripts.dir/Kalimdor/zone_azuremyst_isle.cpp.o
#17 38.15 [ 63%] Building CXX object src/server/scripts/CMakeFiles/scripts.dir/Kalimdor/zone_bloodmyst_isle.cpp.o
#17 38.17 [ 64%] Building CXX object src/server/game/CMakeFiles/game.dir/Scripting/ScriptDefines/AllMapScript.cpp.o
#17 38.18 [ 64%] Building CXX object src/server/scripts/CMakeFiles/scripts.dir/Kalimdor/zone_darkshore.cpp.o
#17 38.19 [ 64%] Building CXX object src/server/game/CMakeFiles/game.dir/Scripting/ScriptDefines/AllSpellScript.cpp.o
#17 38.19 [ 65%] Building CXX object src/server/scripts/CMakeFiles/scripts.dir/Kalimdor/zone_durotar.cpp.o
#17 38.19 [ 65%] Building CXX object src/server/scripts/CMakeFiles/scripts.dir/Kalimdor/zone_desolace.cpp.o
#17 38.19 [ 65%] Building CXX object src/server/scripts/CMakeFiles/scripts.dir/Kalimdor/zone_dustwallow_marsh.cpp.o
#17 38.20 [ 65%] Building CXX object src/server/game/CMakeFiles/game.dir/Scripting/ScriptDefines/AreaTriggerScript.cpp.o
#17 38.20 [ 65%] Building CXX object src/server/scripts/CMakeFiles/scripts.dir/Kalimdor/zone_felwood.cpp.o
#17 38.21 [ 65%] Building CXX object src/server/game/CMakeFiles/game.dir/Scripting/ScriptDefines/ArenaScript.cpp.o
#17 38.21 [ 65%] Building CXX object src/server/game/CMakeFiles/game.dir/Scripting/ScriptDefines/ArenaTeamScript.cpp.o
#17 38.21 [ 65%] Building CXX object src/server/scripts/CMakeFiles/scripts.dir/Kalimdor/zone_feralas.cpp.o
#17 38.22 [ 65%] Building CXX object src/server/game/CMakeFiles/game.dir/Scripting/ScriptDefines/AuctionHouseScript.cpp.o
#17 38.24 [ 65%] Building CXX object src/server/scripts/CMakeFiles/scripts.dir/Kalimdor/zone_moonglade.cpp.o
#17 38.25 [ 65%] Building CXX object src/server/game/CMakeFiles/game.dir/Scripting/ScriptDefines/BattlegroundMapScript.cpp.o
#17 38.26 [ 65%] Building CXX object src/server/scripts/CMakeFiles/scripts.dir/Kalimdor/zone_orgrimmar.cpp.o
#17 38.26 [ 65%] Building CXX object src/server/scripts/CMakeFiles/scripts.dir/Kalimdor/zone_silithus.cpp.o
#17 38.26 [ 65%] Building CXX object src/server/scripts/CMakeFiles/scripts.dir/Kalimdor/zone_the_barrens.cpp.o
#17 38.27 [ 65%] Building CXX object src/server/scripts/CMakeFiles/scripts.dir/Kalimdor/zone_stonetalon_mountains.cpp.o
#17 38.27 [ 65%] Building CXX object src/server/scripts/CMakeFiles/scripts.dir/Kalimdor/zone_thousand_needles.cpp.o
#17 38.27 [ 65%] Building CXX object src/server/scripts/CMakeFiles/scripts.dir/Kalimdor/zone_tanaris.cpp.o
#17 38.27 [ 65%] Building CXX object src/server/scripts/CMakeFiles/scripts.dir/Kalimdor/zone_thunder_bluff.cpp.o
#17 38.27 [ 65%] Building CXX object src/server/game/CMakeFiles/game.dir/Scripting/ScriptDefines/BattlegroundScript.cpp.o
#17 38.28 [ 65%] Building CXX object src/server/game/CMakeFiles/game.dir/Scripting/ScriptDefines/ConditionScript.cpp.o
#17 38.28 [ 65%] Building CXX object src/server/game/CMakeFiles/game.dir/Scripting/ScriptDefines/CommandScript.cpp.o
#17 38.28 [ 65%] Building CXX object src/server/scripts/CMakeFiles/scripts.dir/Kalimdor/zone_ungoro_crater.cpp.o
#17 38.30 [ 65%] Building CXX object src/server/game/CMakeFiles/game.dir/Scripting/ScriptDefines/CreatureScript.cpp.o
#17 38.30 [ 66%] Building CXX object src/server/scripts/CMakeFiles/scripts.dir/Kalimdor/zone_winterspring.cpp.o
#17 38.31 [ 66%] Building CXX object src/server/game/CMakeFiles/game.dir/Scripting/ScriptDefines/DynamicObjectScript.cpp.o
#17 38.32 [ 66%] Building CXX object src/server/game/CMakeFiles/game.dir/Scripting/ScriptDefines/DatabaseScript.cpp.o
#17 38.34 [ 66%] Building CXX object src/server/scripts/CMakeFiles/scripts.dir/Kalimdor/BlackfathomDeeps/instance_blackfathom_deeps.cpp.o
#17 38.35 [ 66%] Building CXX object src/server/game/CMakeFiles/game.dir/Scripting/ScriptDefines/FormulaScript.cpp.o
#17 38.35 [ 66%] Building CXX object src/server/scripts/CMakeFiles/scripts.dir/Kalimdor/CavernsOfTime/BattleForMountHyjal/boss_anetheron.cpp.o
#17 38.35 [ 67%] Building CXX object src/server/game/CMakeFiles/game.dir/Scripting/ScriptDefines/GameEventScript.cpp.o
#17 38.35 [ 67%] Building CXX object src/server/scripts/CMakeFiles/scripts.dir/Kalimdor/CavernsOfTime/BattleForMountHyjal/boss_archimonde.cpp.o
#17 38.35 [ 67%] Building CXX object src/server/game/CMakeFiles/game.dir/Scripting/ScriptDefines/GameObjectScript.cpp.o
#17 38.36 [ 67%] Building CXX object src/server/scripts/CMakeFiles/scripts.dir/Kalimdor/CavernsOfTime/BattleForMountHyjal/boss_azgalor.cpp.o
#17 38.36 [ 67%] Building CXX object src/server/scripts/CMakeFiles/scripts.dir/Kalimdor/CavernsOfTime/BattleForMountHyjal/hyjal.cpp.o
#17 38.36 [ 67%] Building CXX object src/server/scripts/CMakeFiles/scripts.dir/Kalimdor/CavernsOfTime/BattleForMountHyjal/boss_rage_winterchill.cpp.o
#17 38.36 [ 67%] Building CXX object src/server/game/CMakeFiles/game.dir/Scripting/ScriptDefines/GlobalScript.cpp.o
#17 38.36 [ 67%] Building CXX object src/server/scripts/CMakeFiles/scripts.dir/Kalimdor/CavernsOfTime/BattleForMountHyjal/boss_kazrogal.cpp.o
#17 38.36 [ 67%] Building CXX object src/server/scripts/CMakeFiles/scripts.dir/Kalimdor/CavernsOfTime/BattleForMountHyjal/instance_hyjal.cpp.o
#17 38.36 [ 67%] Building CXX object src/server/scripts/CMakeFiles/scripts.dir/Kalimdor/CavernsOfTime/CullingOfStratholme/boss_epoch.cpp.o
#17 38.39 [ 67%] Building CXX object src/server/scripts/CMakeFiles/scripts.dir/Kalimdor/CavernsOfTime/CullingOfStratholme/boss_infinite.cpp.o
#17 38.39 [ 67%] Building CXX object src/server/scripts/CMakeFiles/scripts.dir/Kalimdor/CavernsOfTime/CullingOfStratholme/boss_mal_ganis.cpp.o
#17 38.42 [ 67%] Building CXX object src/server/scripts/CMakeFiles/scripts.dir/Kalimdor/CavernsOfTime/CullingOfStratholme/boss_meathook.cpp.o
#17 38.42 [ 67%] Building CXX object src/server/game/CMakeFiles/game.dir/Scripting/ScriptDefines/GroupScript.cpp.o
#17 38.42 [ 67%] Building CXX object src/server/game/CMakeFiles/game.dir/Scripting/ScriptDefines/GuildScript.cpp.o
#17 38.46 [ 67%] Building CXX object src/server/scripts/CMakeFiles/scripts.dir/Kalimdor/CavernsOfTime/CullingOfStratholme/boss_salramm.cpp.o
#17 38.46 [ 67%] Building CXX object src/server/scripts/CMakeFiles/scripts.dir/Kalimdor/CavernsOfTime/CullingOfStratholme/instance_culling_of_stratholme.cpp.o
#17 38.46 [ 67%] Building CXX object src/server/scripts/CMakeFiles/scripts.dir/Kalimdor/CavernsOfTime/EscapeFromDurnholdeKeep/boss_captain_skarloc.cpp.o
#17 38.46 [ 67%] Building CXX object src/server/game/CMakeFiles/game.dir/Scripting/ScriptDefines/MailScript.cpp.o
#17 38.46 [ 67%] Building CXX object src/server/game/CMakeFiles/game.dir/Scripting/ScriptDefines/LootScript.cpp.o
#17 38.46 [ 68%] Building CXX object src/server/scripts/CMakeFiles/scripts.dir/Kalimdor/CavernsOfTime/CullingOfStratholme/culling_of_stratholme.cpp.o
#17 38.46 [ 68%] Building CXX object src/server/game/CMakeFiles/game.dir/Scripting/ScriptDefines/InstanceMapScript.cpp.o
#17 38.46 [ 68%] Building CXX object src/server/game/CMakeFiles/game.dir/Scripting/ScriptDefines/MiscScript.cpp.o
#17 38.47 [ 68%] Building CXX object src/server/scripts/CMakeFiles/scripts.dir/Kalimdor/CavernsOfTime/EscapeFromDurnholdeKeep/boss_epoch_hunter.cpp.o
#17 38.47 [ 68%] Building CXX object src/server/scripts/CMakeFiles/scripts.dir/Kalimdor/CavernsOfTime/EscapeFromDurnholdeKeep/instance_old_hillsbrad.cpp.o
#17 38.47 [ 68%] Building CXX object src/server/scripts/CMakeFiles/scripts.dir/Kalimdor/CavernsOfTime/EscapeFromDurnholdeKeep/boss_lieutenant_drake.cpp.o
#17 38.47 [ 68%] Building CXX object src/server/scripts/CMakeFiles/scripts.dir/Kalimdor/CavernsOfTime/EscapeFromDurnholdeKeep/old_hillsbrad.cpp.o
#17 38.48 [ 68%] Building CXX object src/server/game/CMakeFiles/game.dir/Scripting/ScriptDefines/MovementHandlerScript.cpp.o
#17 38.48 [ 68%] Building CXX object src/server/scripts/CMakeFiles/scripts.dir/Kalimdor/CavernsOfTime/TheBlackMorass/boss_aeonus.cpp.o
#17 38.48 [ 68%] Building CXX object src/server/game/CMakeFiles/game.dir/Scripting/ScriptDefines/ModuleScript.cpp.o
#17 38.49 [ 68%] Building CXX object src/server/scripts/CMakeFiles/scripts.dir/Kalimdor/CavernsOfTime/TheBlackMorass/boss_chrono_lord_deja.cpp.o
#17 38.49 [ 68%] Building CXX object src/server/game/CMakeFiles/game.dir/Scripting/ScriptDefines/OutdoorPvPScript.cpp.o
#17 38.51 [ 68%] Building CXX object src/server/scripts/CMakeFiles/scripts.dir/Kalimdor/CavernsOfTime/TheBlackMorass/boss_temporus.cpp.o
#17 38.52 [ 68%] Building CXX object src/server/game/CMakeFiles/game.dir/Scripting/ScriptDefines/PetScript.cpp.o
#17 38.52 [ 68%] Building CXX object src/server/scripts/CMakeFiles/scripts.dir/Kalimdor/CavernsOfTime/TheBlackMorass/instance_the_black_morass.cpp.o
#17 38.52 [ 68%] Building CXX object src/server/scripts/CMakeFiles/scripts.dir/Kalimdor/CavernsOfTime/TheBlackMorass/the_black_morass.cpp.o
#17 38.54 [ 68%] Building CXX object src/server/scripts/CMakeFiles/scripts.dir/Kalimdor/DireMaul/boss_isalien.cpp.o
#17 38.54 [ 69%] Building CXX object src/server/scripts/CMakeFiles/scripts.dir/Kalimdor/DireMaul/instance_dire_maul.cpp.o
#17 38.54 [ 69%] Building CXX object src/server/scripts/CMakeFiles/scripts.dir/Kalimdor/Maraudon/instance_maraudon.cpp.o
#17 38.55 [ 69%] Building CXX object src/server/scripts/CMakeFiles/scripts.dir/Kalimdor/OnyxiasLair/instance_onyxias_lair.cpp.o
#17 38.56 [ 69%] Building CXX object src/server/scripts/CMakeFiles/scripts.dir/Kalimdor/OnyxiasLair/boss_onyxia.cpp.o
#17 38.56 [ 69%] Building CXX object src/server/scripts/CMakeFiles/scripts.dir/Kalimdor/RagefireChasm/instance_ragefire_chasm.cpp.o
#17 38.56 [ 69%] Building CXX object src/server/scripts/CMakeFiles/scripts.dir/Kalimdor/RazorfenDowns/instance_razorfen_downs.cpp.o
#17 38.57 [ 70%] Building CXX object src/server/game/CMakeFiles/game.dir/Scripting/ScriptDefines/PlayerScript.cpp.o
#17 38.57 [ 70%] Building CXX object src/server/scripts/CMakeFiles/scripts.dir/Kalimdor/RazorfenKraul/instance_razorfen_kraul.cpp.o
#17 38.57 [ 70%] Building CXX object src/server/scripts/CMakeFiles/scripts.dir/Kalimdor/RazorfenDowns/razorfen_downs.cpp.o
#17 38.57 [ 70%] Building CXX object src/server/scripts/CMakeFiles/scripts.dir/Kalimdor/RuinsOfAhnQiraj/boss_buru.cpp.o
#17 38.57 [ 70%] Building CXX object src/server/game/CMakeFiles/game.dir/Scripting/ScriptDefines/ServerScript.cpp.o
#17 38.58 [ 70%] Building CXX object src/server/scripts/CMakeFiles/scripts.dir/Kalimdor/RuinsOfAhnQiraj/boss_ayamiss.cpp.o
#17 38.58 [ 70%] Building CXX object src/server/scripts/CMakeFiles/scripts.dir/Kalimdor/RuinsOfAhnQiraj/boss_kurinnaxx.cpp.o
#17 38.58 [ 70%] Building CXX object src/server/scripts/CMakeFiles/scripts.dir/Kalimdor/RuinsOfAhnQiraj/boss_moam.cpp.o
#17 38.58 [ 70%] Building CXX object src/server/scripts/CMakeFiles/scripts.dir/Kalimdor/RuinsOfAhnQiraj/boss_ossirian.cpp.o
#17 38.59 [ 70%] Building CXX object src/server/game/CMakeFiles/game.dir/Scripting/ScriptDefines/SpellScriptLoader.cpp.o
#17 38.59 [ 71%] Building CXX object src/server/scripts/CMakeFiles/scripts.dir/Kalimdor/RuinsOfAhnQiraj/boss_rajaxx.cpp.o
#17 38.61 [ 71%] Building CXX object src/server/scripts/CMakeFiles/scripts.dir/Kalimdor/RuinsOfAhnQiraj/instance_ruins_of_ahnqiraj.cpp.o
#17 38.63 [ 71%] Building CXX object src/server/scripts/CMakeFiles/scripts.dir/Kalimdor/RuinsOfAhnQiraj/ruins_of_ahnqiraj.cpp.o
#17 38.63 [ 71%] Building CXX object src/server/game/CMakeFiles/game.dir/Scripting/ScriptDefines/TicketScript.cpp.o
#17 38.63 [ 71%] Building CXX object src/server/scripts/CMakeFiles/scripts.dir/Kalimdor/TempleOfAhnQiraj/boss_bug_trio.cpp.o
#17 38.65 [ 71%] Building CXX object src/server/game/CMakeFiles/game.dir/Scripting/ScriptDefines/TransportScript.cpp.o
#17 38.65 [ 71%] Building CXX object src/server/game/CMakeFiles/game.dir/Scripting/ScriptDefines/WeatherScript.cpp.o
#17 38.65 [ 71%] Building CXX object src/server/scripts/CMakeFiles/scripts.dir/Kalimdor/TempleOfAhnQiraj/boss_cthun.cpp.o
#17 38.65 [ 71%] Building CXX object src/server/game/CMakeFiles/game.dir/Scripting/ScriptDefines/VehicleScript.cpp.o
#17 38.65 [ 71%] Building CXX object src/server/scripts/CMakeFiles/scripts.dir/Kalimdor/TempleOfAhnQiraj/boss_fankriss.cpp.o
#17 38.66 [ 71%] Building CXX object src/server/scripts/CMakeFiles/scripts.dir/Kalimdor/TempleOfAhnQiraj/boss_huhuran.cpp.o
#17 38.66 [ 71%] Building CXX object src/server/game/CMakeFiles/game.dir/Scripting/ScriptDefines/WorldMapScript.cpp.o
#17 38.66 [ 71%] Building CXX object src/server/game/CMakeFiles/game.dir/Scripting/ScriptDefines/UnitScript.cpp.o
#17 38.66 [ 71%] Building CXX object src/server/scripts/CMakeFiles/scripts.dir/Kalimdor/TempleOfAhnQiraj/boss_ouro.cpp.o
#17 38.68 [ 71%] Building CXX object src/server/scripts/CMakeFiles/scripts.dir/Kalimdor/TempleOfAhnQiraj/boss_sartura.cpp.o
#17 38.69 [ 71%] Building CXX object src/server/game/CMakeFiles/game.dir/Scripting/ScriptDefines/WorldObjectScript.cpp.o
#17 38.69 [ 71%] Building CXX object src/server/scripts/CMakeFiles/scripts.dir/Kalimdor/TempleOfAhnQiraj/boss_skeram.cpp.o
#17 38.70 [ 71%] Building CXX object src/server/scripts/CMakeFiles/scripts.dir/Kalimdor/TempleOfAhnQiraj/boss_viscidus.cpp.o
#17 38.70 [ 71%] Building CXX object src/server/game/CMakeFiles/game.dir/Scripting/ScriptDefines/WorldScript.cpp.o
#17 38.70 [ 71%] Building CXX object src/server/scripts/CMakeFiles/scripts.dir/Kalimdor/TempleOfAhnQiraj/boss_twinemperors.cpp.o
#17 38.71 [ 71%] Building CXX object src/server/scripts/CMakeFiles/scripts.dir/Kalimdor/TempleOfAhnQiraj/instance_temple_of_ahnqiraj.cpp.o
#17 38.71 [ 71%] Building CXX object src/server/game/CMakeFiles/game.dir/Server/Packet.cpp.o
#17 38.72 [ 72%] Building CXX object src/server/scripts/CMakeFiles/scripts.dir/Kalimdor/TempleOfAhnQiraj/mob_anubisath_sentinel.cpp.o
#17 38.72 [ 72%] Building CXX object src/server/scripts/CMakeFiles/scripts.dir/Kalimdor/TempleOfAhnQiraj/temple_of_ahnqiraj.cpp.o
#17 38.72 [ 72%] Building CXX object src/server/scripts/CMakeFiles/scripts.dir/Kalimdor/WailingCaverns/instance_wailing_caverns.cpp.o
#17 38.74 [ 72%] Building CXX object src/server/game/CMakeFiles/game.dir/Server/WorldSession.cpp.o
#17 38.75 [ 72%] Building CXX object src/server/scripts/CMakeFiles/scripts.dir/Kalimdor/ZulFarrak/instance_zulfarrak.cpp.o
#17 38.75 [ 73%] Building CXX object src/server/game/CMakeFiles/game.dir/Server/WorldSessionMgr.cpp.o
#17 38.76 [ 73%] Building CXX object src/server/scripts/CMakeFiles/scripts.dir/Kalimdor/ZulFarrak/zulfarrak.cpp.o
#17 38.76 [ 73%] Building CXX object src/server/game/CMakeFiles/game.dir/Server/WorldSocket.cpp.o
#17 38.77 [ 73%] Building CXX object src/server/game/CMakeFiles/game.dir/Server/WorldSocketMgr.cpp.o
#17 38.77 [ 73%] Building CXX object src/server/scripts/CMakeFiles/scripts.dir/Northrend/isle_of_conquest.cpp.o
#17 38.78 [ 73%] Building CXX object src/server/game/CMakeFiles/game.dir/Server/Packets/BankPackets.cpp.o
#17 38.78 [ 73%] Building CXX object src/server/game/CMakeFiles/game.dir/Server/Packets/CalendarPackets.cpp.o
#17 38.78 [ 73%] Building CXX object src/server/scripts/CMakeFiles/scripts.dir/Northrend/northrend_script_loader.cpp.o
#17 38.78 [ 73%] Building CXX object src/server/scripts/CMakeFiles/scripts.dir/Northrend/zone_borean_tundra.cpp.o
#17 38.78 [ 73%] Building CXX object src/server/game/CMakeFiles/game.dir/Server/Packets/CharacterPackets.cpp.o
#17 38.79 [ 73%] Building CXX object src/server/game/CMakeFiles/game.dir/Server/Packets/ChatPackets.cpp.o
#17 38.80 [ 73%] Building CXX object src/server/scripts/CMakeFiles/scripts.dir/Northrend/zone_crystalsong_forest.cpp.o
#17 38.80 [ 73%] Building CXX object src/server/game/CMakeFiles/game.dir/Server/Packets/CombatLogPackets.cpp.o
#17 38.80 [ 73%] Building CXX object src/server/scripts/CMakeFiles/scripts.dir/Northrend/zone_dalaran.cpp.o
#17 38.81 [ 73%] Building CXX object src/server/scripts/CMakeFiles/scripts.dir/Northrend/zone_dragonblight.cpp.o
#17 38.81 [ 73%] Building CXX object src/server/scripts/CMakeFiles/scripts.dir/Northrend/zone_grizzly_hills.cpp.o
#17 38.82 [ 73%] Building CXX object src/server/game/CMakeFiles/game.dir/Server/Packets/GuildPackets.cpp.o
#17 38.82 [ 73%] Building CXX object src/server/game/CMakeFiles/game.dir/Server/Packets/CombatPackets.cpp.o
#17 38.83 [ 73%] Building CXX object src/server/game/CMakeFiles/game.dir/Server/Packets/InstancePackets.cpp.o
#17 38.84 [ 73%] Building CXX object src/server/game/CMakeFiles/game.dir/Server/Packets/ItemPackets.cpp.o
#17 38.85 [ 73%] Building CXX object src/server/scripts/CMakeFiles/scripts.dir/Northrend/zone_howling_fjord.cpp.o
#17 38.85 [ 73%] Building CXX object src/server/game/CMakeFiles/game.dir/Server/Packets/LFGPackets.cpp.o
#17 38.86 [ 74%] Building CXX object src/server/scripts/CMakeFiles/scripts.dir/Northrend/zone_icecrown.cpp.o
#17 38.87 [ 74%] Building CXX object src/server/scripts/CMakeFiles/scripts.dir/Northrend/zone_sholazar_basin.cpp.o
#17 38.87 [ 75%] Building CXX object src/server/game/CMakeFiles/game.dir/Server/Packets/MiscPackets.cpp.o
#17 38.87 [ 75%] Building CXX object src/server/scripts/CMakeFiles/scripts.dir/Northrend/zone_storm_peaks.cpp.o
#17 38.87 [ 75%] Building CXX object src/server/scripts/CMakeFiles/scripts.dir/Northrend/zone_zuldrak.cpp.o
#17 38.88 [ 75%] Building CXX object src/server/scripts/CMakeFiles/scripts.dir/Northrend/zone_wintergrasp.cpp.o
#17 38.88 [ 75%] Building CXX object src/server/scripts/CMakeFiles/scripts.dir/Northrend/AzjolNerub/AzjolNerub/boss_hadronox.cpp.o
#17 38.88 [ 75%] Building CXX object src/server/scripts/CMakeFiles/scripts.dir/Northrend/AzjolNerub/AzjolNerub/boss_anubarak.cpp.o
#17 38.89 [ 75%] Building CXX object src/server/game/CMakeFiles/game.dir/Server/Packets/NPCPackets.cpp.o
#17 38.89 [ 75%] Building CXX object src/server/game/CMakeFiles/game.dir/Server/Packets/PacketUtilities.cpp.o
#17 38.89 [ 75%] Building CXX object src/server/scripts/CMakeFiles/scripts.dir/Northrend/AzjolNerub/AzjolNerub/boss_krikthir_the_gatewatcher.cpp.o
#17 38.90 [ 75%] Building CXX object src/server/scripts/CMakeFiles/scripts.dir/Northrend/AzjolNerub/AzjolNerub/instance_azjol_nerub.cpp.o
#17 38.90 [ 75%] Building CXX object src/server/scripts/CMakeFiles/scripts.dir/Northrend/AzjolNerub/ahnkahet/boss_amanitar.cpp.o
#17 38.91 [ 75%] Building CXX object src/server/game/CMakeFiles/game.dir/Server/Packets/PetPackets.cpp.o
#17 38.92 [ 75%] Building CXX object src/server/scripts/CMakeFiles/scripts.dir/Northrend/AzjolNerub/ahnkahet/boss_herald_volazj.cpp.o
#17 38.92 [ 75%] Building CXX object src/server/game/CMakeFiles/game.dir/Server/Packets/QueryPackets.cpp.o
#17 38.92 [ 75%] Building CXX object src/server/scripts/CMakeFiles/scripts.dir/Northrend/AzjolNerub/ahnkahet/boss_elder_nadox.cpp.o
#17 38.93 [ 75%] Building CXX object src/server/game/CMakeFiles/game.dir/Server/Packets/TotemPackets.cpp.o
#17 38.93 [ 75%] Building CXX object src/server/scripts/CMakeFiles/scripts.dir/Northrend/AzjolNerub/ahnkahet/boss_jedoga_shadowseeker.cpp.o
#17 38.93 [ 75%] Building CXX object src/server/scripts/CMakeFiles/scripts.dir/Northrend/AzjolNerub/ahnkahet/boss_prince_taldaram.cpp.o
#17 38.95 [ 75%] Building CXX object src/server/game/CMakeFiles/game.dir/Server/Packets/WorldStatePackets.cpp.o
#17 38.95 [ 75%] Building CXX object src/server/game/CMakeFiles/game.dir/Server/Protocol/Opcodes.cpp.o
#17 38.95 [ 76%] Building CXX object src/server/scripts/CMakeFiles/scripts.dir/Northrend/AzjolNerub/ahnkahet/instance_ahnkahet.cpp.o
#17 38.95 [ 76%] Building CXX object src/server/game/CMakeFiles/game.dir/Server/Protocol/PacketLog.cpp.o
#17 38.97 [ 76%] Building CXX object src/server/scripts/CMakeFiles/scripts.dir/Northrend/ChamberOfAspects/ObsidianSanctum/boss_sartharion.cpp.o
#17 38.97 [ 76%] Building CXX object src/server/scripts/CMakeFiles/scripts.dir/Northrend/ChamberOfAspects/ObsidianSanctum/instance_obsidian_sanctum.cpp.o
#17 38.97 [ 76%] Building CXX object src/server/game/CMakeFiles/game.dir/Skills/SkillDiscovery.cpp.o
#17 38.98 [ 76%] Building CXX object src/server/game/CMakeFiles/game.dir/Skills/SkillExtraItems.cpp.o
#17 39.00 [ 76%] Building CXX object src/server/scripts/CMakeFiles/scripts.dir/Northrend/ChamberOfAspects/RubySanctum/boss_baltharus_the_warborn.cpp.o
#17 39.00 [ 76%] Building CXX object src/server/game/CMakeFiles/game.dir/Spells/SpellEffects.cpp.o
#17 39.00 [ 76%] Building CXX object src/server/scripts/CMakeFiles/scripts.dir/Northrend/ChamberOfAspects/RubySanctum/boss_general_zarithrian.cpp.o
#17 39.00 [ 76%] Building CXX object src/server/game/CMakeFiles/game.dir/Spells/Spell.cpp.o
#17 39.00 [ 76%] Building CXX object src/server/game/CMakeFiles/game.dir/Spells/SpellInfo.cpp.o
#17 39.00 [ 76%] Building CXX object src/server/scripts/CMakeFiles/scripts.dir/Northrend/ChamberOfAspects/RubySanctum/boss_saviana_ragefire.cpp.o
#17 39.01 [ 76%] Building CXX object src/server/scripts/CMakeFiles/scripts.dir/Northrend/ChamberOfAspects/RubySanctum/boss_halion.cpp.o
#17 39.01 [ 77%] Building CXX object src/server/game/CMakeFiles/game.dir/Spells/SpellInfoCorrections.cpp.o
#17 39.01 [ 77%] Building CXX object src/server/game/CMakeFiles/game.dir/Spells/SpellMgr.cpp.o
#17 39.02 [ 77%] Building CXX object src/server/scripts/CMakeFiles/scripts.dir/Northrend/ChamberOfAspects/RubySanctum/instance_ruby_sanctum.cpp.o
#17 39.03 [ 77%] Building CXX object src/server/game/CMakeFiles/game.dir/Spells/SpellScript.cpp.o
#17 39.03 [ 77%] Building CXX object src/server/scripts/CMakeFiles/scripts.dir/Northrend/CrusadersColiseum/TrialOfTheChampion/boss_black_knight.cpp.o
#17 39.03 [ 77%] Building CXX object src/server/scripts/CMakeFiles/scripts.dir/Northrend/CrusadersColiseum/TrialOfTheChampion/boss_argent_challenge.cpp.o
#17 39.04 [ 77%] Building CXX object src/server/game/CMakeFiles/game.dir/Spells/Auras/SpellAuraEffects.cpp.o
#17 39.05 [ 77%] Building CXX object src/server/scripts/CMakeFiles/scripts.dir/Northrend/CrusadersColiseum/TrialOfTheChampion/boss_grand_champions.cpp.o
#17 39.05 [ 77%] Building CXX object src/server/game/CMakeFiles/game.dir/Spells/Auras/SpellAuras.cpp.o
#17 39.06 [ 77%] Building CXX object src/server/scripts/CMakeFiles/scripts.dir/Northrend/CrusadersColiseum/TrialOfTheChampion/instance_trial_of_the_champion.cpp.o
#17 39.06 [ 77%] Building CXX object src/server/game/CMakeFiles/game.dir/Texts/ChatTextBuilder.cpp.o
#17 39.07 [ 77%] Building CXX object src/server/game/CMakeFiles/game.dir/Texts/CreatureTextMgr.cpp.o
#17 39.08 [ 77%] Building CXX object src/server/game/CMakeFiles/game.dir/Time/GameTime.cpp.o
#17 39.08 [ 77%] Building CXX object src/server/game/CMakeFiles/game.dir/Tickets/TicketMgr.cpp.o
#17 39.08 [ 77%] Building CXX object src/server/game/CMakeFiles/game.dir/Time/UpdateTime.cpp.o
#17 39.09 [ 77%] Building CXX object src/server/scripts/CMakeFiles/scripts.dir/Northrend/CrusadersColiseum/TrialOfTheChampion/trial_of_the_champion.cpp.o
#17 39.09 [ 77%] Building CXX object src/server/game/CMakeFiles/game.dir/Tools/CharacterDatabaseCleaner.cpp.o
#17 39.10 [ 78%] Building CXX object src/server/scripts/CMakeFiles/scripts.dir/Northrend/CrusadersColiseum/TrialOfTheCrusader/boss_anubarak_trial.cpp.o
#17 39.10 [ 78%] Built target modules
#17 39.10 [ 78%] Building CXX object src/server/game/CMakeFiles/game.dir/Tools/PlayerDump.cpp.o
#17 39.11 [ 78%] Building CXX object src/server/scripts/CMakeFiles/scripts.dir/Northrend/CrusadersColiseum/TrialOfTheCrusader/boss_twin_valkyr.cpp.o
#17 39.11 [ 78%] Building CXX object src/server/scripts/CMakeFiles/scripts.dir/Northrend/CrusadersColiseum/TrialOfTheCrusader/instance_trial_of_the_crusader.cpp.o
#17 39.11 [ 78%] Building CXX object src/server/scripts/CMakeFiles/scripts.dir/Northrend/CrusadersColiseum/TrialOfTheCrusader/boss_lord_jaraxxus.cpp.o
#17 39.11 [ 78%] Building CXX object src/server/scripts/CMakeFiles/scripts.dir/Northrend/CrusadersColiseum/TrialOfTheCrusader/boss_faction_champions.cpp.o
#17 39.11 [ 78%] Building CXX object src/server/scripts/CMakeFiles/scripts.dir/Northrend/CrusadersColiseum/TrialOfTheCrusader/boss_northrend_beasts.cpp.o
#17 39.12 [ 78%] Building CXX object src/server/game/CMakeFiles/game.dir/Warden/Warden.cpp.o
#17 39.12 [ 78%] Building CXX object src/server/scripts/CMakeFiles/scripts.dir/Northrend/CrusadersColiseum/TrialOfTheCrusader/trial_of_the_crusader.cpp.o
#17 39.13 [ 78%] Building CXX object src/server/scripts/CMakeFiles/scripts.dir/Northrend/DraktharonKeep/boss_dred.cpp.o
#17 39.13 [ 79%] Building CXX object src/server/game/CMakeFiles/game.dir/Warden/WardenCheckMgr.cpp.o
#17 39.13 [ 79%] Building CXX object src/server/scripts/CMakeFiles/scripts.dir/Northrend/DraktharonKeep/boss_novos.cpp.o
#17 39.13 [ 79%] Building CXX object src/server/scripts/CMakeFiles/scripts.dir/Northrend/DraktharonKeep/boss_tharon_ja.cpp.o
#17 39.13 [ 79%] Building CXX object src/server/game/CMakeFiles/game.dir/Warden/WardenPayloadMgr.cpp.o
#17 39.14 [ 79%] Building CXX object src/server/game/CMakeFiles/game.dir/Warden/WardenMac.cpp.o
#17 39.14 [ 79%] Building CXX object src/server/game/CMakeFiles/game.dir/Warden/WardenWin.cpp.o
#17 39.14 [ 79%] Building CXX object src/server/game/CMakeFiles/game.dir/Warden/enuminfo_WardenCheckMgr.cpp.o
#17 39.15 [ 79%] Building CXX object src/server/scripts/CMakeFiles/scripts.dir/Northrend/FrozenHalls/ForgeOfSouls/boss_bronjahm.cpp.o
#17 39.15 [ 79%] Building CXX object src/server/scripts/CMakeFiles/scripts.dir/Northrend/DraktharonKeep/instance_drak_tharon_keep.cpp.o
#17 39.15 [ 79%] Building CXX object src/server/scripts/CMakeFiles/scripts.dir/Northrend/DraktharonKeep/boss_trollgore.cpp.o
#17 39.15 [ 80%] Building CXX object src/server/scripts/CMakeFiles/scripts.dir/Northrend/FrozenHalls/ForgeOfSouls/boss_devourer_of_souls.cpp.o
#17 39.16 [ 80%] Building CXX object src/server/scripts/CMakeFiles/scripts.dir/Northrend/FrozenHalls/ForgeOfSouls/forge_of_souls.cpp.o
#17 39.17 [ 80%] Building CXX object src/server/game/CMakeFiles/game.dir/Weather/Weather.cpp.o
#17 39.19 [ 80%] Building CXX object src/server/scripts/CMakeFiles/scripts.dir/Northrend/FrozenHalls/HallsOfReflection/boss_marwyn.cpp.o
#17 39.19 [ 80%] Building CXX object src/server/game/CMakeFiles/game.dir/Weather/WeatherMgr.cpp.o
#17 39.19 [ 80%] Building CXX object src/server/scripts/CMakeFiles/scripts.dir/Northrend/FrozenHalls/HallsOfReflection/boss_falric.cpp.o
#17 39.19 [ 80%] Building CXX object src/server/scripts/CMakeFiles/scripts.dir/Northrend/FrozenHalls/ForgeOfSouls/instance_forge_of_souls.cpp.o
#17 39.19 [ 80%] Building CXX object src/server/game/CMakeFiles/game.dir/World/World.cpp.o
#17 39.20 [ 80%] Building CXX object src/server/scripts/CMakeFiles/scripts.dir/Northrend/FrozenHalls/HallsOfReflection/instance_halls_of_reflection.cpp.o
#17 39.20 [ 80%] Building CXX object src/server/game/CMakeFiles/game.dir/World/WorldConfig.cpp.o
#17 39.20 [ 80%] Building CXX object src/server/scripts/CMakeFiles/scripts.dir/Northrend/FrozenHalls/PitOfSaron/boss_forgemaster_garfrost.cpp.o
#17 39.20 [ 80%] Building CXX object src/server/game/CMakeFiles/game.dir/World/WorldState.cpp.o
#17 39.21 [ 80%] Building CXX object src/server/scripts/CMakeFiles/scripts.dir/Northrend/FrozenHalls/HallsOfReflection/halls_of_reflection.cpp.o
#17 39.21 [ 80%] Building CXX object src/server/scripts/CMakeFiles/scripts.dir/Northrend/FrozenHalls/PitOfSaron/boss_krickandick.cpp.o
#17 39.22 [ 80%] Building CXX object src/server/scripts/CMakeFiles/scripts.dir/Northrend/FrozenHalls/PitOfSaron/boss_scourgelord_tyrannus.cpp.o
#17 39.22 [ 80%] Building CXX object src/server/scripts/CMakeFiles/scripts.dir/Northrend/FrozenHalls/PitOfSaron/instance_pit_of_saron.cpp.o
#17 39.22 [ 80%] Building CXX object src/server/scripts/CMakeFiles/scripts.dir/Northrend/FrozenHalls/PitOfSaron/pit_of_saron.cpp.o
#17 39.23 [ 80%] Building CXX object src/server/scripts/CMakeFiles/scripts.dir/Northrend/Gundrak/boss_drakkari_colossus.cpp.o
#17 39.23 [ 81%] Building CXX object src/server/scripts/CMakeFiles/scripts.dir/Northrend/Gundrak/boss_eck.cpp.o
#17 39.24 [ 81%] Building CXX object src/server/scripts/CMakeFiles/scripts.dir/Northrend/Gundrak/boss_gal_darah.cpp.o
#17 39.24 [ 81%] Building CXX object src/server/scripts/CMakeFiles/scripts.dir/Northrend/Gundrak/boss_slad_ran.cpp.o
#17 39.25 [ 81%] Building CXX object src/server/scripts/CMakeFiles/scripts.dir/Northrend/Gundrak/instance_gundrak.cpp.o
#17 39.25 [ 81%] Building CXX object src/server/scripts/CMakeFiles/scripts.dir/Northrend/IcecrownCitadel/boss_blood_prince_council.cpp.o
#17 39.25 [ 81%] Building CXX object src/server/scripts/CMakeFiles/scripts.dir/Northrend/Gundrak/boss_moorabi.cpp.o
#17 39.26 [ 81%] Building CXX object src/server/scripts/CMakeFiles/scripts.dir/Northrend/IcecrownCitadel/boss_icecrown_gunship_battle.cpp.o
#17 39.26 [ 81%] Building CXX object src/server/scripts/CMakeFiles/scripts.dir/Northrend/IcecrownCitadel/boss_blood_queen_lana_thel.cpp.o
#17 39.26 [ 81%] Building CXX object src/server/scripts/CMakeFiles/scripts.dir/Northrend/IcecrownCitadel/boss_festergut.cpp.o
#17 39.26 [ 81%] Building CXX object src/server/scripts/CMakeFiles/scripts.dir/Northrend/IcecrownCitadel/boss_deathbringer_saurfang.cpp.o
#17 39.26 [ 81%] Building CXX object src/server/scripts/CMakeFiles/scripts.dir/Northrend/IcecrownCitadel/boss_lady_deathwhisper.cpp.o
#17 39.27 [ 81%] Building CXX object src/server/scripts/CMakeFiles/scripts.dir/Northrend/IcecrownCitadel/boss_lord_marrowgar.cpp.o
#17 39.29 [ 81%] Building CXX object src/server/scripts/CMakeFiles/scripts.dir/Northrend/IcecrownCitadel/boss_valithria_dreamwalker.cpp.o
#17 39.29 [ 81%] Building CXX object src/server/scripts/CMakeFiles/scripts.dir/Northrend/IcecrownCitadel/boss_rotface.cpp.o
#17 39.29 [ 82%] Building CXX object src/server/scripts/CMakeFiles/scripts.dir/Northrend/IcecrownCitadel/boss_sindragosa.cpp.o
#17 39.29 [ 82%] Building CXX object src/server/scripts/CMakeFiles/scripts.dir/Northrend/IcecrownCitadel/boss_the_lich_king.cpp.o
#17 39.29 [ 81%] Building CXX object src/server/scripts/CMakeFiles/scripts.dir/Northrend/IcecrownCitadel/boss_professor_putricide.cpp.o
#17 39.29 [ 82%] Building CXX object src/server/scripts/CMakeFiles/scripts.dir/Northrend/IcecrownCitadel/icecrown_citadel_teleport.cpp.o
#17 39.30 [ 82%] Building CXX object src/server/scripts/CMakeFiles/scripts.dir/Northrend/IcecrownCitadel/icecrown_citadel.cpp.o
#17 39.30 [ 82%] Building CXX object src/server/scripts/CMakeFiles/scripts.dir/Northrend/IcecrownCitadel/instance_icecrown_citadel.cpp.o
#17 39.31 [ 82%] Building CXX object src/server/scripts/CMakeFiles/scripts.dir/Northrend/Naxxramas/boss_anubrekhan.cpp.o
#17 39.31 [ 82%] Building CXX object src/server/scripts/CMakeFiles/scripts.dir/Northrend/Naxxramas/boss_faerlina.cpp.o
#17 39.32 [ 82%] Linking CXX static library libgame.a
#17 39.32 [ 82%] Building CXX object src/server/scripts/CMakeFiles/scripts.dir/Northrend/Naxxramas/boss_gothik.cpp.o
#17 39.33 [ 82%] Building CXX object src/server/scripts/CMakeFiles/scripts.dir/Northrend/Naxxramas/boss_four_horsemen.cpp.o
#17 39.33 [ 82%] Building CXX object src/server/scripts/CMakeFiles/scripts.dir/Northrend/Naxxramas/boss_grobbulus.cpp.o
#17 39.33 [ 82%] Building CXX object src/server/scripts/CMakeFiles/scripts.dir/Northrend/Naxxramas/boss_heigan.cpp.o
#17 39.34 [ 82%] Building CXX object src/server/scripts/CMakeFiles/scripts.dir/Northrend/Naxxramas/boss_gluth.cpp.o
#17 39.34 [ 82%] Building CXX object src/server/scripts/CMakeFiles/scripts.dir/Northrend/Naxxramas/boss_maexxna.cpp.o
#17 39.34 [ 83%] Building CXX object src/server/scripts/CMakeFiles/scripts.dir/Northrend/Naxxramas/boss_kelthuzad.cpp.o
#17 39.34 [ 83%] Building CXX object src/server/scripts/CMakeFiles/scripts.dir/Northrend/Naxxramas/boss_noth.cpp.o
#17 39.35 [ 83%] Building CXX object src/server/scripts/CMakeFiles/scripts.dir/Northrend/Naxxramas/boss_loatheb.cpp.o
#17 39.35 [ 83%] Building CXX object src/server/scripts/CMakeFiles/scripts.dir/Northrend/Naxxramas/boss_patchwerk.cpp.o
#17 39.37 [ 83%] Building CXX object src/server/scripts/CMakeFiles/scripts.dir/Northrend/Naxxramas/boss_razuvious.cpp.o
#17 39.37 [ 83%] Building CXX object src/server/scripts/CMakeFiles/scripts.dir/Northrend/Naxxramas/boss_thaddius.cpp.o
#17 39.38 [ 83%] Building CXX object src/server/scripts/CMakeFiles/scripts.dir/Northrend/Naxxramas/boss_sapphiron.cpp.o
#17 39.38 [ 83%] Building CXX object src/server/scripts/CMakeFiles/scripts.dir/Northrend/Naxxramas/instance_naxxramas.cpp.o
#17 39.39 [ 83%] Building CXX object src/server/scripts/CMakeFiles/scripts.dir/Northrend/Nexus/EyeOfEternity/instance_eye_of_eternity.cpp.o
#17 39.39 [ 83%] Building CXX object src/server/scripts/CMakeFiles/scripts.dir/Northrend/Nexus/EyeOfEternity/boss_malygos.cpp.o
#17 39.41 [ 83%] Building CXX object src/server/scripts/CMakeFiles/scripts.dir/Northrend/Nexus/Nexus/boss_commander_stoutbeard_kolurg.cpp.o
#17 39.41 [ 83%] Building CXX object src/server/scripts/CMakeFiles/scripts.dir/Northrend/Nexus/Nexus/boss_magus_telestra.cpp.o
#17 39.41 [ 83%] Building CXX object src/server/scripts/CMakeFiles/scripts.dir/Northrend/Nexus/Nexus/instance_nexus.cpp.o
#17 39.41 [ 83%] Building CXX object src/server/scripts/CMakeFiles/scripts.dir/Northrend/Nexus/Nexus/boss_ormorok.cpp.o
#17 39.41 [ 83%] Building CXX object src/server/scripts/CMakeFiles/scripts.dir/Northrend/Nexus/Oculus/boss_drakos.cpp.o
#17 39.42 [ 84%] Building CXX object src/server/scripts/CMakeFiles/scripts.dir/Northrend/Nexus/Nexus/boss_keristrasza.cpp.o
#17 39.42 [ 84%] Building CXX object src/server/scripts/CMakeFiles/scripts.dir/Northrend/Nexus/Nexus/boss_anomalus.cpp.o
#17 39.42 [ 84%] Building CXX object src/server/scripts/CMakeFiles/scripts.dir/Northrend/Ulduar/HallsOfLightning/boss_bjarngrim.cpp.o
#17 39.42 [ 84%] Building CXX object src/server/scripts/CMakeFiles/scripts.dir/Northrend/Nexus/Oculus/boss_eregos.cpp.o
#17 39.42 [ 84%] Building CXX object src/server/scripts/CMakeFiles/scripts.dir/Northrend/Nexus/Oculus/boss_urom.cpp.o
#17 39.42 [ 84%] Building CXX object src/server/scripts/CMakeFiles/scripts.dir/Northrend/Nexus/Oculus/boss_varos.cpp.o
#17 39.42 [ 84%] Building CXX object src/server/scripts/CMakeFiles/scripts.dir/Northrend/Ulduar/HallsOfLightning/boss_ionar.cpp.o
#17 39.42 [ 84%] Building CXX object src/server/scripts/CMakeFiles/scripts.dir/Northrend/Nexus/Oculus/oculus.cpp.o
#17 39.42 [ 84%] Building CXX object src/server/scripts/CMakeFiles/scripts.dir/Northrend/Nexus/Oculus/instance_oculus.cpp.o
#17 39.43 [ 84%] Building CXX object src/server/scripts/CMakeFiles/scripts.dir/Northrend/Ulduar/HallsOfLightning/boss_loken.cpp.o
#17 39.45 [ 84%] Building CXX object src/server/scripts/CMakeFiles/scripts.dir/Northrend/Ulduar/HallsOfLightning/instance_halls_of_lightning.cpp.o
#17 39.45 [ 85%] Building CXX object src/server/scripts/CMakeFiles/scripts.dir/Northrend/Ulduar/HallsOfLightning/boss_volkhan.cpp.o
#17 39.46 [ 85%] Building CXX object src/server/scripts/CMakeFiles/scripts.dir/Northrend/Ulduar/HallsOfStone/boss_krystallus.cpp.o
#17 39.48 [ 85%] Building CXX object src/server/scripts/CMakeFiles/scripts.dir/Northrend/Ulduar/HallsOfStone/boss_maiden_of_grief.cpp.o
#17 39.48 [ 85%] Building CXX object src/server/scripts/CMakeFiles/scripts.dir/Northrend/Ulduar/HallsOfStone/instance_halls_of_stone.cpp.o
#17 39.48 [ 85%] Building CXX object src/server/scripts/CMakeFiles/scripts.dir/Northrend/Ulduar/HallsOfStone/brann_bronzebeard.cpp.o
#17 39.49 [ 85%] Building CXX object src/server/scripts/CMakeFiles/scripts.dir/Northrend/Ulduar/Ulduar/boss_algalon_the_observer.cpp.o
#17 39.49 [ 85%] Building CXX object src/server/scripts/CMakeFiles/scripts.dir/Northrend/Ulduar/HallsOfStone/boss_sjonnir.cpp.o
#17 39.49 [ 85%] Building CXX object src/server/scripts/CMakeFiles/scripts.dir/Northrend/Ulduar/Ulduar/boss_assembly_of_iron.cpp.o
#17 39.51 [ 85%] Building CXX object src/server/scripts/CMakeFiles/scripts.dir/Northrend/Ulduar/Ulduar/boss_freya.cpp.o
#17 39.51 [ 85%] Building CXX object src/server/scripts/CMakeFiles/scripts.dir/Northrend/Ulduar/Ulduar/boss_hodir.cpp.o
#17 39.51 [ 85%] Building CXX object src/server/scripts/CMakeFiles/scripts.dir/Northrend/Ulduar/Ulduar/boss_auriaya.cpp.o
#17 39.51 [ 86%] Building CXX object src/server/scripts/CMakeFiles/scripts.dir/Northrend/Ulduar/Ulduar/boss_general_vezax.cpp.o
#17 39.51 [ 86%] Building CXX object src/server/scripts/CMakeFiles/scripts.dir/Northrend/Ulduar/Ulduar/boss_flame_leviathan.cpp.o
#17 39.51 [ 86%] Building CXX object src/server/scripts/CMakeFiles/scripts.dir/Northrend/Ulduar/Ulduar/boss_mimiron.cpp.o
#17 39.52 [ 86%] Building CXX object src/server/scripts/CMakeFiles/scripts.dir/Northrend/Ulduar/Ulduar/boss_kologarn.cpp.o
#17 39.52 [ 86%] Building CXX object src/server/scripts/CMakeFiles/scripts.dir/Northrend/Ulduar/Ulduar/boss_xt002.cpp.o
#17 39.52 [ 86%] Building CXX object src/server/scripts/CMakeFiles/scripts.dir/Northrend/Ulduar/Ulduar/boss_thorim.cpp.o
#17 39.52 [ 86%] Building CXX object src/server/scripts/CMakeFiles/scripts.dir/Northrend/Ulduar/Ulduar/boss_ignis.cpp.o
#17 39.52 [ 86%] Building CXX object src/server/scripts/CMakeFiles/scripts.dir/Northrend/Ulduar/Ulduar/boss_yoggsaron.cpp.o
#17 39.53 [ 86%] Building CXX object src/server/scripts/CMakeFiles/scripts.dir/Northrend/Ulduar/Ulduar/instance_ulduar.cpp.o
#17 39.53 [ 86%] Building CXX object src/server/scripts/CMakeFiles/scripts.dir/Northrend/Ulduar/Ulduar/boss_razorscale.cpp.o
#17 39.53 [ 86%] Building CXX object src/server/scripts/CMakeFiles/scripts.dir/Northrend/Ulduar/Ulduar/ulduar.cpp.o
#17 39.54 [ 86%] Building CXX object src/server/scripts/CMakeFiles/scripts.dir/Northrend/UtgardeKeep/UtgardeKeep/boss_ingvar_the_plunderer.cpp.o
#17 39.56 [ 86%] Building CXX object src/server/scripts/CMakeFiles/scripts.dir/Northrend/UtgardeKeep/UtgardeKeep/boss_keleseth.cpp.o
#17 39.56 [ 86%] Building CXX object src/server/scripts/CMakeFiles/scripts.dir/Northrend/UtgardeKeep/UtgardeKeep/instance_utgarde_keep.cpp.o
#17 39.56 [ 86%] Building CXX object src/server/scripts/CMakeFiles/scripts.dir/Northrend/UtgardeKeep/UtgardeKeep/boss_skarvald_dalronn.cpp.o
#17 39.57 [ 87%] Building CXX object src/server/scripts/CMakeFiles/scripts.dir/Northrend/UtgardeKeep/UtgardeKeep/utgarde_keep.cpp.o
#17 39.59 [ 87%] Building CXX object src/server/scripts/CMakeFiles/scripts.dir/Northrend/UtgardeKeep/UtgardePinnacle/boss_skadi.cpp.o
#17 39.59 [ 87%] Building CXX object src/server/scripts/CMakeFiles/scripts.dir/Northrend/UtgardeKeep/UtgardePinnacle/boss_svala.cpp.o
#17 39.59 [ 87%] Building CXX object src/server/scripts/CMakeFiles/scripts.dir/Northrend/UtgardeKeep/UtgardePinnacle/boss_palehoof.cpp.o
#17 39.59 [ 87%] Building CXX object src/server/scripts/CMakeFiles/scripts.dir/Northrend/UtgardeKeep/UtgardePinnacle/utgarde_pinnacle.cpp.o
#17 39.60 [ 87%] Building CXX object src/server/scripts/CMakeFiles/scripts.dir/Northrend/UtgardeKeep/UtgardePinnacle/instance_utgarde_pinnacle.cpp.o
#17 39.60 [ 87%] Building CXX object src/server/scripts/CMakeFiles/scripts.dir/Northrend/UtgardeKeep/UtgardePinnacle/boss_ymiron.cpp.o
#17 39.61 [ 87%] Building CXX object src/server/scripts/CMakeFiles/scripts.dir/Northrend/VaultOfArchavon/boss_archavon.cpp.o
#17 39.61 [ 87%] Building CXX object src/server/scripts/CMakeFiles/scripts.dir/Northrend/VaultOfArchavon/boss_emalon.cpp.o
#17 39.61 [ 87%] Building CXX object src/server/scripts/CMakeFiles/scripts.dir/Northrend/VaultOfArchavon/boss_koralon.cpp.o
#17 39.62 [ 87%] Building CXX object src/server/scripts/CMakeFiles/scripts.dir/Northrend/VaultOfArchavon/boss_toravon.cpp.o
#17 39.63 [ 87%] Building CXX object src/server/scripts/CMakeFiles/scripts.dir/Northrend/VaultOfArchavon/instance_vault_of_archavon.cpp.o
#17 39.63 [ 88%] Building CXX object src/server/scripts/CMakeFiles/scripts.dir/Northrend/VioletHold/boss_cyanigosa.cpp.o
#17 39.63 [ 88%] Building CXX object src/server/scripts/CMakeFiles/scripts.dir/Northrend/VioletHold/boss_ichoron.cpp.o
#17 39.64 [ 88%] Building CXX object src/server/scripts/CMakeFiles/scripts.dir/Northrend/VioletHold/boss_moragg.cpp.o
#17 39.64 [ 88%] Building CXX object src/server/scripts/CMakeFiles/scripts.dir/Northrend/VioletHold/boss_lavanthor.cpp.o
#17 39.64 [ 88%] Building CXX object src/server/scripts/CMakeFiles/scripts.dir/Northrend/VioletHold/boss_erekem.cpp.o
#17 39.64 [ 88%] Building CXX object src/server/scripts/CMakeFiles/scripts.dir/Northrend/VioletHold/boss_xevozz.cpp.o
#17 39.65 [ 88%] Building CXX object src/server/scripts/CMakeFiles/scripts.dir/Northrend/VioletHold/boss_zuramat.cpp.o
#17 39.66 [ 88%] Building CXX object src/server/scripts/CMakeFiles/scripts.dir/Northrend/VioletHold/violet_hold.cpp.o
#17 39.66 [ 88%] Building CXX object src/server/scripts/CMakeFiles/scripts.dir/Northrend/VioletHold/instance_violet_hold.cpp.o
#17 39.66 [ 88%] Building CXX object src/server/scripts/CMakeFiles/scripts.dir/OutdoorPvP/OutdoorPvPNA.cpp.o
#17 39.66 [ 88%] Building CXX object src/server/scripts/CMakeFiles/scripts.dir/OutdoorPvP/OutdoorPvPHP.cpp.o
#17 39.66 [ 88%] Building CXX object src/server/scripts/CMakeFiles/scripts.dir/OutdoorPvP/OutdoorPvPEP.cpp.o
#17 39.67 [ 88%] Building CXX object src/server/scripts/CMakeFiles/scripts.dir/OutdoorPvP/OutdoorPvPGH.cpp.o
#17 39.67 [ 88%] Building CXX object src/server/scripts/CMakeFiles/scripts.dir/OutdoorPvP/OutdoorPvPSI.cpp.o
#17 39.69 [ 89%] Building CXX object src/server/scripts/CMakeFiles/scripts.dir/OutdoorPvP/OutdoorPvPTF.cpp.o
#17 39.69 [ 89%] Building CXX object src/server/scripts/CMakeFiles/scripts.dir/OutdoorPvP/OutdoorPvPZM.cpp.o
#17 39.70 [ 89%] Building CXX object src/server/scripts/CMakeFiles/scripts.dir/OutdoorPvP/outdoorpvp_script_loader.cpp.o
#17 39.70 [ 89%] Building CXX object src/server/scripts/CMakeFiles/scripts.dir/Outland/boss_doomlord_kazzak.cpp.o
#17 39.71 [ 89%] Building CXX object src/server/scripts/CMakeFiles/scripts.dir/Outland/boss_doomwalker.cpp.o
#17 39.71 [ 89%] Building CXX object src/server/scripts/CMakeFiles/scripts.dir/Outland/zone_blades_edge_mountains.cpp.o
#17 39.71 [ 89%] Building CXX object src/server/scripts/CMakeFiles/scripts.dir/Outland/outland_script_loader.cpp.o
#17 39.72 [ 89%] Building CXX object src/server/scripts/CMakeFiles/scripts.dir/Outland/zone_hellfire_peninsula.cpp.o
#17 39.72 [ 89%] Building CXX object src/server/scripts/CMakeFiles/scripts.dir/Outland/zone_netherstorm.cpp.o
#17 39.73 [ 89%] Building CXX object src/server/scripts/CMakeFiles/scripts.dir/Outland/zone_shadowmoon_valley.cpp.o
#17 39.73 [ 89%] Building CXX object src/server/scripts/CMakeFiles/scripts.dir/Outland/Auchindoun/AuchenaiCrypts/boss_exarch_maladaar.cpp.o
#17 39.73 [ 89%] Building CXX object src/server/scripts/CMakeFiles/scripts.dir/Outland/zone_nagrand.cpp.o
#17 39.74 [ 89%] Building CXX object src/server/scripts/CMakeFiles/scripts.dir/Outland/zone_terokkar_forest.cpp.o
#17 39.74 [ 89%] Building CXX object src/server/scripts/CMakeFiles/scripts.dir/Outland/zone_shattrath_city.cpp.o
#17 39.74 [ 89%] Building CXX object src/server/scripts/CMakeFiles/scripts.dir/Outland/Auchindoun/AuchenaiCrypts/instance_auchenai_crypts.cpp.o
#17 39.74 [ 90%] Building CXX object src/server/scripts/CMakeFiles/scripts.dir/Outland/Auchindoun/AuchenaiCrypts/boss_shirrak_the_dead_watcher.cpp.o
#17 39.76 [ 90%] Building CXX object src/server/scripts/CMakeFiles/scripts.dir/Outland/Auchindoun/ManaTombs/instance_mana_tombs.cpp.o
#17 39.76 [ 90%] Building CXX object src/server/scripts/CMakeFiles/scripts.dir/Outland/Auchindoun/ManaTombs/boss_nexusprince_shaffar.cpp.o
#17 39.77 [ 90%] Building CXX object src/server/scripts/CMakeFiles/scripts.dir/Outland/Auchindoun/SethekkHalls/instance_sethekk_halls.cpp.o
#17 39.77 [ 90%] Building CXX object src/server/scripts/CMakeFiles/scripts.dir/Outland/Auchindoun/SethekkHalls/boss_darkweaver_syth.cpp.o
#17 39.77 [ 90%] Building CXX object src/server/scripts/CMakeFiles/scripts.dir/Outland/Auchindoun/ManaTombs/boss_tavarok.cpp.o
#17 39.77 [ 90%] Building CXX object src/server/scripts/CMakeFiles/scripts.dir/Outland/Auchindoun/ManaTombs/boss_pandemonius.cpp.o
#17 39.77 [ 90%] Building CXX object src/server/scripts/CMakeFiles/scripts.dir/Outland/Auchindoun/SethekkHalls/boss_anzu.cpp.o
#17 39.78 [ 90%] Building CXX object src/server/scripts/CMakeFiles/scripts.dir/Outland/Auchindoun/SethekkHalls/boss_talon_king_ikiss.cpp.o
#17 39.79 [ 90%] Building CXX object src/server/scripts/CMakeFiles/scripts.dir/Outland/Auchindoun/ShadowLabyrinth/boss_ambassador_hellmaw.cpp.o
#17 39.80 [ 90%] Building CXX object src/server/scripts/CMakeFiles/scripts.dir/Outland/Auchindoun/ShadowLabyrinth/boss_blackheart_the_inciter.cpp.o
#17 39.81 [ 90%] Building CXX object src/server/scripts/CMakeFiles/scripts.dir/Outland/Auchindoun/ShadowLabyrinth/instance_shadow_labyrinth.cpp.o
#17 39.81 [ 90%] Building CXX object src/server/scripts/CMakeFiles/scripts.dir/Outland/Auchindoun/ShadowLabyrinth/boss_grandmaster_vorpil.cpp.o
#17 39.81 [ 90%] Building CXX object src/server/scripts/CMakeFiles/scripts.dir/Outland/BlackTemple/boss_illidari_council.cpp.o
#17 39.81 [ 91%] Building CXX object src/server/scripts/CMakeFiles/scripts.dir/Outland/BlackTemple/boss_bloodboil.cpp.o
#17 39.81 [ 91%] Building CXX object src/server/scripts/CMakeFiles/scripts.dir/Outland/Auchindoun/ShadowLabyrinth/boss_murmur.cpp.o
#17 39.81 [ 91%] Building CXX object src/server/scripts/CMakeFiles/scripts.dir/Outland/BlackTemple/boss_illidan.cpp.o
#17 39.82 [ 91%] Building CXX object src/server/scripts/CMakeFiles/scripts.dir/Outland/BlackTemple/boss_reliquary_of_souls.cpp.o
#17 39.82 [ 91%] Building CXX object src/server/scripts/CMakeFiles/scripts.dir/Outland/BlackTemple/boss_mother_shahraz.cpp.o
#17 39.84 [ 91%] Building CXX object src/server/scripts/CMakeFiles/scripts.dir/Outland/BlackTemple/boss_teron_gorefiend.cpp.o
#17 39.84 [ 91%] Building CXX object src/server/scripts/CMakeFiles/scripts.dir/Outland/BlackTemple/boss_shade_of_akama.cpp.o
#17 39.85 [ 91%] Building CXX object src/server/scripts/CMakeFiles/scripts.dir/Outland/BlackTemple/boss_supremus.cpp.o
#17 39.85 [ 91%] Building CXX object src/server/scripts/CMakeFiles/scripts.dir/Outland/BlackTemple/boss_warlord_najentus.cpp.o
#17 39.86 [ 91%] Building CXX object src/server/scripts/CMakeFiles/scripts.dir/Outland/CoilfangReservoir/SerpentShrine/boss_fathomlord_karathress.cpp.o
#17 39.86 [ 92%] Building CXX object src/server/scripts/CMakeFiles/scripts.dir/Outland/BlackTemple/instance_black_temple.cpp.o
#17 39.86 [ 92%] Building CXX object src/server/scripts/CMakeFiles/scripts.dir/Outland/CoilfangReservoir/SerpentShrine/boss_hydross_the_unstable.cpp.o
#17 39.86 [ 92%] Building CXX object src/server/scripts/CMakeFiles/scripts.dir/Outland/CoilfangReservoir/SerpentShrine/boss_lady_vashj.cpp.o
#17 39.86 [ 92%] Building CXX object src/server/scripts/CMakeFiles/scripts.dir/Outland/CoilfangReservoir/SerpentShrine/boss_leotheras_the_blind.cpp.o
#17 39.87 [ 92%] Building CXX object src/server/scripts/CMakeFiles/scripts.dir/Outland/CoilfangReservoir/SerpentShrine/boss_lurker_below.cpp.o
#17 39.87 [ 92%] Building CXX object src/server/scripts/CMakeFiles/scripts.dir/Outland/CoilfangReservoir/SerpentShrine/boss_morogrim_tidewalker.cpp.o
#17 39.89 [ 92%] Building CXX object src/server/scripts/CMakeFiles/scripts.dir/Outland/CoilfangReservoir/SerpentShrine/instance_serpent_shrine.cpp.o
#17 39.89 [ 92%] Building CXX object src/server/scripts/CMakeFiles/scripts.dir/Outland/CoilfangReservoir/SlavePens/boss_ahune.cpp.o
#17 39.90 [ 92%] Building CXX object src/server/scripts/CMakeFiles/scripts.dir/Outland/CoilfangReservoir/SlavePens/boss_quagmirran.cpp.o
#17 39.90 [ 92%] Building CXX object src/server/scripts/CMakeFiles/scripts.dir/Outland/CoilfangReservoir/SlavePens/boss_rokmar_the_crackler.cpp.o
#17 39.90 [ 92%] Building CXX object src/server/scripts/CMakeFiles/scripts.dir/Outland/CoilfangReservoir/SlavePens/instance_the_slave_pens.cpp.o
#17 39.90 [ 92%] Building CXX object src/server/scripts/CMakeFiles/scripts.dir/Outland/CoilfangReservoir/SlavePens/boss_mennu_the_betrayer.cpp.o
#17 39.90 [ 92%] Building CXX object src/server/scripts/CMakeFiles/scripts.dir/Outland/CoilfangReservoir/SlavePens/the_slave_pens.cpp.o
#17 39.91 [ 92%] Building CXX object src/server/scripts/CMakeFiles/scripts.dir/Outland/CoilfangReservoir/SteamVault/boss_hydromancer_thespia.cpp.o
#17 39.92 [ 93%] Building CXX object src/server/scripts/CMakeFiles/scripts.dir/Outland/CoilfangReservoir/SteamVault/boss_mekgineer_steamrigger.cpp.o
#17 39.94 [ 93%] Building CXX object src/server/scripts/CMakeFiles/scripts.dir/Outland/CoilfangReservoir/underbog/boss_hungarfen.cpp.o
#17 39.94 [ 93%] Building CXX object src/server/scripts/CMakeFiles/scripts.dir/Outland/CoilfangReservoir/SteamVault/boss_warlord_kalithresh.cpp.o
#17 39.94 [ 93%] Building CXX object src/server/scripts/CMakeFiles/scripts.dir/Outland/CoilfangReservoir/SteamVault/instance_steam_vault.cpp.o
#17 39.95 [ 93%] Building CXX object src/server/scripts/CMakeFiles/scripts.dir/Outland/CoilfangReservoir/underbog/boss_ghazan.cpp.o
#17 39.95 [ 93%] Building CXX object src/server/scripts/CMakeFiles/scripts.dir/Outland/CoilfangReservoir/underbog/instance_the_underbog.cpp.o
#17 39.95 [ 93%] Building CXX object src/server/scripts/CMakeFiles/scripts.dir/Outland/CoilfangReservoir/underbog/boss_swamplord_muselek.cpp.o
#17 39.95 [ 93%] Building CXX object src/server/scripts/CMakeFiles/scripts.dir/Outland/CoilfangReservoir/underbog/boss_the_black_stalker.cpp.o
#17 39.96 [ 93%] Building CXX object src/server/scripts/CMakeFiles/scripts.dir/Outland/CoilfangReservoir/underbog/underbog.cpp.o
#17 39.97 [ 93%] Building CXX object src/server/scripts/CMakeFiles/scripts.dir/Outland/GruulsLair/boss_gruul.cpp.o
#17 39.97 [ 93%] Building CXX object src/server/scripts/CMakeFiles/scripts.dir/Outland/GruulsLair/instance_gruuls_lair.cpp.o
#17 39.97 [ 93%] Building CXX object src/server/scripts/CMakeFiles/scripts.dir/Outland/GruulsLair/boss_high_king_maulgar.cpp.o
#17 39.97 [ 94%] Building CXX object src/server/scripts/CMakeFiles/scripts.dir/Outland/HellfireCitadel/BloodFurnace/boss_the_maker.cpp.o
#17 39.97 [ 94%] Building CXX object src/server/scripts/CMakeFiles/scripts.dir/Outland/HellfireCitadel/BloodFurnace/boss_kelidan_the_breaker.cpp.o
#17 39.98 [ 94%] Building CXX object src/server/scripts/CMakeFiles/scripts.dir/Outland/HellfireCitadel/BloodFurnace/boss_broggok.cpp.o
#17 39.98 [ 94%] Building CXX object src/server/scripts/CMakeFiles/scripts.dir/Outland/HellfireCitadel/HellfireRamparts/boss_omor_the_unscarred.cpp.o
#17 39.98 [ 94%] Building CXX object src/server/scripts/CMakeFiles/scripts.dir/Outland/HellfireCitadel/BloodFurnace/instance_blood_furnace.cpp.o
#17 39.98 [ 94%] Building CXX object src/server/scripts/CMakeFiles/scripts.dir/Outland/HellfireCitadel/HellfireRamparts/boss_vazruden_the_herald.cpp.o
#17 39.99 [ 94%] Building CXX object src/server/scripts/CMakeFiles/scripts.dir/Outland/HellfireCitadel/HellfireRamparts/boss_watchkeeper_gargolmar.cpp.o
#17 40.02 [ 94%] Building CXX object src/server/scripts/CMakeFiles/scripts.dir/Outland/HellfireCitadel/MagtheridonsLair/instance_magtheridons_lair.cpp.o
#17 40.02 [ 94%] Building CXX object src/server/scripts/CMakeFiles/scripts.dir/Outland/HellfireCitadel/MagtheridonsLair/boss_magtheridon.cpp.o
#17 40.02 [ 94%] Building CXX object src/server/scripts/CMakeFiles/scripts.dir/Outland/HellfireCitadel/ShatteredHalls/boss_nethekurse.cpp.o
#17 40.03 [ 94%] Building CXX object src/server/scripts/CMakeFiles/scripts.dir/Outland/HellfireCitadel/ShatteredHalls/boss_porung.cpp.o
#17 40.03 [ 94%] Building CXX object src/server/scripts/CMakeFiles/scripts.dir/Outland/HellfireCitadel/HellfireRamparts/instance_hellfire_ramparts.cpp.o
#17 40.04 [ 94%] Building CXX object src/server/scripts/CMakeFiles/scripts.dir/Outland/HellfireCitadel/ShatteredHalls/instance_shattered_halls.cpp.o
#17 40.04 [ 94%] Building CXX object src/server/scripts/CMakeFiles/scripts.dir/Outland/HellfireCitadel/ShatteredHalls/boss_warbringer_omrogg.cpp.o
#17 40.04 [ 95%] Building CXX object src/server/scripts/CMakeFiles/scripts.dir/Outland/TempestKeep/Eye/boss_alar.cpp.o
#17 40.04 [ 95%] Building CXX object src/server/scripts/CMakeFiles/scripts.dir/Outland/HellfireCitadel/ShatteredHalls/boss_warchief_kargath_bladefist.cpp.o
#17 40.05 [ 95%] Building CXX object src/server/scripts/CMakeFiles/scripts.dir/Outland/TempestKeep/Eye/boss_astromancer.cpp.o
#17 40.06 [ 95%] Building CXX object src/server/scripts/CMakeFiles/scripts.dir/Outland/TempestKeep/Eye/boss_kaelthas.cpp.o
#17 40.06 [ 95%] Building CXX object src/server/scripts/CMakeFiles/scripts.dir/Outland/TempestKeep/Eye/instance_the_eye.cpp.o
#17 40.07 [ 95%] Building CXX object src/server/scripts/CMakeFiles/scripts.dir/Outland/TempestKeep/Mechanar/boss_gatewatcher_gyrokill.cpp.o
#17 40.07 [ 95%] Building CXX object src/server/scripts/CMakeFiles/scripts.dir/Outland/TempestKeep/Mechanar/boss_gatewatcher_ironhand.cpp.o
#17 40.07 [ 95%] Building CXX object src/server/scripts/CMakeFiles/scripts.dir/Outland/TempestKeep/Eye/boss_void_reaver.cpp.o
#17 40.07 [ 95%] Building CXX object src/server/scripts/CMakeFiles/scripts.dir/Outland/TempestKeep/Mechanar/boss_mechano_lord_capacitus.cpp.o
#17 40.09 [ 95%] Building CXX object src/server/scripts/CMakeFiles/scripts.dir/Outland/TempestKeep/Mechanar/boss_pathaleon_the_calculator.cpp.o
#17 40.09 [ 95%] Building CXX object src/server/scripts/CMakeFiles/scripts.dir/Outland/TempestKeep/Mechanar/boss_nethermancer_sepethrea.cpp.o
#17 40.09 [ 96%] Building CXX object src/server/scripts/CMakeFiles/scripts.dir/Outland/TempestKeep/arcatraz/boss_harbinger_skyriss.cpp.o
#17 40.10 [ 96%] Building CXX object src/server/scripts/CMakeFiles/scripts.dir/Outland/TempestKeep/Mechanar/instance_mechanar.cpp.o
#17 40.10 [ 96%] Building CXX object src/server/scripts/CMakeFiles/scripts.dir/Outland/TempestKeep/arcatraz/arcatraz.cpp.o
#17 40.10 [ 96%] Building CXX object src/server/scripts/CMakeFiles/scripts.dir/Outland/TempestKeep/arcatraz/boss_dalliah_the_doomsayer.cpp.o
#17 40.10 [ 96%] Building CXX object src/server/scripts/CMakeFiles/scripts.dir/Outland/TempestKeep/arcatraz/boss_wrath_scryer_soccothrates.cpp.o
#17 40.11 [ 96%] Building CXX object src/server/scripts/CMakeFiles/scripts.dir/Outland/TempestKeep/arcatraz/instance_arcatraz.cpp.o
#17 40.12 [ 96%] Building CXX object src/server/scripts/CMakeFiles/scripts.dir/Outland/TempestKeep/arcatraz/boss_zereketh_the_unbound.cpp.o
#17 40.13 [ 96%] Building CXX object src/server/scripts/CMakeFiles/scripts.dir/Outland/TempestKeep/botanica/boss_high_botanist_freywinn.cpp.o
#17 40.13 [ 96%] Building CXX object src/server/scripts/CMakeFiles/scripts.dir/Outland/TempestKeep/botanica/boss_commander_sarannis.cpp.o
#17 40.14 [ 96%] Building CXX object src/server/scripts/CMakeFiles/scripts.dir/Outland/TempestKeep/botanica/boss_laj.cpp.o
#17 40.15 [ 96%] Building CXX object src/server/scripts/CMakeFiles/scripts.dir/Outland/TempestKeep/botanica/boss_warp_splinter.cpp.o
#17 40.15 [ 96%] Building CXX object src/server/scripts/CMakeFiles/scripts.dir/Pet/pet_dk.cpp.o
#17 40.15 [ 96%] Building CXX object src/server/scripts/CMakeFiles/scripts.dir/Outland/TempestKeep/botanica/boss_thorngrin_the_tender.cpp.o
#17 40.15 [ 96%] Building CXX object src/server/scripts/CMakeFiles/scripts.dir/Pet/pet_generic.cpp.o
#17 40.15 [ 96%] Building CXX object src/server/scripts/CMakeFiles/scripts.dir/Outland/TempestKeep/botanica/instance_the_botanica.cpp.o
#17 40.16 [ 96%] Building CXX object src/server/scripts/CMakeFiles/scripts.dir/Pet/pet_hunter.cpp.o
#17 40.16 [ 97%] Building CXX object src/server/scripts/CMakeFiles/scripts.dir/Pet/pet_priest.cpp.o
#17 40.17 [ 97%] Building CXX object src/server/scripts/CMakeFiles/scripts.dir/Pet/pet_shaman.cpp.o
#17 40.17 [ 97%] Building CXX object src/server/scripts/CMakeFiles/scripts.dir/Pet/pet_mage.cpp.o
#17 40.18 [ 97%] Building CXX object src/server/scripts/CMakeFiles/scripts.dir/Pet/pets_script_loader.cpp.o
#17 40.19 [ 97%] Building CXX object src/server/scripts/CMakeFiles/scripts.dir/Spells/spell_dk.cpp.o
#17 40.19 [ 97%] Building CXX object src/server/scripts/CMakeFiles/scripts.dir/Spells/spell_druid.cpp.o
#17 40.19 [ 97%] Building CXX object src/server/scripts/CMakeFiles/scripts.dir/Spells/spell_generic.cpp.o
#17 40.19 [ 97%] Building CXX object src/server/scripts/CMakeFiles/scripts.dir/Spells/spell_item.cpp.o
#17 40.20 [ 97%] Building CXX object src/server/scripts/CMakeFiles/scripts.dir/Spells/spell_hunter.cpp.o
#17 40.21 [ 97%] Building CXX object src/server/scripts/CMakeFiles/scripts.dir/Spells/spell_mage.cpp.o
#17 40.21 [ 97%] Building CXX object src/server/scripts/CMakeFiles/scripts.dir/Spells/spell_quest.cpp.o
#17 40.21 [ 97%] Building CXX object src/server/scripts/CMakeFiles/scripts.dir/Spells/spell_paladin.cpp.o
#17 40.21 [ 97%] Building CXX object src/server/scripts/CMakeFiles/scripts.dir/Spells/spell_priest.cpp.o
#17 40.22 [ 97%] Building CXX object src/server/scripts/CMakeFiles/scripts.dir/Spells/spell_rogue.cpp.o
#17 40.23 [ 98%] Building CXX object src/server/scripts/CMakeFiles/scripts.dir/Spells/spell_shaman.cpp.o
#17 40.23 [ 98%] Building CXX object src/server/scripts/CMakeFiles/scripts.dir/Spells/spell_warlock.cpp.o
#17 40.24 [ 98%] Building CXX object src/server/scripts/CMakeFiles/scripts.dir/Spells/spell_warrior.cpp.o
#17 40.24 [ 98%] Building CXX object src/server/scripts/CMakeFiles/scripts.dir/Spells/spells_script_loader.cpp.o
#17 40.24 [ 98%] Building CXX object src/server/scripts/CMakeFiles/scripts.dir/World/achievement_scripts.cpp.o
#17 40.24 [ 98%] Building CXX object src/server/scripts/CMakeFiles/scripts.dir/World/action_ip_logger.cpp.o
#17 40.27 [ 98%] Building CXX object src/server/scripts/CMakeFiles/scripts.dir/World/boss_emerald_dragons.cpp.o
#17 40.27 [ 98%] Building CXX object src/server/scripts/CMakeFiles/scripts.dir/World/areatrigger_scripts.cpp.o
#17 40.27 [ 98%] Building CXX object src/server/scripts/CMakeFiles/scripts.dir/World/guards.cpp.o
#17 40.27 [ 98%] Building CXX object src/server/scripts/CMakeFiles/scripts.dir/World/go_scripts.cpp.o
#17 40.28 [ 98%] Building CXX object src/server/scripts/CMakeFiles/scripts.dir/World/item_scripts.cpp.o
#17 40.28 [ 98%] Building CXX object src/server/scripts/CMakeFiles/scripts.dir/World/mob_generic_creature.cpp.o
#17 40.29 [ 98%] Building CXX object src/server/scripts/CMakeFiles/scripts.dir/World/chat_log.cpp.o
#17 40.29 [ 99%] Building CXX object src/server/scripts/CMakeFiles/scripts.dir/World/npc_innkeeper.cpp.o
#17 40.33 [ 99%] Building CXX object src/server/scripts/CMakeFiles/scripts.dir/World/npc_taxi.cpp.o
#17 40.33 [ 99%] Building CXX object src/server/scripts/CMakeFiles/scripts.dir/World/npcs_special.cpp.o
#17 40.33 [ 99%] Building CXX object src/server/scripts/CMakeFiles/scripts.dir/World/npc_stave_of_ancients.cpp.o
#17 40.34 [ 99%] Building CXX object src/server/scripts/CMakeFiles/scripts.dir/World/transport_zeppelins.cpp.o
#17 40.34 [ 99%] Building CXX object src/server/scripts/CMakeFiles/scripts.dir/World/scourge_invasion.cpp.o
#17 40.34 [ 99%] Building CXX object src/server/scripts/CMakeFiles/scripts.dir/World/npc_professions.cpp.o
#17 40.34 [ 99%] Building CXX object src/server/scripts/CMakeFiles/scripts.dir/World/server_mail.cpp.o
#17 40.34 [ 99%] Building CXX object src/server/scripts/CMakeFiles/scripts.dir/World/player_scripts.cpp.o
#17 40.35 [ 99%] Building CXX object src/server/scripts/CMakeFiles/scripts.dir/World/suns_reach_reclamation.cpp.o
#17 40.35 [ 99%] Building CXX object src/server/scripts/CMakeFiles/scripts.dir/World/world_script_loader.cpp.o
#17 40.44 [ 99%] Linking CXX static library libscripts.a
#17 43.73 [ 99%] Built target game
#17 47.90 [ 99%] Built target scripts
#17 47.92 [ 99%] Building CXX object src/server/apps/CMakeFiles/worldserver.dir/cmake_pch.hxx.pch
#17 47.92 [ 99%] Building CXX object src/tools/CMakeFiles/dbimport.dir/dbimport/Main.cpp.o
#17 47.95 [ 99%] Linking CXX executable dbimport
#17 48.01 [ 99%] Building CXX object src/server/apps/CMakeFiles/worldserver.dir/worldserver/ACSoap/ACSoap.cpp.o
#17 48.01 [ 99%] Building CXX object src/server/apps/CMakeFiles/worldserver.dir/worldserver/Main.cpp.o
#17 48.01 [ 99%] Building CXX object src/server/apps/CMakeFiles/worldserver.dir/worldserver/RemoteAccess/RASession.cpp.o
#17 48.01 [ 99%] Building CXX object src/server/apps/CMakeFiles/worldserver.dir/worldserver/CommandLine/CliRunnable.cpp.o
#17 48.08 [100%] Linking CXX executable worldserver
#17 48.31 [100%] Built target dbimport
#17 55.17 [100%] Built target worldserver
#17 55.20 -- Installing: /azerothcore/env/dist/lib/liblua52.a
#17 55.20 -- Installing: /azerothcore/env/dist/include/lapi.h
#17 55.20 -- Installing: /azerothcore/env/dist/include/lauxlib.h
#17 55.20 -- Installing: /azerothcore/env/dist/include/lcode.h
#17 55.20 -- Installing: /azerothcore/env/dist/include/lctype.h
#17 55.20 -- Installing: /azerothcore/env/dist/include/ldebug.h
#17 55.20 -- Installing: /azerothcore/env/dist/include/ldo.h
#17 55.20 -- Installing: /azerothcore/env/dist/include/lfunc.h
#17 55.20 -- Installing: /azerothcore/env/dist/include/lgc.h
#17 55.20 -- Installing: /azerothcore/env/dist/include/llex.h
#17 55.20 -- Installing: /azerothcore/env/dist/include/llimits.h
#17 55.20 -- Installing: /azerothcore/env/dist/include/lmem.h
#17 55.20 -- Installing: /azerothcore/env/dist/include/lobject.h
#17 55.20 -- Installing: /azerothcore/env/dist/include/lopcodes.h
#17 55.20 -- Installing: /azerothcore/env/dist/include/lparser.h
#17 55.20 -- Installing: /azerothcore/env/dist/include/lstate.h
#17 55.20 -- Installing: /azerothcore/env/dist/include/lstring.h
#17 55.20 -- Installing: /azerothcore/env/dist/include/ltable.h
#17 55.20 -- Installing: /azerothcore/env/dist/include/ltm.h
#17 55.20 -- Installing: /azerothcore/env/dist/include/lua.h
#17 55.20 -- Installing: /azerothcore/env/dist/include/luaconf.h
#17 55.20 -- Installing: /azerothcore/env/dist/include/lualib.h
#17 55.20 -- Installing: /azerothcore/env/dist/include/lundump.h
#17 55.20 -- Installing: /azerothcore/env/dist/include/lvm.h
#17 55.20 -- Installing: /azerothcore/env/dist/include/lzio.h
#17 55.20 -- Installing: /azerothcore/env/dist/include/lua.hpp
#17 55.20 -- Installing: /azerothcore/env/dist/bin/lua52_interpreter
#17 55.21 -- Set runtime path of "/azerothcore/env/dist/bin/lua52_interpreter" to "/azerothcore/env/dist/lib"
#17 55.21 -- Installing: /azerothcore/env/dist/bin/lua52_compiler
#17 55.21 -- Set runtime path of "/azerothcore/env/dist/bin/lua52_compiler" to "/azerothcore/env/dist/lib"
#17 55.21 -- Installing: /azerothcore/env/dist/etc/authserver.conf.dist
#17 55.21 -- Installing: /azerothcore/env/dist/bin/authserver
#17 55.21 -- Set runtime path of "/azerothcore/env/dist/bin/authserver" to "/azerothcore/env/dist/lib"
#17 55.21 -- Installing: /azerothcore/env/dist/etc/worldserver.conf.dist
#17 55.21 -- Installing: /azerothcore/env/dist/bin/worldserver
#17 55.22 -- Set runtime path of "/azerothcore/env/dist/bin/worldserver" to "/azerothcore/env/dist/lib"
#17 55.22 -- Installing: /azerothcore/env/dist/etc/dbimport.conf.dist
#17 55.22 -- Installing: /azerothcore/env/dist/bin/dbimport
#17 55.22 -- Set runtime path of "/azerothcore/env/dist/bin/dbimport" to "/azerothcore/env/dist/lib"
#17 55.22 -- Installing: /azerothcore/env/dist/bin/map_extractor
#17 55.22 -- Set runtime path of "/azerothcore/env/dist/bin/map_extractor" to "/azerothcore/env/dist/lib"
#17 55.22 -- Installing: /azerothcore/env/dist/bin/mmaps_generator
#17 55.22 -- Set runtime path of "/azerothcore/env/dist/bin/mmaps_generator" to "/azerothcore/env/dist/lib"
#17 55.22 -- Installing: /azerothcore/env/dist/bin/mmaps-config.yaml
#17 55.22 -- Installing: /azerothcore/env/dist/bin/vmap4_assembler
#17 55.22 -- Set runtime path of "/azerothcore/env/dist/bin/vmap4_assembler" to "/azerothcore/env/dist/lib"
#17 55.22 -- Installing: /azerothcore/env/dist/bin/vmap4_extractor
#17 55.22 -- Set runtime path of "/azerothcore/env/dist/bin/vmap4_extractor" to "/azerothcore/env/dist/lib"
#17 55.22 -- Installing: /azerothcore/env/dist/etc/modules/dungeonrespawn.conf.dist
#17 55.22 -- Installing: /azerothcore/env/dist/etc/modules/RaidTeleporter.conf.dist
#17 55.22 -- Installing: /azerothcore/env/dist/etc/modules/reusablepotion.conf.dist
#17 55.22 -- Installing: /azerothcore/env/dist/etc/modules/mod_accountbound.conf.dist
#17 55.22 -- Installing: /azerothcore/env/dist/etc/modules/mod_ahbot.conf.dist
#17 55.22 -- Installing: /azerothcore/env/dist/etc/modules/mod_ale.conf.dist
#17 55.22 -- Installing: /azerothcore/env/dist/etc/modules/mod_aoe_loot.conf.dist
#17 55.22 -- Installing: /azerothcore/env/dist/etc/modules/AutoBalance.conf.dist
#17 55.22 -- Installing: /azerothcore/env/dist/etc/modules/mod_autofish.conf.dist
#17 55.22 -- Installing: /azerothcore/env/dist/etc/modules/individualProgression.conf.dist
#17 55.22 -- Installing: /azerothcore/env/dist/etc/modules/mod-profession-experience.conf.dist
#17 55.22 -- Installing: /azerothcore/env/dist/etc/modules/RacialTraitSwap.conf.dist
#17 55.22 -- Installing: /azerothcore/env/dist/etc/modules/reagent_bank_account.conf.dist
#17 55.22 -- Installing: /azerothcore/env/dist/etc/modules/SoloLfg.conf.dist
#17 55.22 -- Installing: /azerothcore/env/dist/etc/modules/mod_starterguild.conf.dist
#17 55.22 -- Installing: /azerothcore/env/dist/etc/modules/mod_worgoblin.conf.dist
#17 55.22 -- Installing: /azerothcore/env/dist/bin/lua_scripts//extensions
#17 55.22 -- Installing: /azerothcore/env/dist/bin/lua_scripts//extensions/ObjectVariables.ext
#17 55.22 -- Installing: /azerothcore/env/dist/bin/lua_scripts//extensions/StackTracePlus
#17 55.22 -- Installing: /azerothcore/env/dist/bin/lua_scripts//extensions/StackTracePlus/LICENSE
#17 55.22 -- Installing: /azerothcore/env/dist/bin/lua_scripts//extensions/StackTracePlus/README.md
#17 55.23 -- Installing: /azerothcore/env/dist/bin/lua_scripts//extensions/StackTracePlus/StackTracePlus.ext
#17 55.23 -- Installing: /azerothcore/env/dist/bin/lua_scripts//extensions/_Misc.ext
#17 DONE 55.4s

#18 [runtime 3/4] RUN groupadd --gid "1000"  "acore" &&     useradd -d /azerothcore --uid "1000"  --gid "1000"  "acore" &&     passwd -d "acore" &&     chown -R "acore:acore" /azerothcore
#18 CACHED

#19 [tools 2/6] RUN mkdir -pv /azerothcore/env/dist/Cameras               /azerothcore/env/dist/dbc                   /azerothcore/env/dist/maps                  /azerothcore/env/dist/mmaps                 /azerothcore/env/dist/vmaps
#19 CACHED

#20 [tools 3/6] COPY --chown=acore:acore --from=build   /azerothcore/env/dist/bin/map_extractor /azerothcore/env/dist/bin/map_extractor
#20 CACHED

#21 [tools 5/6] COPY --chown=acore:acore --from=build   /azerothcore/env/dist/bin/vmap4_assembler /azerothcore/env/dist/bin/vmap4_assembler
#21 CACHED

#22 [runtime 1/4] RUN apt-get update &&     apt-get install -y --no-install-recommends       libmysqlclient21 libreadline8       gettext-base default-mysql-client &&     rm -rf /var/lib/apt/lists/*
#22 CACHED

#23 [tools 1/6] WORKDIR /azerothcore/env/dist/
#23 CACHED

#24 [runtime 2/4] COPY --from=build /azerothcore/env/dist/etc/ /azerothcore/env/ref/etc
#24 CACHED

#25 [runtime 4/4] COPY --chown=1000:1000      --chmod=755      apps/docker/entrypoint.sh /azerothcore/entrypoint.sh
#25 CACHED

#26 [tools 4/6] COPY --chown=acore:acore --from=build   /azerothcore/env/dist/bin/mmaps_generator /azerothcore/env/dist/bin/mmaps_generator
#26 CACHED

#27 [tools 6/6] COPY --chown=acore:acore --from=build   /azerothcore/env/dist/bin/vmap4_extractor /azerothcore/env/dist/bin/vmap4_extractor
#27 CACHED

#28 exporting to image
#28 exporting layers done
#28 writing image sha256:58944671941810f62d1fc6c4468f22da6ef4fe73c1a91cb456364575839c557f done
#28 naming to docker.io/acore/ac-wotlk-tools:master done
#28 DONE 0.0s

#29 resolving provenance for metadata file
#29 DONE 0.1s
 acore/ac-wotlk-tools:master  Built
